card_id,name,set_code,supertype,subtypes,hp,types,evolves_from,retreat_cost,weaknesses,rarity,attacks_json,abilities_json,flavor_text
base1-1,Alakazam,base1,Pokémon,Stage 2,80,Psychic,Kadabra,Colorless|Colorless|Colorless,Psychic,Rare Holo,"[{""name"": ""Confuse Ray"", ""cost"": [""Psychic"", ""Psychic"", ""Psychic""], ""damage"": ""30"", ""text"": ""Flip a coin. If heads, the Defending Pokémon is now Confused.""}]","[{""name"": ""Damage Swap"", ""type"": ""Pokémon Power"", ""text"": ""As often as you like during your turn (before your attack), you may move 1 damage counter from 1 of your Pokémon to another as long as you don't Knock Out that Pokémon. This power can't be used if Alakazam is Asleep, Confused, or Paralyzed.""}]",Its brain can outperform a supercomputer. Its intelligence quotient is said to be 5000.
base1-2,Blastoise,base1,Pokémon,Stage 2,100,Water,Wartortle,Colorless|Colorless|Colorless,Lightning,Rare Holo,"[{""name"": ""Hydro Pump"", ""cost"": [""Water"", ""Water"", ""Water""], ""damage"": ""40+"", ""text"": ""Does 40 damage plus 10 more damage for each Water Energy attached to Blastoise but not used to pay for this attack's Energy cost. Extra Water Energy after the 2nd doesn't count.""}]","[{""name"": ""Rain Dance"", ""type"": ""Pokémon Power"", ""text"": ""As often as you like during your turn (before your attack), you may attach 1 Water Energy card to 1 of your Water Pokémon. (This doesn't use up your 1 Energy card attachment for the turn.) This power can't be used if Blastoise is Asleep, Confused, or Paralyzed.""}]",A brutal Pokémon with pressurized water jets on its shell. They are used for high-speed tackles.
base1-3,Chansey,base1,Pokémon,Basic,120,Colorless,,Colorless,Fighting,Rare Holo,"[{""name"": ""Scrunch"", ""cost"": [""Colorless"", ""Colorless""], ""damage"": """", ""text"": ""Flip a coin. If heads, prevent all damage done to Chansey during your opponent's next turn. (Any other effects of attacks still happen.)""}, {""name"": ""Double-edge"", ""cost"": [""Colorless"", ""Colorless"", ""Colorless"", ""Colorless""], ""damage"": ""80"", ""text"": ""Chansey does 80 damage to itself.""}]",[],A rare and elusive Pokémon that is said to bring happiness to those who manage to catch it.
base1-4,Charizard,base1,Pokémon,Stage 2,120,Fire,Charmeleon,Colorless|Colorless|Colorless,Water,Rare Holo,"[{""name"": ""Fire Spin"", ""cost"": [""Fire"", ""Fire"", ""Fire"", ""Fire""], ""damage"": ""100"", ""text"": ""Discard 2 Energy cards attached to Charizard in order to use this attack.""}]","[{""name"": ""Energy Burn"", ""type"": ""Pokémon Power"", ""text"": ""As often as you like during your turn (before your attack), you may turn all Energy attached to Charizard into Fire Energy for the rest of the turn. This power can't be used if Charizard is Asleep, Confused, or Paralyzed.""}]",Spits fire that is hot enough to melt boulders. Known to unintentionally cause forest fires.
base1-5,Clefairy,base1,Pokémon,Basic,40,Colorless,,Colorless,Fighting,Rare Holo,"[{""name"": ""Sing"", ""cost"": [""Colorless""], ""damage"": """", ""text"": ""Flip a coin. If heads, the Defending Pokémon is now Asleep.""}, {""name"": ""Metronome"", ""cost"": [""Colorless"", ""Colorless"", ""Colorless""], ""damage"": """", ""text"": ""Choose 1 of the Defending Pokémon's attacks. Metronome copies that attack except for its Energy costs and anything else required in order to use that attack, such as discarding Energy cards. (No matter what type the Defending Pokémon is, Clefairy's type is still Colorless.)""}]",[],Its magical and cute appeal has many admirers. It is rare and found only in certain areas.
base1-6,Gyarados,base1,Pokémon,Stage 1,100,Water,Magikarp,Colorless|Colorless|Colorless,Grass,Rare Holo,"[{""name"": ""Dragon Rage"", ""cost"": [""Water"", ""Water"", ""Water""], ""damage"": ""50"", ""text"": """"}, {""name"": ""Bubblebeam"", ""cost"": [""Water"", ""Water"", ""Water"", ""Water""], ""damage"": ""40"", ""text"": ""Flip a coin. If heads, the Defending Pokémon is now Paralyzed.""}]",[],"Rarely seen in the wild. Huge and vicious, it is capable of destroying entire cities in a rage."
base1-7,Hitmonchan,base1,Pokémon,Basic,70,Fighting,,Colorless|Colorless,Psychic,Rare Holo,"[{""name"": ""Jab"", ""cost"": [""Fighting""], ""damage"": ""20"", ""text"": """"}, {""name"": ""Special Punch"", ""cost"": [""Fighting"", ""Fighting"", ""Colorless""], ""damage"": ""40"", ""text"": """"}]",[],"While seeming to do nothing, it fires punches in lightning-fast volleys that are impossible to see."
base1-8,Machamp,base1,Pokémon,Stage 2,100,Fighting,Machoke,Colorless|Colorless|Colorless,Psychic,Rare Holo,"[{""name"": ""Seismic Toss"", ""cost"": [""Fighting"", ""Fighting"", ""Fighting"", ""Colorless""], ""damage"": ""60"", ""text"": """"}]","[{""name"": ""Strikes Back"", ""type"": ""Pokémon Power"", ""text"": ""Whenever your opponent's attack damages Machamp (even if Machamp is Knocked Out), this power does 10 damage to the attacking Pokémon. (Don't apply Weakness and Resistance.) This power can't be used if Machamp is Asleep, Confused, or Paralyzed when your opponent attacks.""}]","Using its amazing muscles, it throws powerful punches that can knock its victim clear over the horizon."
base1-9,Magneton,base1,Pokémon,Stage 1,60,Lightning,Magnemite,Colorless,Fighting,Rare Holo,"[{""name"": ""Thunder Wave"", ""cost"": [""Lightning"", ""Lightning"", ""Colorless""], ""damage"": ""30"", ""text"": ""Flip a coin. If heads, the Defending Pokémon is now Paralyzed.""}, {""name"": ""Selfdestruct"", ""cost"": [""Lightning"", ""Lightning"", ""Colorless"", ""Colorless""], ""damage"": ""80"", ""text"": ""Does 20 damage to each Pokémon on each player's Bench. (Don't apply Weakness and Resistance for Benched Pokémon.) Magneton does 80 damage to itself.""}]",[],Formed by several Magnemites linked together. It frequently appears when sunspots flare up.
base1-10,Mewtwo,base1,Pokémon,Basic,60,Psychic,,Colorless|Colorless|Colorless,Psychic,Rare Holo,"[{""name"": ""Psychic"", ""cost"": [""Psychic"", ""Colorless""], ""damage"": ""10+"", ""text"": ""Does 10 damage plus 10 more damage for each Energy card attached to the Defending Pokémon.""}, {""name"": ""Barrier"", ""cost"": [""Psychic"", ""Psychic""], ""damage"": """", ""text"": ""Discard 1 Psychic Energy card attached to Mewtwo in order to prevent all effects of attacks, including damage, done to Mewtwo during your opponent's next turn.""}]",[],A scientist created this Pokémon after years of horrific gene-splicing and DNA engineering experiments.
base1-11,Nidoking,base1,Pokémon,Stage 2,90,Grass,Nidorino,Colorless|Colorless|Colorless,Psychic,Rare Holo,"[{""name"": ""Thrash"", ""cost"": [""Grass"", ""Colorless"", ""Colorless""], ""damage"": ""30+"", ""text"": ""Flip a coin. If heads, this attack does 30 damage plus 10 more damage; if tails, this attack does 30 damage and Nidoking does 10 damage to itself.""}, {""name"": ""Toxic"", ""cost"": [""Grass"", ""Grass"", ""Grass""], ""damage"": ""20"", ""text"": ""The Defending Pokémon is now Poisoned. It now takes 20 Poison damage instead of 10 after each player's turn (even if it was already Poisoned).""}]",[],"Uses its powerful tail in battle to smash, constrict, then break its prey's bones."
base1-12,Ninetales,base1,Pokémon,Stage 1,80,Fire,Vulpix,Colorless,Water,Rare Holo,"[{""name"": ""Lure"", ""cost"": [""Colorless"", ""Colorless""], ""damage"": """", ""text"": ""If your opponent has any Benched Pokémon, choose 1 of them and switch it with his or her Active Pokémon.""}, {""name"": ""Fire Blast"", ""cost"": [""Fire"", ""Fire"", ""Fire"", ""Fire""], ""damage"": ""80"", ""text"": ""Discard 1 Fire Energy card attached to Ninetales in order to use this attack.""}]",[],"Very smart and very vengeful. Grabbing one of its many tails could result in a 1,000-year curse."
base1-13,Poliwrath,base1,Pokémon,Stage 2,90,Water,Poliwhirl,Colorless|Colorless|Colorless,Grass,Rare Holo,"[{""name"": ""Water Gun"", ""cost"": [""Water"", ""Water"", ""Colorless""], ""damage"": ""30+"", ""text"": ""Does 30 damage plus 10 more damage for each Water Energy attached to Poliwrath but not used to pay for this attack's Energy cost. Extra Water Energy after the 2nd doesn't count.""}, {""name"": ""Whirlpool"", ""cost"": [""Water"", ""Water"", ""Colorless"", ""Colorless""], ""damage"": ""40"", ""text"": ""If the Defending Pokémon has any Energy cards attached to it, choose 1 of them and discard it.""}]",[],An adept swimmer at both the front crawl and breaststroke. Easily overtakes the best human swimmers.
base1-14,Raichu,base1,Pokémon,Stage 1,80,Lightning,Pikachu,Colorless,Fighting,Rare Holo,"[{""name"": ""Agility"", ""cost"": [""Lightning"", ""Colorless"", ""Colorless""], ""damage"": ""20"", ""text"": ""Flip a coin. If heads, during your opponent's next turn, prevent all effects of attacks, including damage, done to Raichu.""}, {""name"": ""Thunder"", ""cost"": [""Lightning"", ""Lightning"", ""Lightning"", ""Colorless""], ""damage"": ""60"", ""text"": ""Flip a coin. If tails, Raichu does 30 damage to itself.""}]",[],Its long tail serves as a ground to protect itself from its own high-voltage power.
base1-15,Venusaur,base1,Pokémon,Stage 2,100,Grass,Ivysaur,Colorless|Colorless,Fire,Rare Holo,"[{""name"": ""Solarbeam"", ""cost"": [""Grass"", ""Grass"", ""Grass"", ""Grass""], ""damage"": ""60"", ""text"": """"}]","[{""name"": ""Energy Trans"", ""type"": ""Pokémon Power"", ""text"": ""As often as you like during your turn (before your attack), you may take 1 Grass Energy card attached to 1 of your Pokémon and attach it to a different one. This power can't be used if Venusaur is Asleep, Confused, or Paralyzed.""}]",This plant blooms when it is absorbing solar energy. It stays on the move to seek sunlight.
base1-16,Zapdos,base1,Pokémon,Basic,90,Lightning,,Colorless|Colorless|Colorless,,Rare Holo,"[{""name"": ""Thunder"", ""cost"": [""Lightning"", ""Lightning"", ""Lightning"", ""Colorless""], ""damage"": ""60"", ""text"": ""Flip a coin. If tails, Zapdos does 30 damage to itself.""}, {""name"": ""Thunderbolt"", ""cost"": [""Lightning"", ""Lightning"", ""Lightning"", ""Lightning""], ""damage"": ""100"", ""text"": ""Discard all Energy cards attached to Zapdos in order to use this attack.""}]",[],A legendary bird Pokémon said to appear from clouds while wielding enormous lightning bolts.
base1-17,Beedrill,base1,Pokémon,Stage 2,80,Grass,Kakuna,,Fire,Rare,"[{""name"": ""Twineedle"", ""cost"": [""Colorless"", ""Colorless"", ""Colorless""], ""damage"": ""30×"", ""text"": ""Flip 2 coins. This attack does 30 damage times the number of heads.""}, {""name"": ""Poison Sting"", ""cost"": [""Grass"", ""Grass"", ""Grass""], ""damage"": ""40"", ""text"": ""Flip a coin. If heads, the Defending Pokémon is now Poisoned.""}]",[],"Flies at high speed and attacks using the large, venomous stingers on its forelegs and tail."
base1-18,Dragonair,base1,Pokémon,Stage 1,80,Colorless,Dratini,Colorless|Colorless,,Rare,"[{""name"": ""Slam"", ""cost"": [""Colorless"", ""Colorless"", ""Colorless""], ""damage"": ""30×"", ""text"": ""Flip 2 coins. This attack does 30 damage times the number of heads.""}, {""name"": ""Hyper Beam"", ""cost"": [""Colorless"", ""Colorless"", ""Colorless"", ""Colorless""], ""damage"": ""20"", ""text"": ""If the Defending Pokémon has any Energy cards attached to it, choose 1 of them and discard it.""}]",[],A mystical Pokémon that exudes a gentle aura. Has the ability to change climate conditions.
base1-19,Dugtrio,base1,Pokémon,Stage 1,70,Fighting,Diglett,Colorless|Colorless,Grass,Rare,"[{""name"": ""Slash"", ""cost"": [""Fighting"", ""Fighting"", ""Colorless""], ""damage"": ""40"", ""text"": """"}, {""name"": ""Earthquake"", ""cost"": [""Fighting"", ""Fighting"", ""Fighting"", ""Fighting""], ""damage"": ""70"", ""text"": ""Does 10 damage to each of your own Benched Pokémon. (Don't apply Weakness and Resistance for Benched Pokémon.)""}]",[],A team of Diglett triplets. It triggers huge earthquakes by burrowing 60 miles underground.
base1-20,Electabuzz,base1,Pokémon,Basic,70,Lightning,,Colorless|Colorless,Fighting,Rare,"[{""name"": ""Thundershock"", ""cost"": [""Lightning""], ""damage"": ""10"", ""text"": ""Flip a coin. If heads, the Defending Pokémon is now Paralyzed.""}, {""name"": ""Thunderpunch"", ""cost"": [""Lightning"", ""Colorless""], ""damage"": ""30+"", ""text"": ""Flip a coin. If heads, this attack does 30 damage plus 10 more damage; if tails, this attack does 30 damage plus Electabuzz does 10 damage to itself.""}]",[],"Normally found near power plants, it can wander away and cause major blackouts in cities."
base1-21,Electrode,base1,Pokémon,Stage 1,80,Lightning,Voltorb,Colorless,Fighting,Rare,"[{""name"": ""Electric Shock"", ""cost"": [""Lightning"", ""Lightning"", ""Lightning""], ""damage"": ""50"", ""text"": ""Flip a coin. If tails, Electrode does 10 damage to itself.""}]","[{""name"": ""Buzzap"", ""type"": ""Pokémon Power"", ""text"": ""At any time during your turn (before your attack), you may Knock Out Electrode and attach it to 1 of your other Pokémon. If you do, choose a type of Energy. Electrode is now an Energy card (instead of a Pokémon) that provides 2 energy of that type. You can't use this power if Electrode is Asleep, Confused, or Paralyzed.""}]",It stores electrical energy under very high pressure. It often explodes with little or no provocation.
base1-22,Pidgeotto,base1,Pokémon,Stage 1,60,Colorless,Pidgey,Colorless,Lightning,Rare,"[{""name"": ""Whirlwind"", ""cost"": [""Colorless"", ""Colorless""], ""damage"": ""20"", ""text"": ""If your opponent has any Benched Pokémon, he or she chooses 1 of them and switches it with the Defending Pokémon. (Do the damage before switching the Pokémon.)""}, {""name"": ""Mirror Move"", ""cost"": [""Colorless"", ""Colorless"", ""Colorless""], ""damage"": """", ""text"": ""If Pidgeotto was attacked last turn, do the final result of that attack on Pidgeotto to the Defending Pokémon.""}]",[],"Very protective of its sprawling territory, this Pokémon will fiercely peck at any intruder."
base1-23,Arcanine,base1,Pokémon,Stage 1,100,Fire,Growlithe,Colorless|Colorless|Colorless,Water,Uncommon,"[{""name"": ""Flamethrower"", ""cost"": [""Fire"", ""Fire"", ""Colorless""], ""damage"": ""50"", ""text"": ""Discard 1 Fire Energy card attached to Arcanine in order to use this attack.""}, {""name"": ""Take Down"", ""cost"": [""Fire"", ""Fire"", ""Colorless"", ""Colorless""], ""damage"": ""80"", ""text"": ""Arcanine does 30 damage to itself.""}]",[],"A Pokémon that has been long admired for its beauty. It runs gracefully, as if on wings."
base1-24,Charmeleon,base1,Pokémon,Stage 1,80,Fire,Charmander,Colorless,Water,Uncommon,"[{""name"": ""Slash"", ""cost"": [""Colorless"", ""Colorless"", ""Colorless""], ""damage"": ""30"", ""text"": """"}, {""name"": ""Flamethrower"", ""cost"": [""Fire"", ""Fire"", ""Colorless""], ""damage"": ""50"", ""text"": ""Discard 1 Fire Energy card attached to Charmeleon in order to use this attack.""}]",[],"When it swings its burning tail, it raises the temperature to unbearably high levels."
base1-25,Dewgong,base1,Pokémon,Stage 1,80,Water,Seel,Colorless|Colorless|Colorless,Lightning,Uncommon,"[{""name"": ""Aurora Beam"", ""cost"": [""Water"", ""Water"", ""Colorless""], ""damage"": ""50"", ""text"": """"}, {""name"": ""Ice Beam"", ""cost"": [""Water"", ""Water"", ""Colorless"", ""Colorless""], ""damage"": ""30"", ""text"": ""Flip a coin. If heads, the Defending Pokémon is now Paralyzed.""}]",[],Stores thermal energy in its body. Swims at a steady 8 knots even in intensely cold waters.
base1-26,Dratini,base1,Pokémon,Basic,40,Colorless,,Colorless,,Uncommon,"[{""name"": ""Pound"", ""cost"": [""Colorless""], ""damage"": ""10"", ""text"": """"}]",[],"Long considered a mythical Pokémon until recently, when a small colony was found living underwater."
base1-27,Farfetch'd,base1,Pokémon,Basic,50,Colorless,,Colorless,Lightning,Uncommon,"[{""name"": ""Leek Slap"", ""cost"": [""Colorless""], ""damage"": ""30"", ""text"": ""Flip a coin. If tails, this attack does nothing. Either way, you can't use this attack again as long as Farfetch'd stays in play (even putting Farfetch'd on the Bench won't let you use it again).""}, {""name"": ""Pot Smash"", ""cost"": [""Colorless"", ""Colorless"", ""Colorless""], ""damage"": ""30"", ""text"": """"}]",[],The sprig of green onions it holds is its weapon. This sprig is used much like a metal sword.
base1-28,Growlithe,base1,Pokémon,Basic,60,Fire,,Colorless,Water,Uncommon,"[{""name"": ""Flare"", ""cost"": [""Fire"", ""Colorless""], ""damage"": ""20"", ""text"": """"}]",[],Very protective of its territory. It will bark and bite to repel intruders from its space.
base1-29,Haunter,base1,Pokémon,Stage 1,60,Psychic,Gastly,Colorless,,Uncommon,"[{""name"": ""Hypnosis"", ""cost"": [""Psychic""], ""damage"": """", ""text"": ""The Defending Pokémon is now Asleep.""}, {""name"": ""Dream Eater"", ""cost"": [""Psychic"", ""Psychic""], ""damage"": ""50"", ""text"": ""You can't use this attack unless the Defending Pokémon is Asleep.""}]",[],"Because of its ability to slip through block walls, it is said to be from another dimension."
base1-30,Ivysaur,base1,Pokémon,Stage 1,60,Grass,Bulbasaur,Colorless,Fire,Uncommon,"[{""name"": ""Vine Whip"", ""cost"": [""Grass"", ""Colorless"", ""Colorless""], ""damage"": ""30"", ""text"": """"}, {""name"": ""Poisonpowder"", ""cost"": [""Grass"", ""Grass"", ""Grass""], ""damage"": ""20"", ""text"": ""The Defending Pokémon is now Poisoned.""}]",[],"When the bulb on its back grows large, the Pokémon seems to lose the ability to stand on its hind legs."
base1-31,Jynx,base1,Pokémon,Basic,70,Psychic,,Colorless|Colorless,Psychic,Uncommon,"[{""name"": ""Doubleslap"", ""cost"": [""Psychic""], ""damage"": ""10×"", ""text"": ""Flip 2 coins. This attack does 10 damage times the number of heads.""}, {""name"": ""Meditate"", ""cost"": [""Psychic"", ""Psychic"", ""Colorless""], ""damage"": ""20+"", ""text"": ""Does 20 damage plus 10 more damage for each damage counter on the Defending Pokémon.""}]",[],"Merely by meditating, the Pokémon launches a powerful psychic energy attack."
base1-32,Kadabra,base1,Pokémon,Stage 1,60,Psychic,Abra,Colorless|Colorless|Colorless,Psychic,Uncommon,"[{""name"": ""Recover"", ""cost"": [""Psychic"", ""Psychic""], ""damage"": """", ""text"": ""Discard 1 Psychic Energy card attached to Kadabra in order to use this attack. Remove all damage counters from Kadabra.""}, {""name"": ""Super Psy"", ""cost"": [""Psychic"", ""Psychic"", ""Colorless""], ""damage"": ""50"", ""text"": """"}]",[],It emits special alpha waves from its body that induce headaches even to those just nearby.
base1-33,Kakuna,base1,Pokémon,Stage 1,80,Grass,Weedle,Colorless|Colorless,Fire,Uncommon,"[{""name"": ""Stiffen"", ""cost"": [""Colorless"", ""Colorless""], ""damage"": """", ""text"": ""Flip a coin. If heads, prevent all damage done to Kakuna during your opponent's next turn. (Any other effects of attacks still happen.)""}, {""name"": ""Poisonpowder"", ""cost"": [""Grass"", ""Grass""], ""damage"": ""20"", ""text"": ""Flip a coin. If heads, the Defending Pokémon is now Poisoned.""}]",[],"Almost incapable of moving, this Pokémon can only harden its shell to protect itself from predators."
base1-34,Machoke,base1,Pokémon,Stage 1,80,Fighting,Machop,Colorless|Colorless|Colorless,Psychic,Uncommon,"[{""name"": ""Karate Chop"", ""cost"": [""Fighting"", ""Fighting"", ""Colorless""], ""damage"": ""50-"", ""text"": ""Does 50 damage minus 10 damage for each damage counter on Machoke.""}, {""name"": ""Submission"", ""cost"": [""Fighting"", ""Fighting"", ""Colorless"", ""Colorless""], ""damage"": ""60"", ""text"": ""Machoke does 20 damage to itself.""}]",[],Its muscular body is so powerful that it must wear a power-save belt to help regulate its motions.
base1-35,Magikarp,base1,Pokémon,Basic,30,Water,,Colorless,Lightning,Uncommon,"[{""name"": ""Tackle"", ""cost"": [""Colorless""], ""damage"": ""10"", ""text"": """"}, {""name"": ""Flail"", ""cost"": [""Water""], ""damage"": ""10×"", ""text"": ""Does 10 damage times the number of damage counters on Magikarp.""}]",[],"In the distant past, it was stronger than its horribly weak descendants that exist today."
base1-36,Magmar,base1,Pokémon,Basic,50,Fire,,Colorless|Colorless,Water,Uncommon,"[{""name"": ""Fire Punch"", ""cost"": [""Fire"", ""Fire""], ""damage"": ""30"", ""text"": """"}, {""name"": ""Flamethrower"", ""cost"": [""Fire"", ""Fire"", ""Colorless""], ""damage"": ""50"", ""text"": ""Discard 1 Fire Energy card attached to Magmar in order to use this attack.""}]",[],Its body always burns with an orange glow that enables it to hide perfectly among flames.
base1-37,Nidorino,base1,Pokémon,Stage 1,60,Grass,Nidoran ♂,Colorless,Psychic,Uncommon,"[{""name"": ""Double Kick"", ""cost"": [""Grass"", ""Colorless"", ""Colorless""], ""damage"": ""30×"", ""text"": ""Flip 2 coins. This attack does 30 damage times the number of heads.""}, {""name"": ""Horn Drill"", ""cost"": [""Grass"", ""Grass"", ""Colorless"", ""Colorless""], ""damage"": ""50"", ""text"": """"}]",[],An aggressive Pokémon that is quick to attack. The horn on its head secretes a powerful venom.
base1-38,Poliwhirl,base1,Pokémon,Stage 1,60,Water,Poliwag,Colorless,Grass,Uncommon,"[{""name"": ""Amnesia"", ""cost"": [""Water"", ""Water""], ""damage"": """", ""text"": ""Choose 1 of the Defending Pokémon's attacks. That Pokémon can't use that attack during your opponent's next turn.""}, {""name"": ""Doubleslap"", ""cost"": [""Water"", ""Water"", ""Colorless""], ""damage"": ""30×"", ""text"": ""Flip 2 coins. This attack does 30 damage times the number of heads.""}]",[],"Capable of living in or out of water. When out of water, it sweats to keep its body slimy."
base1-39,Porygon,base1,Pokémon,Basic,30,Colorless,,Colorless,Fighting,Uncommon,"[{""name"": ""Conversion 1"", ""cost"": [""Colorless""], ""damage"": """", ""text"": ""If the Defending Pokémon has a Weakness, you may change it to a type of your choice other than Colorless.""}, {""name"": ""Conversion 2"", ""cost"": [""Colorless"", ""Colorless""], ""damage"": """", ""text"": ""Change Porygon's Resistance to a type of your choice other than Colorless.""}]",[],A Pokémon that consists entirely of programming code. Capable of moving freely in cyberspace.
base1-40,Raticate,base1,Pokémon,Stage 1,60,Colorless,Rattata,Colorless,Fighting,Uncommon,"[{""name"": ""Bite"", ""cost"": [""Colorless""], ""damage"": ""20"", ""text"": """"}, {""name"": ""Super Fang"", ""cost"": [""Colorless"", ""Colorless"", ""Colorless""], ""damage"": ""?"", ""text"": ""Does damage to the Defending Pokémon equal to half the Defending Pokémon's remaining HP (rounded up to the nearest 10).""}]",[],It uses its whiskers to maintain its balance. It seems to slow down if they are cut off.
base1-41,Seel,base1,Pokémon,Basic,60,Water,,Colorless,Lightning,Uncommon,"[{""name"": ""Headbutt"", ""cost"": [""Water""], ""damage"": ""10"", ""text"": """"}]",[],The protruding horn on its head is very hard. This horn is used for bashing through thick ice.
base1-42,Wartortle,base1,Pokémon,Stage 1,70,Water,Squirtle,Colorless,Lightning,Uncommon,"[{""name"": ""Withdraw"", ""cost"": [""Water"", ""Colorless""], ""damage"": """", ""text"": ""Flip a coin. If heads, prevent all damage done to Wartortle during your opponent's next turn. (Any other effects of attacks still happen.)""}, {""name"": ""Bite"", ""cost"": [""Water"", ""Colorless"", ""Colorless""], ""damage"": ""40"", ""text"": """"}]",[],"Often hides in water to stalk unweary prey. When swimming quickly, it moves its ears to maintain balance."
base1-43,Abra,base1,Pokémon,Basic,30,Psychic,,,Psychic,Common,"[{""name"": ""Psyshock"", ""cost"": [""Psychic""], ""damage"": ""10"", ""text"": ""Flip a coin. If heads, the Defending Pokémon is now Paralyzed.""}]",[],"Using its ability to read minds, it will identify impending danger and teleport to safety."
base1-44,Bulbasaur,base1,Pokémon,Basic,40,Grass,,Colorless,Fire,Common,"[{""name"": ""Leech Seed"", ""cost"": [""Grass"", ""Grass""], ""damage"": ""20"", ""text"": ""Unless all damage from this attack is prevented, you may remove 1 damage counter from Bulbasaur.""}]",[],"A strange seed was planted on its back at birth. Thus, a plant sprouted and now grows with this Pokémon."
base1-45,Caterpie,base1,Pokémon,Basic,40,Grass,,Colorless,Fire,Common,"[{""name"": ""String Shot"", ""cost"": [""Grass""], ""damage"": ""10"", ""text"": ""Flip a coin. If heads, the Defending Pokémon is now Paralyzed.""}]",[],Its short feet are tipped with suction pads that enable it to tirelessly climb slopes and walls.
base1-46,Charmander,base1,Pokémon,Basic,50,Fire,,Colorless,Water,Common,"[{""name"": ""Scratch"", ""cost"": [""Colorless""], ""damage"": ""10"", ""text"": """"}, {""name"": ""Ember"", ""cost"": [""Fire"", ""Colorless""], ""damage"": ""30"", ""text"": ""Discard 1 Fire Energy card attached to Charmander in order to use this attack.""}]",[],"Obviously prefers hot places. If it gets caught in the rain, steam is said to spout from the tip of its tail."
base1-47,Diglett,base1,Pokémon,Basic,30,Fighting,,,Grass,Common,"[{""name"": ""Dig"", ""cost"": [""Fighting""], ""damage"": ""10"", ""text"": """"}, {""name"": ""Mud Slap"", ""cost"": [""Fighting"", ""Fighting""], ""damage"": ""30"", ""text"": """"}]",[],"Lives about three feet underground, where it feeds on plant roots. It sometimes appears above ground."
base1-48,Doduo,base1,Pokémon,Basic,50,Colorless,,,Lightning,Common,"[{""name"": ""Fury Attack"", ""cost"": [""Colorless""], ""damage"": ""10×"", ""text"": ""Flip 2 coins. This attack does 10 damage times the number of heads.""}]",[],A bird that makes up for its poor flying with its fast foot speed. Leaves giant footprints.
base1-49,Drowzee,base1,Pokémon,Basic,50,Psychic,,Colorless,Psychic,Common,"[{""name"": ""Pound"", ""cost"": [""Colorless""], ""damage"": ""10"", ""text"": """"}, {""name"": ""Confuse Ray"", ""cost"": [""Psychic"", ""Psychic""], ""damage"": ""10"", ""text"": ""Flip a coin. If heads, the Defending Pokémon is now Confused.""}]",[],"Puts enemies to sleep, then eats their dreams. Occasionally gets sick from eating bad dreams."
base1-50,Gastly,base1,Pokémon,Basic,30,Psychic,,,,Common,"[{""name"": ""Sleeping Gas"", ""cost"": [""Psychic""], ""damage"": """", ""text"": ""Flip a coin. If heads, the Defending Pokémon is now Asleep.""}, {""name"": ""Destiny Bond"", ""cost"": [""Psychic"", ""Colorless""], ""damage"": """", ""text"": ""Discard 1 Psychic Energy card attached to Gastly in order to use this attack. If a Pokémon Knocks Out Gastly during your opponent's next turn, Knock Out that Pokémon.""}]",[],"Almost invisible, this gaseous Pokémon cloaks the target and puts it to sleep without notice."
base1-51,Koffing,base1,Pokémon,Basic,50,Grass,,Colorless,Psychic,Common,"[{""name"": ""Foul Gas"", ""cost"": [""Grass"", ""Grass""], ""damage"": ""10"", ""text"": ""Flip a coin. If heads, the Defending Pokémon is now Poisoned; if tails, it is now Confused.""}]",[],"Because it stores several kinds of toxic gases in its body, it is prone to exploding without warning."
base1-52,Machop,base1,Pokémon,Basic,50,Fighting,,Colorless,Psychic,Common,"[{""name"": ""Low Kick"", ""cost"": [""Fighting""], ""damage"": ""20"", ""text"": """"}]",[],Loves to build its muscles. It trains in all styles of martial arts to become even stronger.
base1-53,Magnemite,base1,Pokémon,Basic,40,Lightning,,Colorless,Fighting,Common,"[{""name"": ""Thunder Wave"", ""cost"": [""Lightning""], ""damage"": ""10"", ""text"": ""Flip a coin. If heads, the Defending Pokémon is now Paralyzed.""}, {""name"": ""Selfdestruct"", ""cost"": [""Lightning"", ""Colorless""], ""damage"": ""40"", ""text"": ""Does 10 damage to each Pokémon on each player's Bench. (Don't apply Weakness and Resistance for Benched Pokémon.) Magnemite does 40 damage to itself.""}]",[],Uses anti-gravity to stay suspended. Appears without warning and uses attacks like Thunder Wave.
base1-54,Metapod,base1,Pokémon,Stage 1,70,Grass,Caterpie,Colorless|Colorless,Fire,Common,"[{""name"": ""Stiffen"", ""cost"": [""Colorless"", ""Colorless""], ""damage"": """", ""text"": ""Flip a coin. If heads, prevent all damage done to Metapod during your opponent's next turn. (Any other effects of attacks still happen.)""}, {""name"": ""Stun Spore"", ""cost"": [""Grass"", ""Grass""], ""damage"": ""20"", ""text"": ""Flip a coin. If heads, the Defending Pokémon is now Paralyzed.""}]",[],"It is vulnerable to attack because its shell is soft, exposing its weak and tender body."
base1-55,Nidoran ♂,base1,Pokémon,Basic,40,Grass,,Colorless,Psychic,Common,"[{""name"": ""Horn Hazard"", ""cost"": [""Grass""], ""damage"": ""30"", ""text"": ""Flip a coin. If tails, this attack does nothing.""}]",[],"Stiffens its ears to sense danger. The larger, more powerful of its horns secretes venom."
base1-56,Onix,base1,Pokémon,Basic,90,Fighting,,Colorless|Colorless|Colorless,Grass,Common,"[{""name"": ""Rock Throw"", ""cost"": [""Fighting""], ""damage"": ""10"", ""text"": """"}, {""name"": ""Harden"", ""cost"": [""Fighting"", ""Fighting""], ""damage"": """", ""text"": ""During your opponent's next turn, whenever 30 or less damage is done to Onix (after applying Weakness and Resistance), prevent that damage. (Any other effects of attacks still happen.)""}]",[],"As it grows, the stone portions of its body harden to become similar to a diamond, though colored black."
base1-57,Pidgey,base1,Pokémon,Basic,40,Colorless,,Colorless,Lightning,Common,"[{""name"": ""Whirlwind"", ""cost"": [""Colorless"", ""Colorless""], ""damage"": ""10"", ""text"": ""If your opponent has any Benched Pokémon, he or she chooses 1 of them and switches it with the Defending Pokémon. (Do the damage before switching the Pokémon.)""}]",[],A common sight in forests and woods. It flaps its wings at ground level to kick up blinding sand.
base1-58,Pikachu,base1,Pokémon,Basic,40,Lightning,,Colorless,Fighting,Common,"[{""name"": ""Gnaw"", ""cost"": [""Colorless""], ""damage"": ""10"", ""text"": """"}, {""name"": ""Thunder Jolt"", ""cost"": [""Lightning"", ""Colorless""], ""damage"": ""30"", ""text"": ""Flip a coin. If tails, Pikachu does 10 damage to itself.""}]",[],"When several of these Pokémon gather, their electricity can cause lightning storms."
base1-59,Poliwag,base1,Pokémon,Basic,40,Water,,Colorless,Grass,Common,"[{""name"": ""Water Gun"", ""cost"": [""Water""], ""damage"": ""10+"", ""text"": ""Does 10 damage plus 10 more damage for each Water Energy attached to Poliwag but not used to pay for this attack's Energy cost. Extra Water Energy after the 2nd don't count.""}]",[],Its newly grown legs prevent it from running. It appears to prefer swimming over trying to stand.
base1-60,Ponyta,base1,Pokémon,Basic,40,Fire,,Colorless,Water,Common,"[{""name"": ""Smash Kick"", ""cost"": [""Colorless"", ""Colorless""], ""damage"": ""20"", ""text"": """"}, {""name"": ""Flame Tail"", ""cost"": [""Fire"", ""Fire""], ""damage"": ""30"", ""text"": """"}]",[],Its hooves are 10 times harder than diamonds. It can trample anything flat in moments.
base1-61,Rattata,base1,Pokémon,Basic,30,Colorless,,,Fighting,Common,"[{""name"": ""Bite"", ""cost"": [""Colorless""], ""damage"": ""20"", ""text"": """"}]",[],"Bites anything when it attacks. Small and very quick, it is a common sight in many places."
base1-62,Sandshrew,base1,Pokémon,Basic,40,Fighting,,Colorless,Grass,Common,"[{""name"": ""Sand-attack"", ""cost"": [""Fighting""], ""damage"": ""10"", ""text"": ""If the Defending Pokémon tries to attack during your opponent's next turn, your opponent flips a coin. If tails, that attack does nothing.""}]",[],Burrows deep underground in arid locations far from water. It only emerges to hunt for food.
base1-63,Squirtle,base1,Pokémon,Basic,40,Water,,Colorless,Lightning,Common,"[{""name"": ""Bubble"", ""cost"": [""Water""], ""damage"": ""10"", ""text"": ""Flip a coin. If heads, the Defending Pokémon is now Paralyzed.""}, {""name"": ""Withdraw"", ""cost"": [""Water"", ""Colorless""], ""damage"": """", ""text"": ""Flip a coin. If heads, prevent all damage done to Squirtle during your opponent's next turn. (Any other effects of attacks still happen.)""}]",[],"After birth, its back swells and hardens into a shell. It powerfully sprays foam from its mouth."
base1-64,Starmie,base1,Pokémon,Stage 1,60,Water,Staryu,Colorless,Lightning,Common,"[{""name"": ""Recover"", ""cost"": [""Water"", ""Water""], ""damage"": """", ""text"": ""Discard 1 Water Energy card attached to Starmie in order to use this attack. Remove all damage counters from Starmie.""}, {""name"": ""Star Freeze"", ""cost"": [""Water"", ""Colorless"", ""Colorless""], ""damage"": ""20"", ""text"": ""Flip a coin. If heads, the Defending Pokémon is now Paralyzed.""}]",[],Its central core glows with the seven colors of the rainbow. Some people value this core as a gem.
base1-65,Staryu,base1,Pokémon,Basic,40,Water,,Colorless,Lightning,Common,"[{""name"": ""Slap"", ""cost"": [""Water""], ""damage"": ""20"", ""text"": """"}]",[],An enigmatic Pokémon that can effortlessly regenerate any appendage it loses in battle.
base1-66,Tangela,base1,Pokémon,Basic,50,Grass,,Colorless|Colorless,Fire,Common,"[{""name"": ""Bind"", ""cost"": [""Grass"", ""Colorless""], ""damage"": ""20"", ""text"": ""Flip a coin. If heads, the Defending Pokémon is now Paralyzed.""}, {""name"": ""Poisonpowder"", ""cost"": [""Grass"", ""Grass"", ""Grass""], ""damage"": ""20"", ""text"": ""The Defending Pokémon is now Poisoned.""}]",[],Its whole body is swathed with wide vines that are similar to seaweed. These vines shake as it walks.
base1-67,Voltorb,base1,Pokémon,Basic,40,Lightning,,Colorless,Fighting,Common,"[{""name"": ""Tackle"", ""cost"": [""Colorless""], ""damage"": ""10"", ""text"": """"}]",[],"Usually found in power plants. Easily mistaken for a Monster Ball, it has zapped many people."
base1-68,Vulpix,base1,Pokémon,Basic,50,Fire,,Colorless,Water,Common,"[{""name"": ""Confuse Ray"", ""cost"": [""Fire"", ""Fire""], ""damage"": ""10"", ""text"": ""Flip a coin. If heads, the Defending Pokémon is now Confused.""}]",[],"At the time of birth, it has just one tail. Its tail splits from the tip as it grows older."
base1-69,Weedle,base1,Pokémon,Basic,40,Grass,,Colorless,Fire,Common,"[{""name"": ""Poison Sting"", ""cost"": [""Grass""], ""damage"": ""10"", ""text"": ""Flip a coin. If heads, the Defending Pokémon is now Poisoned.""}]",[],"Often found in forests, eating leaves. It has a sharp, venomous stinger on its head."
base1-70,Clefairy Doll,base1,Trainer,,10,,,,,Rare,[],[],
base1-71,Computer Search,base1,Trainer,,,,,,,Rare,[],[],
base1-72,Devolution Spray,base1,Trainer,,,,,,,Rare,[],[],
base1-73,Impostor Professor Oak,base1,Trainer,,,,,,,Rare,[],[],
base1-74,Item Finder,base1,Trainer,,,,,,,Rare,[],[],
base1-75,Lass,base1,Trainer,,,,,,,Rare,[],[],
base1-76,Pokémon Breeder,base1,Trainer,,,,,,,Rare,[],[],
base1-77,Pokémon Trader,base1,Trainer,,,,,,,Rare,[],[],
base1-78,Scoop Up,base1,Trainer,,,,,,,Rare,[],[],
base1-79,Super Energy Removal,base1,Trainer,,,,,,,Rare,[],[],
base1-80,Defender,base1,Trainer,,,,,,,Uncommon,[],[],
base1-81,Energy Retrieval,base1,Trainer,,,,,,,Uncommon,[],[],
base1-82,Full Heal,base1,Trainer,,,,,,,Uncommon,[],[],
base1-83,Maintenance,base1,Trainer,,,,,,,Uncommon,[],[],
base1-84,PlusPower,base1,Trainer,,,,,,,Uncommon,[],[],
base1-85,Pokémon Center,base1,Trainer,,,,,,,Uncommon,[],[],
base1-86,Pokémon Flute,base1,Trainer,,,,,,,Uncommon,[],[],
base1-87,Pokédex,base1,Trainer,,,,,,,Uncommon,[],[],
base1-88,Professor Oak,base1,Trainer,,,,,,,Uncommon,[],[],
base1-89,Revive,base1,Trainer,,,,,,,Uncommon,[],[],
base1-90,Super Potion,base1,Trainer,,,,,,,Uncommon,[],[],
base1-91,Bill,base1,Trainer,,,,,,,Common,[],[],
base1-92,Energy Removal,base1,Trainer,,,,,,,Common,[],[],
base1-93,Gust of Wind,base1,Trainer,,,,,,,Common,[],[],
base1-94,Potion,base1,Trainer,,,,,,,Common,[],[],
base1-95,Switch,base1,Trainer,,,,,,,Common,[],[],
base1-96,Double Colorless Energy,base1,Energy,Special,,,,,,Uncommon,[],[],
base1-97,Fighting Energy,base1,Energy,Basic,,,,,,,[],[],
base1-98,Fire Energy,base1,Energy,Basic,,,,,,,[],[],
base1-99,Grass Energy,base1,Energy,Basic,,,,,,,[],[],
base1-100,Lightning Energy,base1,Energy,Basic,,,,,,,[],[],
base1-101,Psychic Energy,base1,Energy,Basic,,,,,,,[],[],
base1-102,Water Energy,base1,Energy,Basic,,,,,,,[],[],
base2-1,Clefable,base2,Pokémon,Stage 1,70,Colorless,Clefairy,Colorless|Colorless,Fighting,Rare Holo,"[{""name"": ""Metronome"", ""cost"": [""Colorless""], ""damage"": """", ""text"": ""Choose 1 of the Defending Pokémon's attacks. Metronome copies that attack except for its Energy costs and anything else required in order to use that attack, such as discarding Energy cards. (No matter what type the Defending Pokémon is, Clefable's type is still Colorless.)""}, {""name"": ""Minimize"", ""cost"": [""Colorless"", ""Colorless""], ""damage"": """", ""text"": ""All damage done by attacks to Clefable during your opponent's next turn is reduced by 20 (after applying Weakness and Resistance).""}]",[],A timid Fairy Pokémon that is rarely seen. It will run and hide the moment it senses people.
base2-2,Electrode,base2,Pokémon,Stage 1,90,Lightning,Voltorb,Colorless,Fighting,Rare Holo,"[{""name"": ""Tackle"", ""cost"": [""Colorless"", ""Colorless""], ""damage"": ""20"", ""text"": """"}, {""name"": ""Chain Lightning"", ""cost"": [""Lightning"", ""Lightning"", ""Lightning""], ""damage"": ""20"", ""text"": ""If the Defending Pokémon isn't Colorless, this attack does 10 damage to each Benched Pokémon of the same type as the Defending Pokémon (including your own).""}]",[],It stores electrical energy under very high pressure. It often explodes with little or no provocation.
base2-3,Flareon,base2,Pokémon,Stage 1,70,Fire,Eevee,Colorless,Water,Rare Holo,"[{""name"": ""Quick Attack"", ""cost"": [""Colorless"", ""Colorless""], ""damage"": ""10+"", ""text"": ""Flip a coin. If heads, this attack does 10 damage plus 20 more damage; if tails, this attack does 10 damage.""}, {""name"": ""Flamethrower"", ""cost"": [""Fire"", ""Fire"", ""Colorless"", ""Colorless""], ""damage"": ""60"", ""text"": ""Discard 1 Fire Energy card attached to Flareon in order to use this attack.""}]",[],"When storing thermal energy in its body, its temperature could soar to over 1600 degrees."
base2-4,Jolteon,base2,Pokémon,Stage 1,70,Lightning,Eevee,Colorless,Fighting,Rare Holo,"[{""name"": ""Quick Attack"", ""cost"": [""Colorless"", ""Colorless""], ""damage"": ""10+"", ""text"": ""Flip a coin. If heads, this attack does 10 damage plus 20 more damage; if tails, this attack does 10 damage.""}, {""name"": ""Pin Missile"", ""cost"": [""Lightning"", ""Lightning"", ""Colorless""], ""damage"": ""20×"", ""text"": ""Flip 4 coins. This attack does 20 damage times the number of heads.""}]",[],"It accumulates negative ions from the atmosphere to blast out 10,000-volt lightning bolts."
base2-5,Kangaskhan,base2,Pokémon,Basic,90,Colorless,,Colorless|Colorless|Colorless,Fighting,Rare Holo,"[{""name"": ""Fetch"", ""cost"": [""Colorless""], ""damage"": """", ""text"": ""Draw a card.""}, {""name"": ""Comet Punch"", ""cost"": [""Colorless"", ""Colorless"", ""Colorless"", ""Colorless""], ""damage"": ""20×"", ""text"": ""Flip 4 coins. This attack does 20 damage times the number of heads.""}]",[],The infant rarely ventures out of its mother's protective pouch until it is three years old.
base2-6,Mr. Mime,base2,Pokémon,Basic,40,Psychic,,Colorless,Psychic,Rare Holo,"[{""name"": ""Meditate"", ""cost"": [""Psychic"", ""Colorless""], ""damage"": ""10+"", ""text"": ""Does 10 damage plus 10 more damage for each damage counter on the Defending Pokémon.""}]","[{""name"": ""Invisible Wall"", ""type"": ""Pokémon Power"", ""text"": ""Whenever an attack (including your own) does 30 or more damage to Mr. Mime (after applying Weakness and Resistance), prevent that damage. (Any other effects of attacks still happen.) This power can't be used if Mr. Mime is Asleep, Confused, or Paralyzed.""}]","If interrupted while miming, it will slap around the enemy with its broad hands."
base2-7,Nidoqueen,base2,Pokémon,Stage 2,90,Grass,Nidorina,Colorless|Colorless|Colorless,Psychic,Rare Holo,"[{""name"": ""Boyfriends"", ""cost"": [""Grass"", ""Colorless""], ""damage"": ""20+"", ""text"": ""Does 20 damage plus 20 more damage for each Nidoking you have in play.""}, {""name"": ""Mega Punch"", ""cost"": [""Grass"", ""Grass"", ""Colorless"", ""Colorless""], ""damage"": ""50"", ""text"": """"}]",[],Its hard scales provide strong protection. It uses its hefty bulk to execute powerful moves.
base2-8,Pidgeot,base2,Pokémon,Stage 2,80,Colorless,Pidgeotto,,Lightning,Rare Holo,"[{""name"": ""Wing Attack"", ""cost"": [""Colorless"", ""Colorless""], ""damage"": ""20"", ""text"": """"}, {""name"": ""Hurricane"", ""cost"": [""Colorless"", ""Colorless"", ""Colorless""], ""damage"": ""30"", ""text"": ""Unless this attack Knocks Out the Defending Pokémon, return the Defending Pokémon and all cards attached to it to your opponent's hand.""}]",[],"When hunting, it skims the surface of water at high speed to pick off unwary prey such as Magikarp."
base2-9,Pinsir,base2,Pokémon,Basic,60,Grass,,Colorless,Fire,Rare Holo,"[{""name"": ""Irongrip"", ""cost"": [""Grass"", ""Grass""], ""damage"": ""20"", ""text"": ""Flip a coin. If heads, the Defending Pokémon is now Paralyzed.""}, {""name"": ""Guillotine"", ""cost"": [""Grass"", ""Grass"", ""Colorless"", ""Colorless""], ""damage"": ""50"", ""text"": """"}]",[],"If it fails to crush the victim in its pincers, it will swing its victim around and toss it hard."
base2-10,Scyther,base2,Pokémon,Basic,70,Grass,,,Fire,Rare Holo,"[{""name"": ""Swords Dance"", ""cost"": [""Grass""], ""damage"": """", ""text"": ""During your next turn, Scyther's Slash attack's base damage is 60 instead of 30.""}, {""name"": ""Slash"", ""cost"": [""Colorless"", ""Colorless"", ""Colorless""], ""damage"": ""30"", ""text"": """"}]",[],"With ninja-like agility and speed, it can create the illusion that there is more than one of it."
base2-11,Snorlax,base2,Pokémon,Basic,90,Colorless,,Colorless|Colorless|Colorless|Colorless,Fighting,Rare Holo,"[{""name"": ""Body Slam"", ""cost"": [""Colorless"", ""Colorless"", ""Colorless"", ""Colorless""], ""damage"": ""30"", ""text"": ""Flip a coin. If heads, the Defending Pokémon is now Paralyzed.""}]","[{""name"": ""Thick Skinned"", ""type"": ""Pokémon Power"", ""text"": ""Snorlax can't become Asleep, Confused, Paralyzed, or Poisoned. This power can't be used if Snorlax is already Asleep, Confused, or Paralyzed.""}]","Very lazy. Just eats and sleeps. As its rotund bulk builds, it becomes steadily more slothful."
base2-12,Vaporeon,base2,Pokémon,Stage 1,80,Water,Eevee,Colorless,Lightning,Rare Holo,"[{""name"": ""Quick Attack"", ""cost"": [""Colorless"", ""Colorless""], ""damage"": ""10+"", ""text"": ""Flip a coin. If heads, this attack does 10 damage plus 20 more damage; if tails, this attack does 10 damage.""}, {""name"": ""Water Gun"", ""cost"": [""Water"", ""Water"", ""Colorless""], ""damage"": ""30+"", ""text"": ""Does 30 damage plus 10 more damage for each Water Energy attached to Vaporeon but not used to pay for this attack's Energy cost. Extra Water Energy after the 2nd doesn't count.""}]",[],Lives close to water. Its long tail is ridged with a fin that is often mistaken for a mermaid's.
base2-13,Venomoth,base2,Pokémon,Stage 1,70,Grass,Venonat,,Fire,Rare Holo,"[{""name"": ""Venom Powder"", ""cost"": [""Grass"", ""Grass""], ""damage"": ""10"", ""text"": ""Flip a coin. If heads, the Defending Pokémon is now Confused and Poisoned.""}]","[{""name"": ""Shift"", ""type"": ""Pokémon Power"", ""text"": ""Once during your turn (before your attack), you may change the type of Venomoth to the type of any other Pokémon in play other than Colorless. This power can't be used if Venomoth is Asleep, Confused, or Paralyzed.""}]",The dust-like scales covering its wings are color coded to indicate the kinds of poison it has.
base2-14,Victreebel,base2,Pokémon,Stage 2,80,Grass,Weepinbell,Colorless|Colorless,Fire,Rare Holo,"[{""name"": ""Lure"", ""cost"": [""Grass""], ""damage"": """", ""text"": ""If your opponent has any Benched Pokémon, choose 1 of them and switch it with his or her Active Pokémon.""}, {""name"": ""Acid"", ""cost"": [""Grass"", ""Grass""], ""damage"": ""20"", ""text"": ""Flip a coin. If heads, the Defending Pokémon can't retreat during your next turn.""}]",[],"Said to live in huge colonies deep in jungles, although no one has ever returned from there."
base2-15,Vileplume,base2,Pokémon,Stage 2,80,Grass,Gloom,Colorless|Colorless,Fire,Rare Holo,"[{""name"": ""Petal Dance"", ""cost"": [""Grass"", ""Grass"", ""Grass""], ""damage"": ""40×"", ""text"": ""Flip 3 coins. This attack does 40 damage times the number of heads. Vileplume is now Confused (after doing damage).""}]","[{""name"": ""Heal"", ""type"": ""Pokémon Power"", ""text"": ""Once during your turn (before your attack), you may flip a coin. If heads, remove 1 damage counter from 1 of your Pokémon. This power can't be used if Vileplume is Asleep, Confused, or Paralyzed.""}]","The larger its petals, the more toxic pollen it contains. Its big head is heavy and hard to hold up."
base2-16,Wigglytuff,base2,Pokémon,Stage 1,80,Colorless,Jigglypuff,Colorless|Colorless,Fighting,Rare Holo,"[{""name"": ""Lullaby"", ""cost"": [""Colorless""], ""damage"": """", ""text"": ""The Defending Pokémon is now Asleep.""}, {""name"": ""Do the Wave"", ""cost"": [""Colorless"", ""Colorless"", ""Colorless""], ""damage"": ""10+"", ""text"": ""Does 10 damage plus 10 more damage for each of your Benched Pokémon.""}]",[],"The body is soft and rubbery. When angered, it will suck in air and inflate itself to an enormous size."
base2-17,Clefable,base2,Pokémon,Stage 1,70,Colorless,Clefairy,Colorless|Colorless,Fighting,Rare,"[{""name"": ""Metronome"", ""cost"": [""Colorless""], ""damage"": """", ""text"": ""Choose 1 of the Defending Pokémon's attacks. Metronome copies that attack except for its Energy costs and anything else required in order to use that attack, such as discarding Energy cards. (No matter what type the Defending Pokémon is, Clefable's type is still Colorless.)""}, {""name"": ""Minimize"", ""cost"": [""Colorless"", ""Colorless""], ""damage"": """", ""text"": ""All damage done by attacks to Clefable during your opponent's next turn is reduced by 20 (after applying Weakness and Resistance).""}]",[],A timid Fairy Pokémon that is rarely seen. It will run and hide the moment it senses people.
base2-18,Electrode,base2,Pokémon,Stage 1,90,Lightning,Voltorb,Colorless,Fighting,Rare,"[{""name"": ""Tackle"", ""cost"": [""Colorless"", ""Colorless""], ""damage"": ""20"", ""text"": """"}, {""name"": ""Chain Lightning"", ""cost"": [""Lightning"", ""Lightning"", ""Lightning""], ""damage"": ""20"", ""text"": ""If the Defending Pokémon isn't Colorless, this attack does 10 damage to each Benched Pokémon of the same type as the Defending Pokémon (including your own).""}]",[],It stores electrical energy under very high pressure. It often explodes with little or no provocation.
base2-19,Flareon,base2,Pokémon,Stage 1,70,Fire,Eevee,Colorless,Water,Rare,"[{""name"": ""Quick Attack"", ""cost"": [""Colorless"", ""Colorless""], ""damage"": ""10+"", ""text"": ""Flip a coin. If heads, this attack does 10 damage plus 20 more damage; if tails, this attack does 10 damage.""}, {""name"": ""Flamethrower"", ""cost"": [""Fire"", ""Fire"", ""Colorless"", ""Colorless""], ""damage"": ""60"", ""text"": ""Discard 1 Fire Energy card attached to Flareon in order to use this attack.""}]",[],"When storing thermal energy in its body, its temperature could soar to over 1600 degrees."
base2-20,Jolteon,base2,Pokémon,Stage 1,70,Lightning,Eevee,Colorless,Fighting,Rare,"[{""name"": ""Quick Attack"", ""cost"": [""Colorless"", ""Colorless""], ""damage"": ""10+"", ""text"": ""Flip a coin. If heads, this attack does 10 damage plus 20 more damage; if tails, this attack does 10 damage.""}, {""name"": ""Pin Missile"", ""cost"": [""Lightning"", ""Lightning"", ""Colorless""], ""damage"": ""20×"", ""text"": ""Flip 4 coins. This attack does 20 damage times the number of heads.""}]",[],"It accumulates negative ions from the atmosphere to blast out 10,000-volt lightning bolts."
base2-21,Kangaskhan,base2,Pokémon,Basic,90,Colorless,,Colorless|Colorless|Colorless,Fighting,Rare,"[{""name"": ""Fetch"", ""cost"": [""Colorless""], ""damage"": """", ""text"": ""Draw a card.""}, {""name"": ""Comet Punch"", ""cost"": [""Colorless"", ""Colorless"", ""Colorless"", ""Colorless""], ""damage"": ""20×"", ""text"": ""Flip 4 coins. This attack does 20 damage times the number of heads.""}]",[],The infant rarely ventures out of its mother's protective pouch until it is three years old.
base2-22,Mr. Mime,base2,Pokémon,Basic,40,Psychic,,Colorless,Psychic,Rare,"[{""name"": ""Meditate"", ""cost"": [""Psychic"", ""Colorless""], ""damage"": ""10+"", ""text"": ""Does 10 damage plus 10 more damage for each damage counter on the Defending Pokémon.""}]","[{""name"": ""Invisible Wall"", ""type"": ""Pokémon Power"", ""text"": ""Whenever an attack (including your own) does 30 or more damage to Mr. Mime (after applying Weakness and Resistance), prevent that damage. (Any other effects of attacks still happen.) This power can't be used if Mr. Mime is Asleep, Confused, or Paralyzed.""}]","If interrupted while miming, it will slap around the enemy with its broad hands."
base2-23,Nidoqueen,base2,Pokémon,Stage 2,90,Grass,Nidorina,Colorless|Colorless|Colorless,Psychic,Rare,"[{""name"": ""Boyfriends"", ""cost"": [""Grass"", ""Colorless""], ""damage"": ""20+"", ""text"": ""Does 20 damage plus 20 more damage for each Nidoking you have in play.""}, {""name"": ""Mega Punch"", ""cost"": [""Grass"", ""Grass"", ""Colorless"", ""Colorless""], ""damage"": ""50"", ""text"": """"}]",[],Its hard scales provide strong protection. It uses its hefty bulk to execute powerful moves.
base2-24,Pidgeot,base2,Pokémon,Stage 2,80,Colorless,Pidgeotto,,Lightning,Rare,"[{""name"": ""Wing Attack"", ""cost"": [""Colorless"", ""Colorless""], ""damage"": ""20"", ""text"": """"}, {""name"": ""Hurricane"", ""cost"": [""Colorless"", ""Colorless"", ""Colorless""], ""damage"": ""30"", ""text"": ""Unless this attack Knocks Out the Defending Pokémon, return the Defending Pokémon and all cards attached to it to your opponent's hand.""}]",[],"When hunting, it skims the surface of water at high speed to pick off unwary prey such as Magikarp."
base2-25,Pinsir,base2,Pokémon,Basic,60,Grass,,Colorless,Fire,Rare,"[{""name"": ""Irongrip"", ""cost"": [""Grass"", ""Grass""], ""damage"": ""20"", ""text"": ""Flip a coin. If heads, the Defending Pokémon is now Paralyzed.""}, {""name"": ""Guillotine"", ""cost"": [""Grass"", ""Grass"", ""Colorless"", ""Colorless""], ""damage"": ""50"", ""text"": """"}]",[],"If it fails to crush the victim in its pincers, it will swing its victim around and toss it hard."
base2-26,Scyther,base2,Pokémon,Basic,70,Grass,,,Fire,Rare,"[{""name"": ""Swords Dance"", ""cost"": [""Grass""], ""damage"": """", ""text"": ""During your next turn, Scyther's Slash attack's base damage is 60 instead of 30.""}, {""name"": ""Slash"", ""cost"": [""Colorless"", ""Colorless"", ""Colorless""], ""damage"": ""30"", ""text"": """"}]",[],"With ninja-like agility and speed, it can create the illusion that there is more than one of it."
base2-27,Snorlax,base2,Pokémon,Basic,90,Colorless,,Colorless|Colorless|Colorless|Colorless,Fighting,Rare,"[{""name"": ""Body Slam"", ""cost"": [""Colorless"", ""Colorless"", ""Colorless"", ""Colorless""], ""damage"": ""30"", ""text"": ""Flip a coin. If heads, the Defending Pokémon is now Paralyzed.""}]","[{""name"": ""Thick Skinned"", ""type"": ""Pokémon Power"", ""text"": ""Snorlax can't become Asleep, Confused, Paralyzed, or Poisoned. This power can't be used if Snorlax is already Asleep, Confused, or Paralyzed.""}]","Very lazy. Just eats and sleeps. As its rotund bulk builds, it becomes steadily more slothful."
base2-28,Vaporeon,base2,Pokémon,Stage 1,80,Water,Eevee,Colorless,Lightning,Rare,"[{""name"": ""Quick Attack"", ""cost"": [""Colorless"", ""Colorless""], ""damage"": ""10+"", ""text"": ""Flip a coin. If heads, this attack does 10 damage plus 20 more damage; if tails, this attack does 10 damage.""}, {""name"": ""Water Gun"", ""cost"": [""Water"", ""Water"", ""Colorless""], ""damage"": ""30+"", ""text"": ""Does 30 damage plus 10 more damage for each Water Energy attached to Vaporeon but not used to pay for this attack's Energy cost. Extra Water Energy after the 2nd doesn't count.""}]",[],Lives close to water. Its long tail is ridged with a fin that is often mistaken for a mermaid's.
base2-29,Venomoth,base2,Pokémon,Stage 1,70,Grass,Venonat,,Fire,Rare,"[{""name"": ""Venom Powder"", ""cost"": [""Grass"", ""Grass""], ""damage"": ""10"", ""text"": ""Flip a coin. If heads, the Defending Pokémon is now Confused and Poisoned.""}]","[{""name"": ""Shift"", ""type"": ""Pokémon Power"", ""text"": ""Once during your turn (before your attack), you may change the type of Venomoth to the type of any other Pokémon in play other than Colorless. This power can't be used if Venomoth is Asleep, Confused, or Paralyzed.""}]",The dust-like scales covering its wings are color coded to indicate the kinds of poison it has.
base2-30,Victreebel,base2,Pokémon,Stage 2,80,Grass,Weepinbell,Colorless|Colorless,Fire,Rare,"[{""name"": ""Lure"", ""cost"": [""Grass""], ""damage"": """", ""text"": ""If your opponent has any Benched Pokémon, choose 1 of them and switch it with his or her Active Pokémon.""}, {""name"": ""Acid"", ""cost"": [""Grass"", ""Grass""], ""damage"": ""20"", ""text"": ""Flip a coin. If heads, the Defending Pokémon can't retreat during your next turn.""}]",[],"Said to live in huge colonies deep in jungles, although no one has ever returned from there."
base2-31,Vileplume,base2,Pokémon,Stage 2,80,Grass,Gloom,Colorless|Colorless,Fire,Rare,"[{""name"": ""Petal Dance"", ""cost"": [""Grass"", ""Grass"", ""Grass""], ""damage"": ""40×"", ""text"": ""Flip 3 coins. This attack does 40 damage times the number of heads. Vileplume is now Confused (after doing damage).""}]","[{""name"": ""Heal"", ""type"": ""Pokémon Power"", ""text"": ""Once during your turn (before your attack), you may flip a coin. If heads, remove 1 damage counter from 1 of your Pokémon. This power can't be used if Vileplume is Asleep, Confused, or Paralyzed.""}]","The larger its petals, the more toxic pollen it contains. Its big head is heavy and hard to hold up."
base2-32,Wigglytuff,base2,Pokémon,Stage 1,80,Colorless,Jigglypuff,Colorless|Colorless,Fighting,Rare,"[{""name"": ""Lullaby"", ""cost"": [""Colorless""], ""damage"": """", ""text"": ""The Defending Pokémon is now Asleep.""}, {""name"": ""Do the Wave"", ""cost"": [""Colorless"", ""Colorless"", ""Colorless""], ""damage"": ""10+"", ""text"": ""Does 10 damage plus 10 more damage for each of your Benched Pokémon.""}]",[],"The body is soft and rubbery. When angered, it will suck in air and inflate itself to an enormous size."
base2-33,Butterfree,base2,Pokémon,Stage 2,70,Grass,Metapod,,Fire,Uncommon,"[{""name"": ""Whirlwind"", ""cost"": [""Colorless"", ""Colorless""], ""damage"": ""20"", ""text"": ""If your opponent has any Benched Pokémon, he or she chooses 1 of them and switches it with the Defending Pokémon. (Do the damage before switching the Pokémon.)""}, {""name"": ""Mega Drain"", ""cost"": [""Grass"", ""Grass"", ""Grass"", ""Grass""], ""damage"": ""40"", ""text"": ""Remove a number of damage counters from Butterfree equal to half the damage done to the Defending Pokémon (after applying Weakness and Resistance) (rounded up to the nearest 10).""}]",[],"In battle, it flaps its wings at high speed to release highly toxic dust into the air."
base2-34,Dodrio,base2,Pokémon,Stage 1,70,Colorless,Doduo,,Lightning,Uncommon,"[{""name"": ""Rage"", ""cost"": [""Colorless"", ""Colorless"", ""Colorless""], ""damage"": ""10+"", ""text"": ""Does 10 damage plus 10 more damage for each damage counter on Dodrio.""}]","[{""name"": ""Retreat Aid"", ""type"": ""Pokémon Power"", ""text"": ""As long as Dodrio is Benched, pay Colorless less to retreat your Active Pokémon.""}]","Uses its three brains to execute complex plans. While two heads sleep, one head stays awake."
base2-35,Exeggutor,base2,Pokémon,Stage 1,80,Grass,Exeggcute,Colorless|Colorless|Colorless,Fire,Uncommon,"[{""name"": ""Teleport"", ""cost"": [""Psychic""], ""damage"": """", ""text"": ""Switch Exeggutor with 1 of your Benched Pokémon.""}, {""name"": ""Big Eggsplosion"", ""cost"": [""Colorless""], ""damage"": ""20×"", ""text"": ""Flip a number of coins equal to the number of Energy attached to Exeggutor. This attack does 20 damage times the number of heads.""}]",[],"Legend has it that on rare occasions, one of its heads will drop off and continue on as an Exeggcute."
base2-36,Fearow,base2,Pokémon,Stage 1,70,Colorless,Spearow,,Lightning,Uncommon,"[{""name"": ""Agility"", ""cost"": [""Colorless"", ""Colorless"", ""Colorless""], ""damage"": ""20"", ""text"": ""Flip a coin. If heads, during your opponent's next turn, prevent all effects of attacks, including damage, done to Fearow.""}, {""name"": ""Drill Peck"", ""cost"": [""Colorless"", ""Colorless"", ""Colorless"", ""Colorless""], ""damage"": ""40"", ""text"": """"}]",[],"With its huge and magnificent wings, it can keep aloft without ever having to land for rest."
base2-37,Gloom,base2,Pokémon,Stage 1,60,Grass,Oddish,Colorless,Fire,Uncommon,"[{""name"": ""Poisonpowder"", ""cost"": [""Grass""], ""damage"": """", ""text"": ""The Defending Pokémon is now Poisoned.""}, {""name"": ""Foul Odor"", ""cost"": [""Grass"", ""Grass""], ""damage"": ""20"", ""text"": ""Both the Defending Pokémon and Gloom are now Confused (after doing damage).""}]",[],The fluid that oozes from its mouth isn't drool; it is a nectar that is used to attract prey.
base2-38,Lickitung,base2,Pokémon,Basic,90,Colorless,,Colorless|Colorless|Colorless,Fighting,Uncommon,"[{""name"": ""Tongue Wrap"", ""cost"": [""Colorless""], ""damage"": ""10"", ""text"": ""Flip a coin. If heads, the Defending Pokémon is now Paralyzed.""}, {""name"": ""Supersonic"", ""cost"": [""Colorless"", ""Colorless""], ""damage"": """", ""text"": ""Flip a coin. If heads, the Defending Pokémon is now Confused.""}]",[],Its tongue can be extended like a chameleon's. It leaves a stinging sensation when it licks enemies.
base2-39,Marowak,base2,Pokémon,Stage 1,60,Fighting,Cubone,Colorless,Grass,Uncommon,"[{""name"": ""Bonemerang"", ""cost"": [""Fighting"", ""Fighting""], ""damage"": ""30×"", ""text"": ""Flip 2 coins. This attack does 30 damage times the number of heads.""}, {""name"": ""Call for Friend"", ""cost"": [""Fighting"", ""Fighting"", ""Colorless""], ""damage"": """", ""text"": ""Search your deck for a Fighting Basic Pokémon card and put it onto your Bench. Shuffle your deck afterward. (You can't use this attack if your Bench is full.)""}]",[],The bone it holds is its key weapon. It throws the bone skillfully like a boomerang to K.O. targets.
base2-40,Nidorina,base2,Pokémon,Stage 1,70,Grass,Nidoran ♀,Colorless,Psychic,Uncommon,"[{""name"": ""Supersonic"", ""cost"": [""Grass""], ""damage"": """", ""text"": ""Flip a coin. If heads, the Defending Pokémon is now Confused.""}, {""name"": ""Double Kick"", ""cost"": [""Grass"", ""Colorless"", ""Colorless""], ""damage"": ""30×"", ""text"": ""Flip 2 coins. This attack does 30 damage times the number of heads.""}]",[],The female's horn develops slowly. Prefers physical attacks such as clawing and biting.
base2-41,Parasect,base2,Pokémon,Stage 1,60,Grass,Paras,Colorless,Fire,Uncommon,"[{""name"": ""Spore"", ""cost"": [""Grass"", ""Grass""], ""damage"": """", ""text"": ""The Defending Pokémon is now Asleep.""}, {""name"": ""Slash"", ""cost"": [""Colorless"", ""Colorless"", ""Colorless""], ""damage"": ""30"", ""text"": """"}]",[],A host-parasite pair in which the parasite mushroom has taken over the host bug. Prefers damp places.
base2-42,Persian,base2,Pokémon,Stage 1,70,Colorless,Meowth,,Fighting,Uncommon,"[{""name"": ""Scratch"", ""cost"": [""Colorless"", ""Colorless""], ""damage"": ""20"", ""text"": """"}, {""name"": ""Pounce"", ""cost"": [""Colorless"", ""Colorless"", ""Colorless""], ""damage"": ""30"", ""text"": ""If the Defending Pokémon attacks Persian during your next turn, any damage done by the attack is reduced by 10 (after applying Weakness and Resistance). (Benching either Pokémon ends this effect.)""}]",[],"Although its fur has many admirers, it is tough to raise as a pet because of its fickle meanness."
base2-43,Primeape,base2,Pokémon,Stage 1,70,Fighting,Mankey,Colorless,Psychic,Uncommon,"[{""name"": ""Fury Swipes"", ""cost"": [""Fighting"", ""Fighting""], ""damage"": ""20×"", ""text"": ""Flip 3 coins. This attack does 20 damage times the number of heads.""}, {""name"": ""Tantrum"", ""cost"": [""Fighting"", ""Fighting"", ""Colorless""], ""damage"": ""50"", ""text"": ""Flip a coin. If tails, Primeape is now Confused (after doing damage).""}]",[],Always furious and tenacious to boot. It will not abandon chasing its quarry until its quarry is caught.
base2-44,Rapidash,base2,Pokémon,Stage 1,70,Fire,Ponyta,,Water,Uncommon,"[{""name"": ""Stomp"", ""cost"": [""Colorless"", ""Colorless""], ""damage"": ""20+"", ""text"": ""Flip a coin. If heads, this attack does 20 damage plus 10 more damage; if tails, this attack does 20 damage.""}, {""name"": ""Agility"", ""cost"": [""Fire"", ""Fire"", ""Colorless""], ""damage"": ""30"", ""text"": ""Flip a coin. If heads, during your opponent's next turn, prevent all effects of attacks, including damage, done to Rapidash.""}]",[],"Very competitive, this Pokémon will chase anything that moves fast in the hopes of racing it."
base2-45,Rhydon,base2,Pokémon,Stage 1,100,Fighting,Rhyhorn,Colorless|Colorless|Colorless,Grass,Uncommon,"[{""name"": ""Horn Attack"", ""cost"": [""Fighting"", ""Colorless"", ""Colorless""], ""damage"": ""30"", ""text"": """"}, {""name"": ""Ram"", ""cost"": [""Fighting"", ""Fighting"", ""Fighting"", ""Fighting""], ""damage"": ""50"", ""text"": ""Rhydon does 20 damage to itself. If your opponent has any Benched Pokémon, he or she chooses 1 of them and switches it with the Defending Pokémon. (Do the damage before switching the Pokémon. Switch the Pokémon even if Rhydon is knocked out.)""}]",[],"Protected by an armor-like hide, it is capable of living in molten lava of 3600 degrees."
base2-46,Seaking,base2,Pokémon,Stage 1,70,Water,Goldeen,Colorless,Lightning,Uncommon,"[{""name"": ""Horn Attack"", ""cost"": [""Water""], ""damage"": ""10"", ""text"": """"}, {""name"": ""Waterfall"", ""cost"": [""Water"", ""Colorless""], ""damage"": ""30"", ""text"": """"}]",[],"In the autumn spawning season, they can be seen swimming powerfully up rivers and creeks."
base2-47,Tauros,base2,Pokémon,Basic,60,Colorless,,Colorless|Colorless,Fighting,Uncommon,"[{""name"": ""Stomp"", ""cost"": [""Colorless"", ""Colorless""], ""damage"": ""20+"", ""text"": ""Flip a coin. If heads, this attack does 20 damage plus 10 more damage; if tails, this attack does 20 damage.""}, {""name"": ""Rampage"", ""cost"": [""Colorless"", ""Colorless"", ""Colorless""], ""damage"": ""20+"", ""text"": ""Does 20 damage plus 10 more damage for each damage counter on Tauros. Flip a coin. If tails, Tauros is now Confused (after doing damage).""}]",[],"When it targets an enemy, it charges furiously while whipping its body with its long tails."
base2-48,Weepinbell,base2,Pokémon,Stage 1,70,Grass,Bellsprout,Colorless,Fire,Uncommon,"[{""name"": ""Poisonpowder"", ""cost"": [""Grass""], ""damage"": ""10"", ""text"": ""Flip a coin. If heads, the Defending Pokémon is now Poisoned.""}, {""name"": ""Razor Leaf"", ""cost"": [""Grass"", ""Grass""], ""damage"": ""30"", ""text"": """"}]",[],"It spits out poisonpowder to immobilize the enemy, and then finishes the enemy with a spray of acid."
base2-49,Bellsprout,base2,Pokémon,Basic,40,Grass,,Colorless,Fire,Common,"[{""name"": ""Vine Whip"", ""cost"": [""Grass""], ""damage"": ""10"", ""text"": """"}, {""name"": ""Call for Family"", ""cost"": [""Grass""], ""damage"": """", ""text"": ""Search your deck for a Basic Pokémon named Bellsprout and put it onto your Bench. Shuffle your deck afterward. (You can't use this attack if your Bench is full.)""}]",[],A carnivorous Pokémon that traps and eats bugs. It uses its root feet to soak up needed moisture.
base2-50,Cubone,base2,Pokémon,Basic,40,Fighting,,Colorless,Grass,Common,"[{""name"": ""Snivel"", ""cost"": [""Colorless""], ""damage"": """", ""text"": ""If the Defending Pokémon attacks Cubone during your opponent's next turn, any damage done by the attack is reduced by 20 (after applying Weakness and Resistance). (Benching either Pokémon ends this effect.)""}, {""name"": ""Rage"", ""cost"": [""Fighting"", ""Fighting""], ""damage"": ""10+"", ""text"": ""Does 10 damage plus 10 more damage for each damage counter on Cubone.""}]",[],"Because it never removes its skull helmet, no one has ever seen this Pokémon's real face."
base2-51,Eevee,base2,Pokémon,Basic,50,Colorless,,Colorless,Fighting,Common,"[{""name"": ""Tail Wag"", ""cost"": [""Colorless""], ""damage"": """", ""text"": ""Flip a coin. If heads, the Defending Pokémon can't attack Eevee during your opponent's next turn. (Benching either Pokémon ends this effect.)""}, {""name"": ""Quick Attack"", ""cost"": [""Colorless"", ""Colorless""], ""damage"": ""10+"", ""text"": ""Flip a coin. If heads, this attack does 10 damage plus 20 more damage; if tails, this attack does 10 damage.""}]",[],Its genetic code is irregular. It may mutate if it is exposed to radiation from elemental stones.
base2-52,Exeggcute,base2,Pokémon,Basic,50,Grass,,Colorless,Fire,Common,"[{""name"": ""Hypnosis"", ""cost"": [""Psychic""], ""damage"": """", ""text"": ""The Defending Pokémon is now Asleep.""}, {""name"": ""Leech Seed"", ""cost"": [""Grass"", ""Grass""], ""damage"": ""20"", ""text"": ""Unless all damage from this attack is prevented, you may remove 1 damage counter from Exeggcute.""}]",[],"Often mistaken for eggs. When disturbed, they quickly gather and attack in swarms."
base2-53,Goldeen,base2,Pokémon,Basic,40,Water,,,Lightning,Common,"[{""name"": ""Horn Attack"", ""cost"": [""Water""], ""damage"": ""10"", ""text"": """"}]",[],"Its tail fin billows like an elegant ballroom dress, giving it the nickname ""Water Queen."""
base2-54,Jigglypuff,base2,Pokémon,Basic,60,Colorless,,Colorless,Fighting,Common,"[{""name"": ""Lullaby"", ""cost"": [""Colorless""], ""damage"": """", ""text"": ""The Defending Pokémon is now Asleep.""}, {""name"": ""Pound"", ""cost"": [""Colorless"", ""Colorless""], ""damage"": ""20"", ""text"": """"}]",[],"When its huge eyes light up, it sings a mysteriously soothing melody that lulls its enemies to sleep."
base2-55,Mankey,base2,Pokémon,Basic,30,Fighting,,,Psychic,Common,"[{""name"": ""Scratch"", ""cost"": [""Colorless""], ""damage"": ""10"", ""text"": """"}]","[{""name"": ""Peek"", ""type"": ""Pokémon Power"", ""text"": ""Once during your turn (before your attack), you may look at one of the following: the top card of either player's deck, a random card from your opponent's hand, or one of either player's Prizes. This power can't be used if Mankey is Asleep, Confused, or Paralyzed.""}]","Extremely quick to anger. It could be docile one moment, then thrashing away the next."
base2-56,Meowth,base2,Pokémon,Basic,50,Colorless,,Colorless,Fighting,Common,"[{""name"": ""Pay Day"", ""cost"": [""Colorless"", ""Colorless""], ""damage"": ""10"", ""text"": ""Flip a coin. If heads, draw a card.""}]",[],Adores circular objects. Wanders the streets on a nightly basis to look for dropped loose change.
base2-57,Nidoran ♀,base2,Pokémon,Basic,60,Grass,,Colorless,Psychic,Common,"[{""name"": ""Fury Swipes"", ""cost"": [""Grass""], ""damage"": ""10×"", ""text"": ""Flip 3 coins. This attack does 10 damage times the number of heads.""}, {""name"": ""Call for Family"", ""cost"": [""Grass"", ""Grass""], ""damage"": """", ""text"": ""Search your deck for a Basic Pokémon named Nidoran ♂ or Nidoran ♀ and put it onto your Bench. Shuffle your deck afterward. (You can't use this attack if your Bench is full.)""}]",[],"Although small, its venomous barbs make this Pokémon dangerous. The female has smaller horns."
base2-58,Oddish,base2,Pokémon,Basic,50,Grass,,Colorless,Fire,Common,"[{""name"": ""Stun Spore"", ""cost"": [""Grass""], ""damage"": ""10"", ""text"": ""Flip a coin. If heads, the Defending Pokémon is now Paralyzed.""}, {""name"": ""Sprout"", ""cost"": [""Grass"", ""Grass""], ""damage"": """", ""text"": ""Search your deck for a Basic Pokémon named Oddish and put it onto your Bench. Shuffle your deck afterward. (You can't use this attack if your Bench is full.)""}]",[],"During the day, it keeps its face buried in the ground. At night, it wanders around sowing its seeds."
base2-59,Paras,base2,Pokémon,Basic,40,Grass,,Colorless,Fire,Common,"[{""name"": ""Scratch"", ""cost"": [""Colorless"", ""Colorless""], ""damage"": ""20"", ""text"": """"}, {""name"": ""Spore"", ""cost"": [""Grass"", ""Grass""], ""damage"": """", ""text"": ""The Defending Pokémon is now Asleep.""}]",[],Burrows to suck tree roots. The mushrooms on its back grow by drawing nutrients from the bug host.
base2-60,Pikachu,base2,Pokémon,Basic,50,Lightning,,Colorless,Fighting,Common,"[{""name"": ""Spark"", ""cost"": [""Lightning"", ""Lightning""], ""damage"": ""20"", ""text"": ""If your opponent has any Benched Pokémon, choose 1 of them and this attack does 10 damage to it. (Don't apply Weakness and Resistance for Benched Pokémon.)""}]",[],"When several of these Pokémon gather, their electricity can build and cause lightning storms."
base2-61,Rhyhorn,base2,Pokémon,Basic,70,Fighting,,Colorless|Colorless|Colorless,Grass,Common,"[{""name"": ""Leer"", ""cost"": [""Colorless""], ""damage"": """", ""text"": ""Flip a coin. If heads, the Defending Pokémon can't attack Rhyhorn during your opponent's next turn. (Benching either Pokémon ends this effect.)""}, {""name"": ""Horn Attack"", ""cost"": [""Fighting"", ""Colorless"", ""Colorless""], ""damage"": ""30"", ""text"": """"}]",[],"Its massive bones are 1,000 times harder than human bones. It can easily knock a trailer flying."
base2-62,Spearow,base2,Pokémon,Basic,50,Colorless,,,Lightning,Common,"[{""name"": ""Peck"", ""cost"": [""Colorless""], ""damage"": ""10"", ""text"": """"}, {""name"": ""Mirror Move"", ""cost"": [""Colorless"", ""Colorless"", ""Colorless""], ""damage"": """", ""text"": ""If Spearow was attacked last turn, do the final result of that attack on Spearow to the Defending Pokémon.""}]",[],Eats bugs in grassy areas. It has to flap its short wings at high speeds to stay airborne.
base2-63,Venonat,base2,Pokémon,Basic,40,Grass,,Colorless,Fire,Common,"[{""name"": ""Stun Spore"", ""cost"": [""Grass""], ""damage"": ""10"", ""text"": ""Flip a coin. If heads, the Defending Pokémon is now Paralyzed.""}, {""name"": ""Leech Life"", ""cost"": [""Grass"", ""Colorless""], ""damage"": ""10"", ""text"": ""Remove a number of damage counters from Venonat equal to the damage done to the Defending Pokémon (after applying Weakness and Resistance).""}]",[],Lives in the shadows of tall trees where it eats insects. It is attracted by light at night.
base2-64,Poké Ball,base2,Trainer,,,,,,,Common,[],[],
base3-1,Aerodactyl,base3,Pokémon,Stage 1,60,Fighting,Mysterious Fossil,Colorless|Colorless,Grass,Rare Holo,"[{""name"": ""Wing Attack"", ""cost"": [""Colorless"", ""Colorless"", ""Colorless""], ""damage"": ""30"", ""text"": """"}]","[{""name"": ""Prehistoric Power"", ""type"": ""Pokémon Power"", ""text"": ""No more Evolution cards can be played. This power stops working while Aerodactyl is Asleep, Confused, or Paralyzed.""}]",A ferocious prehistoric Pokémon that goes for the enemy's throat with its serrated saw-like fangs.
base3-2,Articuno,base3,Pokémon,Basic,70,Water,,Colorless|Colorless,,Rare Holo,"[{""name"": ""Freeze Dry"", ""cost"": [""Water"", ""Water"", ""Water""], ""damage"": ""30"", ""text"": ""Flip a coin. If heads, the Defending Pokémon is now Paralyzed.""}, {""name"": ""Blizzard"", ""cost"": [""Water"", ""Water"", ""Water"", ""Water""], ""damage"": ""50"", ""text"": ""Flip a coin. If heads, this attack does 10 damage to each of your opponent's Benched Pokémon. If tails, this attack does 10 damage to each of your own Benched Pokémon. (Don't apply Weakness and Resistance for Benched Pokémon.)""}]",[],A legendary bird Pokémon that is said to appear to doomed people who are lost in icy mountains.
base3-3,Ditto,base3,Pokémon,Basic,50,Colorless,,Colorless,Fighting,Rare Holo,[],"[{""name"": ""Transform"", ""type"": ""Pokémon Power"", ""text"": ""If Ditto is your Active Pokémon, treat it as if it were the same card as the Defending Pokémon, including type, Hit Points, Weakness, and so on, except Ditto can't evolve, always has this Pokémon Power, and you may treat any Energy attached to Ditto as Energy of any type. Ditto isn't a copy of any other Pokémon while Ditto is Asleep, Confused, or Paralyzed.""}]",Capable of copying an enemy's genetic code to instantly transform itself into a duplicate of the enemy.
base3-4,Dragonite,base3,Pokémon,Stage 2,100,Colorless,Dragonair,Colorless,,Rare Holo,"[{""name"": ""Slam"", ""cost"": [""Colorless"", ""Colorless"", ""Colorless"", ""Colorless""], ""damage"": ""40×"", ""text"": ""Flip 2 coins. This attack does 40 damage times the number of heads.""}]","[{""name"": ""Step In"", ""type"": ""Pokémon Power"", ""text"": ""Once during your turn (before your attack), if Dragonite is on your Bench, you may switch it with your Active Pokémon.""}]",An extremely rarely seen marine Pokémon. Its intelligence is said to match that of humans.
base3-5,Gengar,base3,Pokémon,Stage 2,80,Psychic,Haunter,Colorless,,Rare Holo,"[{""name"": ""Dark Mind"", ""cost"": [""Psychic"", ""Psychic"", ""Psychic""], ""damage"": ""30"", ""text"": ""If your opponent has any Benched Pokémon, choose 1 of them and this attack does 10 damage to it. (Don't apply Weakness and Resistance for Benched Pokémon.)""}]","[{""name"": ""Curse"", ""type"": ""Pokémon Power"", ""text"": ""Once during your turn (before your attack), you may move 1 damage counter from 1 of your opponent's Pokémon to another (even if it would Knock Out the other Pokémon). This power can't be used if Gengar is Asleep, Confused, or Paralyzed.""}]","Under a full moon, this Pokémon likes to mimic the shadows of people and laugh at their fright."
base3-6,Haunter,base3,Pokémon,Stage 1,50,Psychic,Gastly,,,Rare Holo,"[{""name"": ""Nightmare"", ""cost"": [""Psychic"", ""Colorless""], ""damage"": ""10"", ""text"": ""The Defending Pokémon is now Asleep.""}]","[{""name"": ""Transparency"", ""type"": ""Pokémon Power"", ""text"": ""Whenever an attack does anything to Haunter, flip a coin. If heads, prevent all effects of that attack, including damage, done to Haunter. This power stops working while Haunter is Asleep, Confused, or Paralyzed.""}]","Because of its ability to slip through block walls, it is said to be from another dimension."
base3-7,Hitmonlee,base3,Pokémon,Basic,60,Fighting,,Colorless,Psychic,Rare Holo,"[{""name"": ""Stretch Kick"", ""cost"": [""Fighting"", ""Fighting""], ""damage"": """", ""text"": ""If your opponent has any Benched Pokémon, choose 1 of them and this attack does 20 damage to it. (Don't apply Weakness and Resistance for Benched Pokémon.)""}, {""name"": ""High Jump Kick"", ""cost"": [""Fighting"", ""Fighting"", ""Fighting""], ""damage"": ""50"", ""text"": """"}]",[],"When in a hurry, its legs lengthen progressively. It runs smoothly with extra long, loping strides."
base3-8,Hypno,base3,Pokémon,Stage 1,90,Psychic,Drowzee,Colorless|Colorless,Psychic,Rare Holo,"[{""name"": ""Prophecy"", ""cost"": [""Psychic""], ""damage"": """", ""text"": ""Look at up to 3 cards from the top of either player's deck and rearrange them as you like.""}, {""name"": ""Dark Mind"", ""cost"": [""Psychic"", ""Psychic"", ""Psychic""], ""damage"": ""30"", ""text"": ""If your opponent has any Benched Pokémon, choose 1 of them and this attack does 10 damage to it. (Don't apply Weakness and Resistance for Benched Pokémon.)""}]",[],"When it locks eyes with an enemy, it will use a mix of psi moves such as Hypnosis and Confusion."
base3-9,Kabutops,base3,Pokémon,Stage 2,60,Fighting,Kabuto,Colorless,Grass,Rare Holo,"[{""name"": ""Sharp Sickle"", ""cost"": [""Fighting"", ""Fighting""], ""damage"": ""30"", ""text"": """"}, {""name"": ""Absorb"", ""cost"": [""Fighting"", ""Fighting"", ""Fighting"", ""Fighting""], ""damage"": ""40"", ""text"": ""Remove a number of damage counters from Kabutops equal to half the damage done to the Defending Pokémon (after applying Weakness and Resistance) (rounded up to the nearest 10). If Kabutops has fewer damage counters than that, remove all of them.""}]",[],Its sleek shape is perfect for swimming. It slashes prey with its claws and drains the body fluids.
base3-10,Lapras,base3,Pokémon,Basic,80,Water,,Colorless|Colorless,Lightning,Rare Holo,"[{""name"": ""Water Gun"", ""cost"": [""Water""], ""damage"": ""10+"", ""text"": ""Does 10 damage plus 10 more damage for each Water Energy attached to Lapras but not used to pay for this attack's Energy cost. You can't add more than 20 damage in this way.""}, {""name"": ""Confuse Ray"", ""cost"": [""Water"", ""Water""], ""damage"": ""10"", ""text"": ""Flip a coin. If heads, the Defending Pokémon is now Confused.""}]",[],A Pokémon that has been overhunted almost to extinction. It can ferry people across water.
base3-11,Magneton,base3,Pokémon,Stage 1,80,Lightning,Magnemite,Colorless|Colorless,Fighting,Rare Holo,"[{""name"": ""Sonicboom"", ""cost"": [""Lightning"", ""Colorless""], ""damage"": ""20"", ""text"": ""Don't apply Weakness and Resistance for this attack. (Any other effects that would happen after applying Weakness and Resistance still happen.)""}, {""name"": ""Selfdestruct"", ""cost"": [""Lightning"", ""Lightning"", ""Lightning"", ""Lightning""], ""damage"": ""100"", ""text"": ""Does 20 damage to each Pokémon on each player's Bench. (Don't apply Weakness and Resistance for Benched Pokémon.) Magneton does 100 damage to itself.""}]",[],Formed by several Magnemites linked together. They frequently appear when sunspots flare up.
base3-12,Moltres,base3,Pokémon,Basic,70,Fire,,Colorless|Colorless,,Rare Holo,"[{""name"": ""Wildfire"", ""cost"": [""Fire""], ""damage"": """", ""text"": ""You may discard any number of Fire Energy cards attached to Moltres when you use this attack. If you do, discard that many cards from the top of your opponent's deck.""}, {""name"": ""Dive Bomb"", ""cost"": [""Fire"", ""Fire"", ""Fire"", ""Fire""], ""damage"": ""80"", ""text"": ""Flip a coin. If tails, this attack does nothing.""}]",[],Known as the legendary bird of fire. Every flap of its wings creates a dazzling flash of flames.
base3-13,Muk,base3,Pokémon,Stage 1,70,Grass,Grimer,Colorless|Colorless,Psychic,Rare Holo,"[{""name"": ""Sludge"", ""cost"": [""Grass"", ""Grass"", ""Grass""], ""damage"": ""30"", ""text"": ""Flip a coin. If heads, the Defending Pokémon is now Poisoned.""}]","[{""name"": ""Toxic Gas"", ""type"": ""Pokémon Power"", ""text"": ""Ignore all Pokémon Powers other than Toxic Gases. This power stops working while Muk is Asleep, Confused, or Paralyzed.""}]","Thickly covered with a filthy, vile sludge. It is so toxic, even its footprints contain poison."
base3-14,Raichu,base3,Pokémon,Stage 1,90,Lightning,Pikachu,Colorless,Fighting,Rare Holo,"[{""name"": ""Gigashock"", ""cost"": [""Lightning"", ""Lightning"", ""Lightning"", ""Lightning""], ""damage"": ""30"", ""text"": ""Choose 3 of your opponent's Benched Pokémon and this attack does 10 damage to each of them. (Don't apply Weakness and Resistance for Benched Pokémon.) If your opponent has fewer than 3 Benched Pokémon, do the damage to each of them.""}]",[],Its long tail serves as a ground to protect itself from its own high-voltage power.
base3-15,Zapdos,base3,Pokémon,Basic,80,Lightning,,Colorless|Colorless,,Rare Holo,"[{""name"": ""Thunderstorm"", ""cost"": [""Lightning"", ""Lightning"", ""Lightning"", ""Lightning""], ""damage"": ""40"", ""text"": ""For each of your opponent's Benched Pokémon, flip a coin. If heads, this attack does 20 damage to that Pokémon. (Don't apply Weakness and Resistance for Benched Pokémon.) Then, Zapdos does 10 damage times the number of tails to itself.""}]",[],A legendary thunderbird Pokémon whose anger is said to cause storms. Some say it has lived above the clouds for thousands of years.
base3-16,Aerodactyl,base3,Pokémon,Stage 1,60,Fighting,Mysterious Fossil,Colorless|Colorless,Grass,Rare,"[{""name"": ""Wing Attack"", ""cost"": [""Colorless"", ""Colorless"", ""Colorless""], ""damage"": ""30"", ""text"": """"}]","[{""name"": ""Prehistoric Power"", ""type"": ""Pokémon Power"", ""text"": ""No more Evolution cards can be played. This power stops working while Aerodactyl is Asleep, Confused, or Paralyzed.""}]",A ferocious prehistoric Pokémon that goes for the enemy's throat with its serrated saw-like fangs.
base3-17,Articuno,base3,Pokémon,Basic,70,Water,,Colorless|Colorless,,Rare,"[{""name"": ""Freeze Dry"", ""cost"": [""Water"", ""Water"", ""Water""], ""damage"": ""30"", ""text"": ""Flip a coin. If heads, the Defending Pokémon is now Paralyzed.""}, {""name"": ""Blizzard"", ""cost"": [""Water"", ""Water"", ""Water"", ""Water""], ""damage"": ""50"", ""text"": ""Flip a coin. If heads, this attack does 10 damage to each of your opponent's Benched Pokémon. If tails, this attack does 10 damage to each of your own Benched Pokémon. (Don't apply Weakness and Resistance for Benched Pokémon.)""}]",[],A legendary bird Pokémon that is said to appear to doomed people who are lost in icy mountains.
base3-18,Ditto,base3,Pokémon,Basic,50,Colorless,,Colorless,Fighting,Rare,[],"[{""name"": ""Transform"", ""type"": ""Pokémon Power"", ""text"": ""If Ditto is your Active Pokémon, treat it as if it were the same card as the Defending Pokémon, including type, Hit Points, Weakness, and so on, except Ditto can't evolve, always has this Pokémon Power, and you may treat any Energy attached to Ditto as Energy of any type. Ditto isn't a copy of any other Pokémon while Ditto is Asleep, Confused, or Paralyzed.""}]",Capable of copying an enemy's genetic code to instantly transform itself into a duplicate of the enemy.
base3-19,Dragonite,base3,Pokémon,Stage 2,100,Colorless,Dragonair,Colorless,,Rare,"[{""name"": ""Slam"", ""cost"": [""Colorless"", ""Colorless"", ""Colorless"", ""Colorless""], ""damage"": ""40×"", ""text"": ""Flip 2 coins. This attack does 40 damage times the number of heads.""}]","[{""name"": ""Step In"", ""type"": ""Pokémon Power"", ""text"": ""Once during your turn (before your attack), if Dragonite is on your Bench, you may switch it with your Active Pokémon.""}]",An extremely rarely seen marine Pokémon. Its intelligence is said to match that of humans.
base3-20,Gengar,base3,Pokémon,Stage 2,80,Psychic,Haunter,Colorless,,Rare,"[{""name"": ""Dark Mind"", ""cost"": [""Psychic"", ""Psychic"", ""Psychic""], ""damage"": ""30"", ""text"": ""If your opponent has any Benched Pokémon, choose 1 of them and this attack does 10 damage to it. (Don't apply Weakness and Resistance for Benched Pokémon.)""}]","[{""name"": ""Curse"", ""type"": ""Pokémon Power"", ""text"": ""Once during your turn (before your attack), you may move 1 damage counter from 1 of your opponent's Pokémon to another (even if it would Knock Out the other Pokémon). This power can't be used if Gengar is Asleep, Confused, or Paralyzed.""}]","Under a full moon, this Pokémon likes to mimic the shadows of people and laugh at their fright."
base3-21,Haunter,base3,Pokémon,Stage 1,50,Psychic,Gastly,,,Rare,"[{""name"": ""Nightmare"", ""cost"": [""Psychic"", ""Colorless""], ""damage"": ""10"", ""text"": ""The Defending Pokémon is now Asleep.""}]","[{""name"": ""Transparency"", ""type"": ""Pokémon Power"", ""text"": ""Whenever an attack does anything to Haunter, flip a coin. If heads, prevent all effects of that attack, including damage, done to Haunter. This power stops working while Haunter is Asleep, Confused, or Paralyzed.""}]","Because of its ability to slip through block walls, it is said to be from another dimension."
base3-22,Hitmonlee,base3,Pokémon,Basic,60,Fighting,,Colorless,Psychic,Rare,"[{""name"": ""Stretch Kick"", ""cost"": [""Fighting"", ""Fighting""], ""damage"": """", ""text"": ""If your opponent has any Benched Pokémon, choose 1 of them and this attack does 20 damage to it. (Don't apply Weakness and Resistance for Benched Pokémon.)""}, {""name"": ""High Jump Kick"", ""cost"": [""Fighting"", ""Fighting"", ""Fighting""], ""damage"": ""50"", ""text"": """"}]",[],"When in a hurry, its legs lengthen progressively. It runs smoothly with extra long, loping strides."
base3-23,Hypno,base3,Pokémon,Stage 1,90,Psychic,Drowzee,Colorless|Colorless,Psychic,Rare,"[{""name"": ""Prophecy"", ""cost"": [""Psychic""], ""damage"": """", ""text"": ""Look at up to 3 cards from the top of either player's deck and rearrange them as you like.""}, {""name"": ""Dark Mind"", ""cost"": [""Psychic"", ""Psychic"", ""Psychic""], ""damage"": ""30"", ""text"": ""If your opponent has any Benched Pokémon, choose 1 of them and this attack does 10 damage to it. (Don't apply Weakness and Resistance for Benched Pokémon.)""}]",[],"When it locks eyes with an enemy, it will use a mix of psi moves such as Hypnosis and Confusion."
base3-24,Kabutops,base3,Pokémon,Stage 2,60,Fighting,Kabuto,Colorless,Grass,Rare,"[{""name"": ""Sharp Sickle"", ""cost"": [""Fighting"", ""Fighting""], ""damage"": ""30"", ""text"": """"}, {""name"": ""Absorb"", ""cost"": [""Fighting"", ""Fighting"", ""Fighting"", ""Fighting""], ""damage"": ""40"", ""text"": ""Remove a number of damage counters from Kabutops equal to half the damage done to the Defending Pokémon (after applying Weakness and Resistance) (rounded up to the nearest 10). If Kabutops has fewer damage counters than that, remove all of them.""}]",[],Its sleek shape is perfect for swimming. It slashes prey with its claws and drains the body fluids. 
base3-25,Lapras,base3,Pokémon,Basic,80,Water,,Colorless|Colorless,Lightning,Rare,"[{""name"": ""Water Gun"", ""cost"": [""Water""], ""damage"": ""10+"", ""text"": ""Does 10 damage plus 10 more damage for each Water Energy attached to Lapras but not used to pay for this attack's Energy cost. You can't add more than 20 damage in this way.""}, {""name"": ""Confuse Ray"", ""cost"": [""Water"", ""Water""], ""damage"": ""10"", ""text"": ""Flip a coin. If heads, the Defending Pokémon is now Confused.""}]",[],A Pokémon that has been overhunted almost to extinction. It can ferry people across water.
base3-26,Magneton,base3,Pokémon,Stage 1,80,Lightning,Magnemite,Colorless|Colorless,Fighting,Rare,"[{""name"": ""Sonicboom"", ""cost"": [""Lightning"", ""Colorless""], ""damage"": ""20"", ""text"": ""Don't apply Weakness and Resistance for this attack. (Any other effects that would happen after applying Weakness and Resistance still happen.)""}, {""name"": ""Selfdestruct"", ""cost"": [""Lightning"", ""Lightning"", ""Lightning"", ""Lightning""], ""damage"": ""100"", ""text"": ""Does 20 damage to each Pokémon on each player's Bench. (Don't apply Weakness and Resistance for Benched Pokémon.) Magneton does 100 damage to itself.""}]",[],Formed by several Magnemites linked together. They frequently appear when sunspots flare up.
base3-27,Moltres,base3,Pokémon,Basic,70,Fire,,Colorless|Colorless,,Rare,"[{""name"": ""Wildfire"", ""cost"": [""Fire""], ""damage"": """", ""text"": ""You may discard any number of Fire Energy cards attached to Moltres when you use this attack. If you do, discard that many cards from the top of your opponent's deck.""}, {""name"": ""Dive Bomb"", ""cost"": [""Fire"", ""Fire"", ""Fire"", ""Fire""], ""damage"": ""80"", ""text"": ""Flip a coin. If tails, this attack does nothing.""}]",[],Known as the legendary bird of fire. Every flap of its wings creates a dazzling flash of flames.
base3-28,Muk,base3,Pokémon,Stage 1,70,Grass,Grimer,Colorless|Colorless,Psychic,Rare,"[{""name"": ""Sludge"", ""cost"": [""Grass"", ""Grass"", ""Grass""], ""damage"": ""30"", ""text"": ""Flip a coin. If heads, the Defending Pokémon is now Poisoned.""}]","[{""name"": ""Toxic Gas"", ""type"": ""Pokémon Power"", ""text"": ""Ignore all Pokémon Powers other than Toxic Gases. This power stops working while Muk is Asleep, Confused, or Paralyzed.""}]","Thickly covered with a filthy, vile sludge. It is so toxic, even its footprints contain poison."
base3-29,Raichu,base3,Pokémon,Stage 1,90,Lightning,Pikachu,Colorless,Fighting,Rare,"[{""name"": ""Gigashock"", ""cost"": [""Lightning"", ""Lightning"", ""Lightning"", ""Lightning""], ""damage"": ""30"", ""text"": ""Choose 3 of your opponent's Benched Pokémon and this attack does 10 damage to each of them. (Don't apply Weakness and Resistance for Benched Pokémon.) If your opponent has fewer than 3 Benched Pokémon, do that damage to each of them.""}]",[],Its long tail serves as a ground to protect itself from its own high voltage power.
base3-30,Zapdos,base3,Pokémon,Basic,80,Lightning,,Colorless|Colorless,,Rare,"[{""name"": ""Thunderstorm"", ""cost"": [""Lightning"", ""Lightning"", ""Lightning"", ""Lightning""], ""damage"": ""40"", ""text"": ""For each of your opponent's Benched Pokémon, flip a coin. If heads, this attack does 20 damage to that Pokémon. (Don't apply Weakness and Resistance for Benched Pokémon.) Then, Zapdos does 10 damage times the number of tails to itself.""}]",[],A legendary thunderbird Pokémon whose anger is said to cause storms. Some say it has lived above the clouds for thousands of years.
base3-31,Arbok,base3,Pokémon,Stage 1,60,Grass,Ekans,Colorless|Colorless,Psychic,Uncommon,"[{""name"": ""Terror Strike"", ""cost"": [""Grass""], ""damage"": ""10"", ""text"": ""Flip a coin. If heads and if your opponent has any Benched Pokémon, he or she chooses 1 of them and switches it with the Defending Pokémon. (Do the damage before switching the Pokémon.)""}, {""name"": ""Poison Fang"", ""cost"": [""Grass"", ""Grass"", ""Colorless""], ""damage"": ""20"", ""text"": ""The Defending Pokémon is now Poisoned.""}]",[],It is rumored that the ferocious warning markings on its belly differ from area to area.
base3-32,Cloyster,base3,Pokémon,Stage 1,50,Water,Shellder,Colorless|Colorless,Lightning,Uncommon,"[{""name"": ""Clamp"", ""cost"": [""Water"", ""Water""], ""damage"": ""30"", ""text"": ""Flip a coin. If heads, the Defending Pokémon is now Paralyzed. If tails, this attack does nothing (not even damage).""}, {""name"": ""Spike Cannon"", ""cost"": [""Water"", ""Water""], ""damage"": ""30×"", ""text"": ""Flip 2 coins. This attack does 30 damage times the number of heads.""}]",[],"When attacked, it launches its horns in quick volleys. Its innards have never been seen."
base3-33,Gastly,base3,Pokémon,Basic,50,Psychic,,,,Uncommon,"[{""name"": ""Lick"", ""cost"": [""Psychic""], ""damage"": ""10"", ""text"": ""Flip a coin. If heads, the Defending Pokémon is now Paralyzed.""}, {""name"": ""Energy Conversion"", ""cost"": [""Psychic"", ""Psychic""], ""damage"": """", ""text"": ""Put up to 2 Energy cards from your discard pile into your hand. Gastly does 10 damage to itself.""}]",[],"A mysterious Pokémon. Some say it is a lifeform from another dimension, while other believe it is formed from smog."
base3-34,Golbat,base3,Pokémon,Stage 1,60,Grass,Zubat,,Psychic,Uncommon,"[{""name"": ""Wing Attack"", ""cost"": [""Colorless"", ""Colorless"", ""Colorless""], ""damage"": ""30"", ""text"": """"}, {""name"": ""Leech Life"", ""cost"": [""Grass"", ""Grass"", ""Colorless""], ""damage"": ""20"", ""text"": ""Remove a number of damage counters from Golbat equal to the damage done to the Defending Pokémon (after applying Weakness and Resistance). If Golbat has fewer damage counters than that, remove all of them.""}]",[],"Once it strikes, it will not stop draining energy from the victim even if it gets too heavy to fly."
base3-35,Golduck,base3,Pokémon,Stage 1,70,Water,Psyduck,Colorless,Lightning,Uncommon,"[{""name"": ""Psyshock"", ""cost"": [""Psychic""], ""damage"": ""10"", ""text"": ""Flip a coin. If heads, the Defending Pokémon is now Paralyzed.""}, {""name"": ""Hyper Beam"", ""cost"": [""Water"", ""Water"", ""Colorless""], ""damage"": ""20"", ""text"": ""If the Defending Pokémon has any Energy cards attached to it, choose 1 of them and discard it.""}]",[],"Often seen swimming elegantly by lake shores. It is often mistaken for the Japanese monster, Kappa."
base3-36,Golem,base3,Pokémon,Stage 2,80,Fighting,Graveler,Colorless|Colorless|Colorless|Colorless,Grass,Uncommon,"[{""name"": ""Avalanche"", ""cost"": [""Fighting"", ""Fighting"", ""Fighting"", ""Colorless""], ""damage"": ""60"", ""text"": """"}, {""name"": ""Selfdestruct"", ""cost"": [""Fighting"", ""Fighting"", ""Fighting"", ""Fighting""], ""damage"": ""100"", ""text"": ""Does 20 damage to each Pokémon on each player's Bench. (Don't apply Weakness and Resistance for Benched Pokémon.) Golem does 100 damage to itself.""}]",[],Its boulder-like body is extremely hard. It can easily withstand dynamite blasts without damage.
base3-37,Graveler,base3,Pokémon,Stage 1,60,Fighting,Geodude,Colorless|Colorless,Grass,Uncommon,"[{""name"": ""Harden"", ""cost"": [""Fighting"", ""Fighting""], ""damage"": """", ""text"": ""During your opponent's next turn, whenever 30 or less damage is done to Graveler (after applying Weakness and Resistance), prevent that damage. (Any other effects of attacks still happen.)""}, {""name"": ""Rock Throw"", ""cost"": [""Fighting"", ""Fighting"", ""Colorless""], ""damage"": ""40"", ""text"": """"}]",[],Rolls down slopes to move. It rolls over any obstacle without slowing or changing its direction.
base3-38,Kingler,base3,Pokémon,Stage 1,60,Water,Krabby,Colorless|Colorless|Colorless,Lightning,Uncommon,"[{""name"": ""Flail"", ""cost"": [""Water""], ""damage"": ""10×"", ""text"": ""Does 10 damage times the number of damage counters on Kingler.""}, {""name"": ""Crabhammer"", ""cost"": [""Water"", ""Water"", ""Colorless""], ""damage"": ""40"", ""text"": """"}]",[],"The large pincer has 10,000 horsepower of crushing power. However, its huge size makes it unwieldy to use."
base3-39,Magmar,base3,Pokémon,Basic,70,Fire,,Colorless,Water,Uncommon,"[{""name"": ""Smokescreen"", ""cost"": [""Fire""], ""damage"": ""10"", ""text"": ""If the Defending Pokémon tries to attack during your opponent's next turn, your opponent flips a coin. If tails, that attack does nothing.""}, {""name"": ""Smog"", ""cost"": [""Fire"", ""Fire""], ""damage"": ""20"", ""text"": ""Flip a coin. If heads, the Defending Pokémon is now Poisoned.""}]",[],Found at the mouths of volcanoes and extremely hard to spot. There are very few instances of capturing this Pokémon.
base3-40,Omastar,base3,Pokémon,Stage 2,70,Water,Omanyte,Colorless,Grass,Uncommon,"[{""name"": ""Water Gun"", ""cost"": [""Water"", ""Colorless""], ""damage"": ""20+"", ""text"": ""Does 20 damage plus 10 more damage for each Water Energy attached to Omastar but not used to pay for this attack's Energy cost. You can't add more than 20 damage in this way.""}, {""name"": ""Spike Cannon"", ""cost"": [""Water"", ""Water""], ""damage"": ""30×"", ""text"": ""Flip 2 coins. This attack does 30 damage times the number of heads.""}]",[],A prehistoric Pokémon that died out when its heavy shell made it impossible for it to catch prey.
base3-41,Sandslash,base3,Pokémon,Stage 1,70,Fighting,Sandshrew,Colorless,Grass,Uncommon,"[{""name"": ""Slash"", ""cost"": [""Colorless"", ""Colorless""], ""damage"": ""20"", ""text"": """"}, {""name"": ""Fury Swipes"", ""cost"": [""Fighting"", ""Fighting""], ""damage"": ""20×"", ""text"": ""Flip 3 coins. This attack does 20 damage times the number of heads.""}]",[],Curls up into a spiny ball when threatened. It can roll while curled up to attack or escape.
base3-42,Seadra,base3,Pokémon,Stage 1,60,Water,Horsea,Colorless,Lightning,Uncommon,"[{""name"": ""Water Gun"", ""cost"": [""Water"", ""Colorless""], ""damage"": ""20+"", ""text"": ""Does 20 damage plus 10 more damage for each Water Energy attached to Seadra but not used to pay for this attack's Energy cost. You can't add more than 20 damage in this way.""}, {""name"": ""Agility"", ""cost"": [""Water"", ""Colorless"", ""Colorless""], ""damage"": ""20"", ""text"": ""Flip a coin. If heads, during your opponent's next turn, prevent all effects of attacks, including damage, done to Seadra.""}]",[],Capable of swimming backward by rapidly flapping its wing-like pectoral fins and stout tail.
base3-43,Slowbro,base3,Pokémon,Stage 1,60,Psychic,Slowpoke,Colorless,Psychic,Uncommon,"[{""name"": ""Psyshock"", ""cost"": [""Psychic"", ""Psychic""], ""damage"": ""20"", ""text"": ""Flip a coin. If heads, the Defending Pokémon is now Paralyzed.""}]","[{""name"": ""Strange Behavior"", ""type"": ""Pokémon Power"", ""text"": ""As often as you like during your turn (before your attack), you may move 1 damage counter from 1 of your Pokémon to Slowbro as long as you don't Knock Out Slowbro. This power can't be used if Slowbro is Asleep, Confused, or Paralyzed.""}]",The Shellder that is latched onto Slowpoke's tail is said to feed on the host's left-over scraps.
base3-44,Tentacruel,base3,Pokémon,Stage 1,60,Water,Tentacool,,Lightning,Uncommon,"[{""name"": ""Supersonic"", ""cost"": [""Water""], ""damage"": """", ""text"": ""Flip a coin. If heads, the Defending Pokémon is now Confused.""}, {""name"": ""Jellyfish Sting"", ""cost"": [""Water"", ""Water""], ""damage"": ""10"", ""text"": ""The Defending Pokémon is now Poisoned.""}]",[],"The tentacles are normally kept short. On hunts, they are extended to ensnare and immobilize prey."
base3-45,Weezing,base3,Pokémon,Stage 1,60,Grass,Koffing,Colorless,Psychic,Uncommon,"[{""name"": ""Smog"", ""cost"": [""Grass"", ""Grass""], ""damage"": ""20"", ""text"": ""Flip a coin. If heads, the Defending Pokémon is now Poisoned.""}, {""name"": ""Selfdestruct"", ""cost"": [""Grass"", ""Grass"", ""Colorless""], ""damage"": ""60"", ""text"": ""Does 10 damage to each Pokémon on each player's Bench. (Don't apply Weakness and Resistance for Benched Pokémon.) Weezing does 60 damage to itself.""}]",[],"Where two kinds of poison gases meet, two Koffings can fuse into a Weezing over many years."
base3-46,Ekans,base3,Pokémon,Basic,40,Grass,,Colorless,Psychic,Common,"[{""name"": ""Spit Poison"", ""cost"": [""Grass""], ""damage"": """", ""text"": ""Flip a coin. If heads, the Defending Pokémon is now Poisoned.""}, {""name"": ""Wrap"", ""cost"": [""Grass"", ""Colorless""], ""damage"": ""20"", ""text"": ""Flip a coin. If heads, the Defending Pokémon is now Paralyzed.""}]",[],Moves silently and stealthily. Eats the eggs of birds such as Pidgey and Spearow whole.
base3-47,Geodude,base3,Pokémon,Basic,50,Fighting,,Colorless,Grass,Common,"[{""name"": ""Stone Barrage"", ""cost"": [""Fighting"", ""Colorless""], ""damage"": ""10×"", ""text"": ""Flip a coin until you get tails. This attack does 10 damage times the number of heads.""}]",[],"Found in fields and mountains. Mistaking them for boulders, people often step or trip on them."
base3-48,Grimer,base3,Pokémon,Basic,50,Grass,,Colorless,Psychic,Common,"[{""name"": ""Nasty Goo"", ""cost"": [""Colorless""], ""damage"": ""10"", ""text"": ""Flip a coin. If heads, the Defending Pokémon is now Paralyzed.""}, {""name"": ""Minimize"", ""cost"": [""Grass""], ""damage"": """", ""text"": ""All damage done by attacks to Grimer during your opponent's next turn is reduced by 20 (after applying Weakness and Resistance).""}]",[],Appears in filthy areas. Thrives by sucking up polluted sludge that is pumped out of factories.
base3-49,Horsea,base3,Pokémon,Basic,40,Water,,,Lightning,Common,"[{""name"": ""Smokescreen"", ""cost"": [""Water""], ""damage"": ""10"", ""text"": ""If the Defending Pokémon tries to attack during your opponent's next turn, your opponent flips a coin. If tails, that attack does nothing.""}]",[],Known to shoot down flying bugs with precision blasts of ink from the surface of the water.
base3-50,Kabuto,base3,Pokémon,Stage 1,30,Fighting,Mysterious Fossil,Colorless,Grass,Common,"[{""name"": ""Scratch"", ""cost"": [""Colorless""], ""damage"": ""10"", ""text"": """"}]","[{""name"": ""Kabuto Armor"", ""type"": ""Pokémon Power"", ""text"": ""Whenever an attack (even your own) does damage to Kabuto (after applying Weakness and Resistance), that attack does half the damage to Kabuto (rounded down to the nearest 10). (Any other effects of attacks still happen.) This power stops working while Kabuto is Asleep, Confused, or Paralyzed.""}]",A Pokémon that was resurrected from a fossil found in what was once the ocean floor eons ago.
base3-51,Krabby,base3,Pokémon,Basic,50,Water,,Colorless|Colorless,Lightning,Common,"[{""name"": ""Call for Family"", ""cost"": [""Water""], ""damage"": """", ""text"": ""Search your deck for a Basic Pokémon named Krabby and put it onto your Bench. Shuffle your deck afterward. (You can't use this attack if your Bench if full.)""}, {""name"": ""Irongrip"", ""cost"": [""Water"", ""Colorless""], ""damage"": ""20"", ""text"": """"}]",[],"Its pincers are not only powerful weapons, they are used for balance when walking sideways."
base3-52,Omanyte,base3,Pokémon,Stage 1,40,Water,Mysterious Fossil,Colorless,Grass,Common,"[{""name"": ""Water Gun"", ""cost"": [""Water""], ""damage"": ""10+"", ""text"": ""Does 10 damage plus 10 more damage for each Water Energy attached to Omanyte but not used to pay for this attack's Energy cost. You can't add more than 20 damage in this way.""}]","[{""name"": ""Clairvoyance"", ""type"": ""Pokémon Power"", ""text"": ""Your opponent plays with his or her hand face up. This power stops working while Omanyte is Asleep, Confused, or Paralyzed.""}]","Although long extinct, in rare cases, it can be genetically resurrected from fossils."
base3-53,Psyduck,base3,Pokémon,Basic,50,Water,,Colorless,Lightning,Common,"[{""name"": ""Headache"", ""cost"": [""Psychic""], ""damage"": """", ""text"": ""Your opponent can't play Trainer cards during his or her next turn.""}, {""name"": ""Fury Swipes"", ""cost"": [""Water""], ""damage"": ""10×"", ""text"": ""Flip 3 coins. This attack does 10 damage times the number of heads.""}]",[],"While lulling its enemies with its vacant look, this wily Pokémon will use psychokinetic powers."
base3-54,Shellder,base3,Pokémon,Basic,30,Water,,Colorless,Lightning,Common,"[{""name"": ""Supersonic"", ""cost"": [""Water""], ""damage"": """", ""text"": ""Flip a coin. If heads, the Defending Pokémon is now Confused.""}, {""name"": ""Hide in Shell"", ""cost"": [""Water""], ""damage"": """", ""text"": ""Flip a coin. If heads, prevent all damage done to Shellder during your opponent's next turn. (Any other effects of attacks still happen.)""}]",[],Its hard shell repels any kind of attack. It is vulnerable only when its shell is open.
base3-55,Slowpoke,base3,Pokémon,Basic,50,Psychic,,Colorless,Psychic,Common,"[{""name"": ""Spacing Out"", ""cost"": [""Colorless""], ""damage"": """", ""text"": ""Flip a coin. If heads, remove a damage counter from Slowpoke. This attack can't be used if Slowpoke has no damage counters on it.""}, {""name"": ""Scavenge"", ""cost"": [""Psychic"", ""Psychic""], ""damage"": """", ""text"": ""Discard 1 Psychic Energy card attached to Slowpoke in order to use this attack. Put a Trainer card from your discard pile into your hand.""}]",[],Incredibly slow and dopey. It takes 5 seconds for it to feel pain when under attack.
base3-56,Tentacool,base3,Pokémon,Basic,30,Water,,,Lightning,Common,"[{""name"": ""Acid"", ""cost"": [""Water""], ""damage"": ""10"", ""text"": """"}]","[{""name"": ""Cowardice"", ""type"": ""Pokémon Power"", ""text"": ""At any time during your turn (before your attack), you may return Tentacool to your hand. (Discard all cards attached to Tentacool.) This power can't be used the turn you put Tentacool into play or if Tentacool is Asleep, Confused, or Paralyzed.""}]",Drifts in shallow seas. Anglers who hook them by accident are often punished by its stinging acid.
base3-57,Zubat,base3,Pokémon,Basic,40,Grass,,,Psychic,Common,"[{""name"": ""Supersonic"", ""cost"": [""Colorless"", ""Colorless""], ""damage"": """", ""text"": ""Flip a coin. If heads, the Defending Pokémon is now Confused.""}, {""name"": ""Leech Life"", ""cost"": [""Grass"", ""Colorless""], ""damage"": ""10"", ""text"": ""Remove a number of damage counters from Zubat equal to the damage done to the Defending Pokémon (after applying Weakness and Resistance). If Zubat has fewer damage counters than that, remove all of them.""}]",[],Forms colonies in perpetually dark places. Uses ultrasonic waves to identify and approach targets.
base3-58,Mr. Fuji,base3,Trainer,,,,,,,Uncommon,[],[],
base3-59,Energy Search,base3,Trainer,,,,,,,Common,[],[],
base3-60,Gambler,base3,Trainer,,,,,,,Common,[],[],
base3-61,Recycle,base3,Trainer,,,,,,,Common,[],[],
base3-62,Mysterious Fossil,base3,Trainer,,10,,,,,Common,[],[],
base4-1,Alakazam,base4,Pokémon,Stage 2,80,Psychic,Kadabra,Colorless|Colorless|Colorless,Psychic,Rare Holo,"[{""name"": ""Confuse Ray"", ""cost"": [""Psychic"", ""Psychic"", ""Psychic""], ""damage"": ""30"", ""text"": ""Flip a coin. If heads, the Defending Pokémon is now Confused.""}]","[{""name"": ""Damage Swap"", ""type"": ""Pokémon Power"", ""text"": ""As often as you like during your turn (before your attack), you may move 1 damage counter from 1 of your Pokémon to another as long as you don't Knock Out that Pokémon. This power can't be used if Alakazam is Asleep, Confused, or Paralyzed.""}]",Its brain can outperform a supercomputer. Its intelligence quotient is said to be 5000.
base4-2,Blastoise,base4,Pokémon,Stage 2,100,Water,Wartortle,Colorless|Colorless|Colorless,Lightning,Rare Holo,"[{""name"": ""Hydro Pump"", ""cost"": [""Water"", ""Water"", ""Water""], ""damage"": ""40+"", ""text"": ""Does 40 damage plus 10 more damage for each Water Energy attached to Blastoise but not used to pay for this attack's Energy cost. You can't add more than 20 damage in this way.""}]","[{""name"": ""Rain Dance"", ""type"": ""Pokémon Power"", ""text"": ""As often as you like during your turn (before your attack), you may attach 1 Water Energy card to 1 of your Water Pokémon. (This doesn't use up your 1 Energy card attachment for the turn.) This power can't be used if Blastoise is Asleep, Confused, or Paralyzed.""}]",A brutal Pokémon with pressurized water jets on its shell. They are used for high-speed tackles.
base4-3,Chansey,base4,Pokémon,Basic,120,Colorless,,Colorless,Fighting,Rare Holo,"[{""name"": ""Scrunch"", ""cost"": [""Colorless"", ""Colorless""], ""damage"": """", ""text"": ""Flip a coin. If heads, prevent all damage done to Chansey during your opponent's next turn. (Any other effects of attacks still happen.)""}, {""name"": ""Double-edge"", ""cost"": [""Colorless"", ""Colorless"", ""Colorless"", ""Colorless""], ""damage"": ""80"", ""text"": ""Chansey does 80 damage to itself.""}]",[],A rare and elusive Pokémon that is said to bring happiness to those who manage to catch it.
base4-4,Charizard,base4,Pokémon,Stage 2,120,Fire,Charmeleon,Colorless|Colorless|Colorless,Water,Rare Holo,"[{""name"": ""Fire Spin"", ""cost"": [""Fire"", ""Fire"", ""Fire"", ""Fire""], ""damage"": ""100"", ""text"": ""Discard 2 Energy cards attached to Charizard in order to use this attack.""}]","[{""name"": ""Energy Burn"", ""type"": ""Pokémon Power"", ""text"": ""As often as you like during your turn (before your attack), you may turn all Energy attached to Charizard into Fire Energy for the rest of the turn. This power can't be used if Charizard is Asleep, Confused, or Paralyzed.""}]",Spits fire that is hot enough to melt boulders. Known to unintentionally cause forest fires.
base4-5,Clefable,base4,Pokémon,Stage 1,70,Colorless,Clefairy,Colorless|Colorless,Fighting,Rare Holo,"[{""name"": ""Metronome"", ""cost"": [""Colorless""], ""damage"": """", ""text"": ""Choose 1 of the Defending Pokémon's attacks. Metronome copies that attack except for its Energy costs and anything else required in order to use that attack, such as discarding Energy cards. (No matter what type the Defending Pokémon is, Clefable's type is still Colorless.)""}, {""name"": ""Minimize"", ""cost"": [""Colorless"", ""Colorless""], ""damage"": """", ""text"": ""All damage done by attacks to Clefable during your opponent's next turn is reduced by 20 (after applying Weakness and Resistance).""}]",[],A timid Fairy Pokémon that is rarely seen. It will run and hide the moment it senses people.
base4-6,Clefairy,base4,Pokémon,Basic,40,Colorless,,Colorless,Fighting,Rare Holo,"[{""name"": ""Sing"", ""cost"": [""Colorless""], ""damage"": """", ""text"": ""Flip a coin. If heads, the Defending Pokémon is now Asleep.""}, {""name"": ""Metronome"", ""cost"": [""Colorless"", ""Colorless"", ""Colorless""], ""damage"": """", ""text"": ""Choose 1 of the Defending Pokémon's attacks. Metronome copies that attack except for its Energy costs and anything else required in order to use that attack, such as discarding Energy cards. (No matter what type the Defending Pokémon is, Clefairy's type is still Colorless.)""}]",[],Its magical and cute appeal has many admirers. It is rare and found only in certain areas.
base4-7,Gyarados,base4,Pokémon,Stage 1,100,Water,Magikarp,Colorless|Colorless|Colorless,Grass,Rare Holo,"[{""name"": ""Dragon Rage"", ""cost"": [""Water"", ""Water"", ""Water""], ""damage"": ""50"", ""text"": """"}, {""name"": ""Bubblebeam"", ""cost"": [""Water"", ""Water"", ""Water"", ""Water""], ""damage"": ""40"", ""text"": ""Flip a coin. If heads, the Defending Pokémon is now Paralyzed.""}]",[],"Rarely seen in the wild. Huge and vicious, it is capable of destroying entire cities in a rage."
base4-8,Hitmonchan,base4,Pokémon,Basic,70,Fighting,,Colorless|Colorless,Psychic,Rare Holo,"[{""name"": ""Jab"", ""cost"": [""Fighting""], ""damage"": ""20"", ""text"": """"}, {""name"": ""Special Punch"", ""cost"": [""Fighting"", ""Fighting"", ""Colorless""], ""damage"": ""40"", ""text"": """"}]",[],"While seeming to do nothing, it fires punches in lightning-fast volleys that are impossible to see."
base4-9,Magneton,base4,Pokémon,Stage 1,60,Lightning,Magnemite,Colorless,Fighting,Rare Holo,"[{""name"": ""Thunder Wave"", ""cost"": [""Lightning"", ""Lightning"", ""Colorless""], ""damage"": ""30"", ""text"": ""Flip a coin. If heads, the Defending Pokémon is now Paralyzed.""}, {""name"": ""Selfdestruct"", ""cost"": [""Lightning"", ""Lightning"", ""Colorless"", ""Colorless""], ""damage"": ""80"", ""text"": ""Does 20 damage to each player's Bench. (Don't apply Weakness and Resistance for Benched Pokémon.) Magneton does 80 damage to itself.""}]",[],Formed by several Magnemites linked together. It frequently appears when sunspots flare up.
base4-10,Mewtwo,base4,Pokémon,Basic,60,Psychic,,Colorless|Colorless|Colorless,Psychic,Rare Holo,"[{""name"": ""Psychic"", ""cost"": [""Psychic"", ""Colorless""], ""damage"": ""10+"", ""text"": ""Does 10 damage plus 10 more damage for each Energy card attached to the Defending Pokémon.""}, {""name"": ""Barrier"", ""cost"": [""Psychic"", ""Psychic""], ""damage"": """", ""text"": ""Discard 1 Psychic Energy card attached to Mewtwo in order to use this attack. During your opponent's next turn, prevent all effects of attacks, including damage, done to Mewtwo.""}]",[],A scientist created this Pokémon after years of horrific gene-splicing and DNA engineering experiments.
base4-11,Nidoking,base4,Pokémon,Stage 2,90,Grass,Nidorino,Colorless|Colorless|Colorless,Psychic,Rare Holo,"[{""name"": ""Thrash"", ""cost"": [""Grass"", ""Colorless"", ""Colorless""], ""damage"": ""30+"", ""text"": ""Flip a coin. If heads, this attack does 30 damage plus 10 more damage; if tails, this attack does 30 damage and Nidoking does 10 damage to itself.""}, {""name"": ""Toxic"", ""cost"": [""Grass"", ""Grass"", ""Grass""], ""damage"": ""20"", ""text"": ""The Defending Pokémon is now Poisoned. It now takes 20 Poison damage instead of 10 after each player's turn (even if it was already Poisoned).""}]",[],"Uses its powerful tail in battle to smash, constrict, then break its prey's bones."
base4-12,Nidoqueen,base4,Pokémon,Stage 2,90,Grass,Nidorina,Colorless|Colorless|Colorless,Psychic,Rare Holo,"[{""name"": ""Boyfriends"", ""cost"": [""Grass"", ""Colorless""], ""damage"": ""20+"", ""text"": ""Does 20 damage plus 20 more damage for each Nidoking you have in play.""}, {""name"": ""Mega Punch"", ""cost"": [""Grass"", ""Grass"", ""Colorless"", ""Colorless""], ""damage"": ""50"", ""text"": """"}]",[],Its hard scales provide strong protection. It uses its hefty bulk to execute powerful moves.
base4-13,Ninetales,base4,Pokémon,Stage 1,80,Fire,Vulpix,Colorless,Water,Rare Holo,"[{""name"": ""Lure"", ""cost"": [""Colorless"", ""Colorless""], ""damage"": """", ""text"": ""If your opponent has any Benched Pokémon, choose 1 of them and switch it with the Defending Pokémon.""}, {""name"": ""Fire Blast"", ""cost"": [""Fire"", ""Fire"", ""Fire"", ""Fire""], ""damage"": ""80"", ""text"": ""Discard 1 Fire Energy card attached to Ninetales in order to use this attack.""}]",[],"Very smart and very vengeful. Grabbing one of its many tails could result in a 1,000-year curse."
base4-14,Pidgeot,base4,Pokémon,Stage 2,80,Colorless,Pidgeotto,,Lightning,Rare Holo,"[{""name"": ""Wing Attack"", ""cost"": [""Colorless"", ""Colorless""], ""damage"": ""20"", ""text"": """"}, {""name"": ""Hurricane"", ""cost"": [""Colorless"", ""Colorless"", ""Colorless""], ""damage"": ""30"", ""text"": ""Unless this attack Knocks Out the Defending Pokémon, return the Defending Pokémon and all cards attached to it to your opponent's hand.""}]",[],"When hunting, it skims the surface of water at high speed to pick off unwary prey such as Magikarp."
base4-15,Poliwrath,base4,Pokémon,Stage 2,90,Water,Poliwhirl,Colorless|Colorless|Colorless,Grass,Rare Holo,"[{""name"": ""Water Gun"", ""cost"": [""Water"", ""Water"", ""Colorless""], ""damage"": ""30+"", ""text"": ""Does 30 damage plus 10 more damage for each Water Energy attached to Poliwrath but not used to pay for this attack's Energy cost. You can't add more than 20 damage in this way.""}, {""name"": ""Whirlpool"", ""cost"": [""Water"", ""Water"", ""Colorless"", ""Colorless""], ""damage"": ""40"", ""text"": ""If the Defending Pokémon has any Energy cards attached to it, choose 1 of them and discard it.""}]",[],An adept swimmer at both the front crawl and breaststroke. Easily overtakes the best human swimmers.
base4-16,Raichu,base4,Pokémon,Stage 1,80,Lightning,Pikachu,Colorless,Fighting,Rare Holo,"[{""name"": ""Agility"", ""cost"": [""Lightning"", ""Colorless"", ""Colorless""], ""damage"": ""20"", ""text"": ""Flip a coin. If heads, during your opponent's next turn, prevent all effects of attacks, including damage, done to Raichu.""}, {""name"": ""Thunder"", ""cost"": [""Lightning"", ""Lightning"", ""Lightning"", ""Colorless""], ""damage"": ""60"", ""text"": ""Flip a coin. If tails, Raichu does 30 damage to itself.""}]",[],Its long tail serves as a ground to protect itself from its own high-voltage power.
base4-17,Scyther,base4,Pokémon,Basic,70,Grass,,,Fire,Rare Holo,"[{""name"": ""Swords Dance"", ""cost"": [""Grass""], ""damage"": """", ""text"": ""During your next turn, Scyther's Slash attack's base damage is 60 instead of 30.""}, {""name"": ""Slash"", ""cost"": [""Colorless"", ""Colorless"", ""Colorless""], ""damage"": ""30"", ""text"": """"}]",[],"With ninja-like agility and speed, it can create the illusion that there is more than one of it."
base4-18,Venusaur,base4,Pokémon,Stage 2,100,Grass,Ivysaur,Colorless|Colorless,Fire,Rare Holo,"[{""name"": ""Solarbeam"", ""cost"": [""Grass"", ""Grass"", ""Grass"", ""Grass""], ""damage"": ""60"", ""text"": """"}]","[{""name"": ""Energy Trans"", ""type"": ""Pokémon Power"", ""text"": ""As often as you like during your turn (before your attack), you may take 1 Grass Energy card attached to 1 of your Pokémon and attach it to a different one. This power can't be used if Venusaur is Asleep, Confused, or Paralyzed.""}]",This plant blooms when it is absorbing solar energy. It stays on the move to seek sunlight.
base4-19,Wigglytuff,base4,Pokémon,Stage 1,80,Colorless,Jigglypuff,Colorless|Colorless,Fighting,Rare Holo,"[{""name"": ""Lullaby"", ""cost"": [""Colorless""], ""damage"": """", ""text"": ""The Defending Pokémon is now Asleep.""}, {""name"": ""Do the Wave"", ""cost"": [""Colorless"", ""Colorless"", ""Colorless""], ""damage"": ""10+"", ""text"": ""Does 10 damage plus 10 more damage for each of your Benched Pokémon.""}]",[],"The body is soft and rubbery. When angered, it will suck in air and inflate itself to an enormous size."
base4-20,Zapdos,base4,Pokémon,Basic,90,Lightning,,Colorless|Colorless|Colorless,,Rare Holo,"[{""name"": ""Thunder"", ""cost"": [""Lightning"", ""Lightning"", ""Lightning"", ""Colorless""], ""damage"": ""60"", ""text"": ""Flip a coin. If tails, Zapdos does 30 damage to itself.""}, {""name"": ""Thunderbolt"", ""cost"": [""Lightning"", ""Lightning"", ""Lightning"", ""Lightning""], ""damage"": ""100"", ""text"": ""Discard all Energy cards attached to Zapdos in order to use this attack.""}]",[],A legendary bird Pokémon said to appear from clouds while wielding enormous lightning bolts.
base4-21,Beedrill,base4,Pokémon,Stage 2,80,Grass,Kakuna,,Fire,Rare,"[{""name"": ""Twineedle"", ""cost"": [""Colorless"", ""Colorless"", ""Colorless""], ""damage"": ""30×"", ""text"": ""Flip 2 coins. This attack does 30 damage times the number of heads.""}, {""name"": ""Poison Sting"", ""cost"": [""Grass"", ""Grass"", ""Grass""], ""damage"": ""40"", ""text"": ""Flip a coin. If heads, the Defending Pokémon is now Poisoned.""}]",[],"Flies at high speed and attacks using the large, venomous stingers on its forelegs and tail."
base4-22,Dragonair,base4,Pokémon,Stage 1,80,Colorless,Dratini,Colorless|Colorless,,Rare,"[{""name"": ""Slam"", ""cost"": [""Colorless"", ""Colorless"", ""Colorless""], ""damage"": ""30×"", ""text"": ""Flip 2 coins. This attack does 30 damage times the number of heads.""}, {""name"": ""Hyper Beam"", ""cost"": [""Colorless"", ""Colorless"", ""Colorless"", ""Colorless""], ""damage"": ""20"", ""text"": ""If the Defending Pokémon has any Energy cards attached to it, choose 1 of them and discard it.""}]",[],A mystical Pokémon that exudes a gentle aura. Has the ability to change climate conditions.
base4-23,Dugtrio,base4,Pokémon,Stage 1,70,Fighting,Diglett,Colorless|Colorless,Grass,Rare,"[{""name"": ""Slash"", ""cost"": [""Fighting"", ""Fighting"", ""Colorless""], ""damage"": ""40"", ""text"": """"}, {""name"": ""Earthquake"", ""cost"": [""Fighting"", ""Fighting"", ""Fighting"", ""Fighting""], ""damage"": ""70"", ""text"": ""Does 10 damage to each of your own Benched Pokémon. (Don't apply Weakness and Resistance for Benched Pokémon.)""}]",[],A team of Diglett triplets. It triggers huge earthquakes by burrowing 60 miles underground.
base4-24,Electabuzz,base4,Pokémon,Basic,70,Lightning,,Colorless|Colorless,Fighting,Rare,"[{""name"": ""Thundershock"", ""cost"": [""Lightning""], ""damage"": ""10"", ""text"": ""Flip a coin. If heads, the Defending Pokémon is now Paralyzed.""}, {""name"": ""Thunderpunch"", ""cost"": [""Lightning"", ""Colorless""], ""damage"": ""30+"", ""text"": ""Flip a coin. If heads, this attack does 30 damage plus 10 more damage; if tails, this attack does 30 damage and Electabuzz does 10 damage to itself.""}]",[],"Normally found near power plants, it can wander away and cause major blackouts in cities."
base4-25,Electrode,base4,Pokémon,Stage 1,80,Lightning,Voltorb,Colorless,Fighting,Rare,"[{""name"": ""Electric Shock"", ""cost"": [""Lightning"", ""Lightning"", ""Lightning""], ""damage"": ""50"", ""text"": ""Flip a coin. If tails, Electrode does 10 damage to itself.""}]","[{""name"": ""Buzzap"", ""type"": ""Pokémon Power"", ""text"": ""At any time during your turn (before your attack), you may Knock Out Electrode and attach it to 1 of your other Pokémon. If you do, choose a type of Energy. Electrode is now an Energy card of that type (instead of a Pokémon) that provides 2 energy. This power can't be used if Electrode is Asleep, Confused, or Paralyzed.""}]",It stores electrical energy under very high pressure. It often explodes with little or no provocation.
base4-26,Kangaskhan,base4,Pokémon,Basic,90,Colorless,,Colorless|Colorless|Colorless,Fighting,Rare,"[{""name"": ""Fetch"", ""cost"": [""Colorless""], ""damage"": """", ""text"": ""Draw a card.""}, {""name"": ""Comet Punch"", ""cost"": [""Colorless"", ""Colorless"", ""Colorless"", ""Colorless""], ""damage"": ""20×"", ""text"": ""Flip 4 coins. This attack does 20 damage times the number of heads.""}]",[],The infant rarely ventures out of its mother's protective pouch until it is three years old.
base4-27,Mr. Mime,base4,Pokémon,Basic,40,Psychic,,Colorless,Psychic,Rare,"[{""name"": ""Meditate"", ""cost"": [""Psychic"", ""Colorless""], ""damage"": ""10+"", ""text"": ""Does 10 damage plus 10 more damage for each damage counter on the Defending Pokémon.""}]","[{""name"": ""Invisible Wall"", ""type"": ""Pokémon Power"", ""text"": ""Whenever an attack (including your own) does 30 or more damage to Mr. Mime (after applying Weakness and Resistance), prevent that damage. (Any other effects of attacks still happen.) This power stops working while Mr. Mime is Asleep, Confused, or Paralyzed.""}]","If interrupted while miming, it will slap around the enemy with its broad hands."
base4-28,Pidgeotto,base4,Pokémon,Stage 1,60,Colorless,Pidgey,Colorless,Lightning,Rare,"[{""name"": ""Whirlwind"", ""cost"": [""Colorless"", ""Colorless""], ""damage"": ""20"", ""text"": ""If your opponent has any Benched Pokémon, he or she chooses 1 of them and switches it with the Defending Pokémon. (Do the damage before switching the Pokémon.)""}, {""name"": ""Mirror Move"", ""cost"": [""Colorless"", ""Colorless"", ""Colorless""], ""damage"": """", ""text"": ""If Pidgeotto was attacked last turn, do the final result of that attack on Pidgeotto to the Defending Pokémon.""}]",[],"Very protective of its sprawling territory, this Pokémon will fiercely peck at any intruder."
base4-29,Pinsir,base4,Pokémon,Basic,60,Grass,,Colorless,Fire,Rare,"[{""name"": ""Irongrip"", ""cost"": [""Grass"", ""Grass""], ""damage"": ""20"", ""text"": ""Flip a coin. If heads, the Defending Pokémon is now Paralyzed.""}, {""name"": ""Guillotine"", ""cost"": [""Grass"", ""Grass"", ""Colorless"", ""Colorless""], ""damage"": ""50"", ""text"": """"}]",[],"If it fails to crush the victim in its pincers, it will swing its victim around and toss it hard."
base4-30,Snorlax,base4,Pokémon,Basic,90,Colorless,,Colorless|Colorless|Colorless|Colorless,Fighting,Rare,"[{""name"": ""Body Slam"", ""cost"": [""Colorless"", ""Colorless"", ""Colorless"", ""Colorless""], ""damage"": ""30"", ""text"": ""Flip a coin. If heads, the Defending Pokémon is now Paralyzed.""}]","[{""name"": ""Thick Skinned"", ""type"": ""Pokémon Power"", ""text"": ""Snorlax can't become Asleep, Confused, Paralyzed, or Poisoned. This power can't be used if Snorlax is already Asleep, Confused, or Paralyzed.""}]","Very lazy. Just eats and sleeps. As its rotund bulk builds, it becomes steadily more slothful."
base4-31,Venomoth,base4,Pokémon,Stage 1,70,Grass,Venonat,,Fire,Rare,"[{""name"": ""Venom Powder"", ""cost"": [""Grass"", ""Grass""], ""damage"": ""10"", ""text"": ""Flip a coin. If heads, the Defending Pokémon is now Confused and Poisoned.""}]","[{""name"": ""Shift"", ""type"": ""Pokémon Power"", ""text"": ""Once during your turn (before your attack), you may change the type of Venomoth to the type of any other Pokémon in play other than Colorless. This power can't be used if Venomoth is Asleep, Confused, or Paralyzed.""}]",The dust-like scales covering its wings are color coded to indicate the kinds of poison it has.
base4-32,Victreebel,base4,Pokémon,Stage 2,80,Grass,Weepinbell,Colorless|Colorless,Fire,Rare,"[{""name"": ""Lure"", ""cost"": [""Grass""], ""damage"": """", ""text"": ""If your opponent has any Benched Pokémon, choose 1 of them and switch it with his or her Active Pokémon.""}, {""name"": ""Acid"", ""cost"": [""Grass"", ""Grass""], ""damage"": ""20"", ""text"": ""Flip a coin. If heads, the Defending Pokémon can't retreat during your next turn.""}]",[],"Said to live in huge colonies deep in jungles, although no one has ever returned from there."
base4-33,Arcanine,base4,Pokémon,Stage 1,100,Fire,Growlithe,Colorless|Colorless|Colorless,Water,Uncommon,"[{""name"": ""Flamethrower"", ""cost"": [""Fire"", ""Fire"", ""Colorless""], ""damage"": ""50"", ""text"": ""Discard 1 Fire Energy card attached to Arcanine in order to use this attack.""}, {""name"": ""Take Down"", ""cost"": [""Fire"", ""Fire"", ""Colorless"", ""Colorless""], ""damage"": ""80"", ""text"": ""Arcanine does 30 damage to itself.""}]",[],"A Pokémon that has been long admired for its beauty. It runs gracefully, as if on wings."
base4-34,Butterfree,base4,Pokémon,Stage 2,70,Grass,Metapod,,Fire,Uncommon,"[{""name"": ""Whirlwind"", ""cost"": [""Colorless"", ""Colorless""], ""damage"": ""20"", ""text"": ""If your opponent has any Benched Pokémon, he or she chooses 1 of them and switches it with the Defending Pokémon. (Do the damage before switching the Pokémon.)""}, {""name"": ""Mega Drain"", ""cost"": [""Grass"", ""Grass"", ""Grass"", ""Grass""], ""damage"": ""40"", ""text"": ""Remove a number of damage counters from Butterfree equal to half the damage done to the Defending Pokémon (after applying Weakness and Resistance) (rounded up to the nearest 10). If Butterfree has fewer damage counters than that, remove all of them.""}]",[],"In battle, it flaps its wings at high speed to release highly toxic dust into the air."
base4-35,Charmeleon,base4,Pokémon,Stage 1,80,Fire,Charmander,Colorless,Water,Uncommon,"[{""name"": ""Slash"", ""cost"": [""Colorless"", ""Colorless"", ""Colorless""], ""damage"": ""30"", ""text"": """"}, {""name"": ""Flamethrower"", ""cost"": [""Fire"", ""Fire"", ""Colorless""], ""damage"": ""50"", ""text"": ""Discard 1 Fire Energy card attached to Charmeleon in order to use this attack.""}]",[],"When it swings its burning tail, it raises the temperature to unbearably high levels."
base4-36,Dewgong,base4,Pokémon,Stage 1,80,Water,Seel,Colorless|Colorless|Colorless,Lightning,Uncommon,"[{""name"": ""Aurora Beam"", ""cost"": [""Water"", ""Water"", ""Colorless""], ""damage"": ""50"", ""text"": """"}, {""name"": ""Ice Beam"", ""cost"": [""Water"", ""Water"", ""Colorless"", ""Colorless""], ""damage"": ""30"", ""text"": ""Flip a coin. If heads, the Defending Pokémon is now Paralyzed.""}]",[],Stores thermal energy in its body. Swims at a steady 8 knots even in intensely cold waters.
base4-37,Dodrio,base4,Pokémon,Stage 1,70,Colorless,Doduo,,Lightning,Uncommon,"[{""name"": ""Rage"", ""cost"": [""Colorless"", ""Colorless"", ""Colorless""], ""damage"": ""10+"", ""text"": ""Does 10 damage plus 10 more damage for each damage counter on Dodrio.""}]","[{""name"": ""Retreat Aid"", ""type"": ""Pokémon Power"", ""text"": ""As long as Dodrio is Benched, pay Colorless less to retreat your Active Pokémon.""}]","Uses its three brains to execute complex plans. While two heads sleep, one head stays awake."
base4-38,Dratini,base4,Pokémon,Basic,40,Colorless,,Colorless,,Uncommon,"[{""name"": ""Pound"", ""cost"": [""Colorless""], ""damage"": ""10"", ""text"": """"}]",[],"Long considered a mythical Pokémon until recently, when a small colony was found living underwater."
base4-39,Exeggutor,base4,Pokémon,Stage 1,80,Grass,Exeggcute,Colorless|Colorless|Colorless,Fire,Uncommon,"[{""name"": ""Teleport"", ""cost"": [""Psychic""], ""damage"": """", ""text"": ""Switch Exeggutor with 1 of your Benched Pokémon.""}, {""name"": ""Big Eggsplosion"", ""cost"": [""Colorless""], ""damage"": ""20×"", ""text"": ""Flip a number of coins equal to the number of Energy attached to Exeggutor. This attack does 20 damage times the number of heads.""}]",[],"Legend has it that on rare occasions, one of its heads will drop off and continue on as an Exeggcute."
base4-40,Farfetch'd,base4,Pokémon,Basic,50,Colorless,,Colorless,Lightning,Uncommon,"[{""name"": ""Leek Slap"", ""cost"": [""Colorless""], ""damage"": ""30"", ""text"": ""Flip a coin. If tails, this attack does nothing. Either way, you can't use this attack again as long as Farfetch'd stays in play (even putting Farfetch'd on the Bench won't let you use it again).""}, {""name"": ""Pot Smash"", ""cost"": [""Colorless"", ""Colorless"", ""Colorless""], ""damage"": ""30"", ""text"": """"}]",[],The sprig of green onions it holds is its weapon. This sprig is used much like a metal sword.
base4-41,Fearow,base4,Pokémon,Stage 1,70,Colorless,Spearow,,Lightning,Uncommon,"[{""name"": ""Agility"", ""cost"": [""Colorless"", ""Colorless"", ""Colorless""], ""damage"": ""20"", ""text"": ""Flip a coin. If heads, during your opponent's next turn, prevent all effects of attacks, including damage, done to Fearow.""}, {""name"": ""Drill Peck"", ""cost"": [""Colorless"", ""Colorless"", ""Colorless"", ""Colorless""], ""damage"": ""40"", ""text"": """"}]",[],"With its huge and magnificent wings, it can keep aloft without ever having to land for rest."
base4-42,Growlithe,base4,Pokémon,Basic,60,Fire,,Colorless,Water,Uncommon,"[{""name"": ""Flare"", ""cost"": [""Fire"", ""Colorless""], ""damage"": ""20"", ""text"": """"}]",[],Very protective of its territory. It will bark and bite to repel intruders from its space.
base4-43,Haunter,base4,Pokémon,Stage 1,60,Psychic,Gastly,Colorless,,Uncommon,"[{""name"": ""Hypnosis"", ""cost"": [""Psychic""], ""damage"": """", ""text"": ""The Defending Pokémon is now Asleep.""}, {""name"": ""Dream Eater"", ""cost"": [""Psychic"", ""Psychic""], ""damage"": ""50"", ""text"": ""You can't use this attack unless the Defending Pokémon is Asleep.""}]",[],"Because of its ability to slip through block walls, it is said to be from another dimension."
base4-44,Ivysaur,base4,Pokémon,Stage 1,60,Grass,Bulbasaur,Colorless,Fire,Uncommon,"[{""name"": ""Vine Whip"", ""cost"": [""Grass"", ""Colorless"", ""Colorless""], ""damage"": ""30"", ""text"": """"}, {""name"": ""Poisonpowder"", ""cost"": [""Grass"", ""Grass"", ""Grass""], ""damage"": ""20"", ""text"": ""The Defending Pokémon is now Poisoned.""}]",[],"When the bulb on its back grows large, the Pokémon seems to lose the ability to stand on its hind legs."
base4-45,Jynx,base4,Pokémon,Basic,70,Psychic,,Colorless|Colorless,Psychic,Uncommon,"[{""name"": ""Doubleslap"", ""cost"": [""Psychic""], ""damage"": ""10×"", ""text"": ""Flip 2 coins. This attack does 10 damage times the number of heads.""}, {""name"": ""Meditate"", ""cost"": [""Psychic"", ""Psychic"", ""Colorless""], ""damage"": ""20+"", ""text"": ""Does 20 damage plus 10 more damage for each damage counter on the Defending Pokémon.""}]",[],"Merely by meditating, the Pokémon launches a powerful psychic energy attack."
base4-46,Kadabra,base4,Pokémon,Stage 1,60,Psychic,Abra,Colorless|Colorless|Colorless,Psychic,Uncommon,"[{""name"": ""Recover"", ""cost"": [""Psychic"", ""Psychic""], ""damage"": """", ""text"": ""Discard 1 Psychic Energy card attached to Kadabra in order to use this attack. Remove all damage counters from Kadabra.""}, {""name"": ""Super Psy"", ""cost"": [""Psychic"", ""Psychic"", ""Colorless""], ""damage"": ""50"", ""text"": """"}]",[],It emits special alpha waves from its body that induce headaches even to those just nearby.
base4-47,Kakuna,base4,Pokémon,Stage 1,80,Grass,Weedle,Colorless|Colorless,Fire,Uncommon,"[{""name"": ""Stiffen"", ""cost"": [""Colorless"", ""Colorless""], ""damage"": """", ""text"": ""Flip a coin. If heads, prevent all damage done to Kakuna during your opponent's next turn. (Any other effects of attacks still happen.)""}, {""name"": ""Poisonpowder"", ""cost"": [""Grass"", ""Grass""], ""damage"": ""20"", ""text"": ""Flip a coin. If heads, the Defending Pokémon is now Poisoned.""}]",[],"Almost incapable of moving, this Pokémon can only harden its shell to protect itself from predators."
base4-48,Lickitung,base4,Pokémon,Basic,90,Colorless,,Colorless|Colorless|Colorless,Fighting,Uncommon,"[{""name"": ""Tongue Wrap"", ""cost"": [""Colorless""], ""damage"": ""10"", ""text"": ""Flip a coin. If heads, the Defending Pokémon is now Paralyzed.""}, {""name"": ""Supersonic"", ""cost"": [""Colorless"", ""Colorless""], ""damage"": """", ""text"": ""Flip a coin. If heads, the Defending Pokémon is now Confused.""}]",[],Its tongue can be extended like a chameleon's. It leaves a stinging sensation when it licks enemies.
base4-49,Machoke,base4,Pokémon,Stage 1,80,Fighting,Machop,Colorless|Colorless|Colorless,Psychic,Uncommon,"[{""name"": ""Karate Chop"", ""cost"": [""Fighting"", ""Fighting"", ""Colorless""], ""damage"": ""50-"", ""text"": ""Does 50 damage minus 10 damage for each damage counter on Machoke.""}, {""name"": ""Submission"", ""cost"": [""Fighting"", ""Fighting"", ""Colorless"", ""Colorless""], ""damage"": ""60"", ""text"": ""Machoke does 20 damage to itself.""}]",[],Its muscular body is so powerful that it must wear a power-save belt to help regulate its motions.
base4-50,Magikarp,base4,Pokémon,Basic,30,Water,,Colorless,Lightning,Uncommon,"[{""name"": ""Tackle"", ""cost"": [""Colorless""], ""damage"": ""10"", ""text"": """"}, {""name"": ""Flail"", ""cost"": [""Water""], ""damage"": ""10×"", ""text"": ""Does 10 damage times the number of damage counters on Magikarp.""}]",[],"In the distant past, it was stronger than its horribly weak descendants that exist today."
base4-51,Magmar,base4,Pokémon,Basic,50,Fire,,Colorless|Colorless,Water,Uncommon,"[{""name"": ""Fire Punch"", ""cost"": [""Fire"", ""Fire""], ""damage"": ""30"", ""text"": """"}, {""name"": ""Flamethrower"", ""cost"": [""Fire"", ""Fire"", ""Colorless""], ""damage"": ""50"", ""text"": ""Discard 1 Fire Energy card attached to Magmar in order to use this attack.""}]",[],Its body always burns with an orange glow that enables it to hide perfectly among flames.
base4-52,Marowak,base4,Pokémon,Stage 1,60,Fighting,Cubone,Colorless,Grass,Uncommon,"[{""name"": ""Bonemerang"", ""cost"": [""Fighting"", ""Fighting""], ""damage"": ""30×"", ""text"": ""Flip 2 coins. This attack does 30 damage times the number of heads.""}, {""name"": ""Call for Friend"", ""cost"": [""Fighting"", ""Fighting"", ""Colorless""], ""damage"": """", ""text"": ""Search your deck for a Fighting Basic Pokémon card and put it onto your Bench. Shuffle your deck afterward. (You can't use this attack if your Bench is full.)""}]",[],The bone it holds is its key weapon. It throws the bone skillfully like a boomerang to K.O. targets.
base4-53,Nidorina,base4,Pokémon,Stage 1,70,Grass,Nidoran ♀,Colorless,Psychic,Uncommon,"[{""name"": ""Supersonic"", ""cost"": [""Grass""], ""damage"": """", ""text"": ""Flip a coin. If heads, the Defending Pokémon is now Confused.""}, {""name"": ""Double Kick"", ""cost"": [""Grass"", ""Colorless"", ""Colorless""], ""damage"": ""30×"", ""text"": ""Flip 2 coins. This attack does 30 damage times the number of heads.""}]",[],The female's horn develops slowly. Prefers physical attacks such as clawing and biting.
base4-54,Nidorino,base4,Pokémon,Stage 1,60,Grass,Nidoran ♂,Colorless,Psychic,Uncommon,"[{""name"": ""Double Kick"", ""cost"": [""Grass"", ""Colorless"", ""Colorless""], ""damage"": ""30×"", ""text"": ""Flip 2 coins. This attack does 30 damage times the number of heads.""}, {""name"": ""Horn Drill"", ""cost"": [""Grass"", ""Grass"", ""Colorless"", ""Colorless""], ""damage"": ""50"", ""text"": """"}]",[],An aggressive Pokémon that is quick to attack. The horn on its head secretes a powerful venom.
base4-55,Parasect,base4,Pokémon,Stage 1,60,Grass,Paras,Colorless,Fire,Uncommon,"[{""name"": ""Spore"", ""cost"": [""Grass"", ""Grass""], ""damage"": """", ""text"": ""The Defending Pokémon is now Asleep.""}, {""name"": ""Slash"", ""cost"": [""Colorless"", ""Colorless"", ""Colorless""], ""damage"": ""30"", ""text"": """"}]",[],A host-parasite pair in which the parasite mushroom has taken over the host bug. Prefers damp places.
base4-56,Persian,base4,Pokémon,Stage 1,70,Colorless,Meowth,,Fighting,Uncommon,"[{""name"": ""Scratch"", ""cost"": [""Colorless"", ""Colorless""], ""damage"": ""20"", ""text"": """"}, {""name"": ""Pounce"", ""cost"": [""Colorless"", ""Colorless"", ""Colorless""], ""damage"": ""30"", ""text"": ""If the Defending Pokémon attacks Persian during your next turn, any damage done by the attack is reduced by 10 (after applying Weakness and Resistance). (Benching either Pokémon ends this effect.)""}]",[],"Although its fur has many admirers, it is tough to raise as a pet because of its fickle meanness."
base4-57,Poliwhirl,base4,Pokémon,Stage 1,60,Water,Poliwag,Colorless,Grass,Uncommon,"[{""name"": ""Amnesia"", ""cost"": [""Water"", ""Water""], ""damage"": """", ""text"": ""Choose 1 of the Defending Pokémon's attacks. That Pokémon can't use that attack during your opponent's next turn.""}, {""name"": ""Doubleslap"", ""cost"": [""Water"", ""Water"", ""Colorless""], ""damage"": ""30×"", ""text"": ""Flip 2 coins. This attack does 30 damage times the number of heads.""}]",[],"Capable of living in or out of water. When out of water, it sweats to keep its body slimy."
base4-58,Raticate,base4,Pokémon,Stage 1,60,Colorless,Rattata,Colorless,Fighting,Uncommon,"[{""name"": ""Bite"", ""cost"": [""Colorless""], ""damage"": ""20"", ""text"": """"}, {""name"": ""Super Fang"", ""cost"": [""Colorless"", ""Colorless"", ""Colorless""], ""damage"": ""?"", ""text"": ""Does damage to the Defending Pokémon equal to half the Defending Pokémon's remaining HP (rounded up to the nearest 10).""}]",[],It uses its whiskers to maintain its balance. It seems to slow down if they are cut off.
base4-59,Rhydon,base4,Pokémon,Stage 1,100,Fighting,Rhyhorn,Colorless|Colorless|Colorless,Grass,Uncommon,"[{""name"": ""Horn Attack"", ""cost"": [""Fighting"", ""Colorless"", ""Colorless""], ""damage"": ""30"", ""text"": """"}, {""name"": ""Ram"", ""cost"": [""Fighting"", ""Fighting"", ""Fighting"", ""Fighting""], ""damage"": ""50"", ""text"": ""Rhydon does 20 damage to itself. If your opponent has any Benched Pokémon, he or she chooses 1 of them and switches it with the Defending Pokémon. (Do the damage before switching the Pokémon. Switch the Pokémon even if Rhydon is knocked out.)""}]",[],"Protected by an armor-like hide, it is capable of living in molten lava of 3600 degrees."
base4-60,Seaking,base4,Pokémon,Stage 1,70,Water,Goldeen,Colorless,Lightning,Uncommon,"[{""name"": ""Horn Attack"", ""cost"": [""Water""], ""damage"": ""10"", ""text"": """"}, {""name"": ""Waterfall"", ""cost"": [""Water"", ""Colorless""], ""damage"": ""30"", ""text"": """"}]",[],"In the autumn spawning season, they can be seen swimming powerfully up rivers and creeks."
base4-61,Seel,base4,Pokémon,Basic,60,Water,,Colorless,Lightning,Uncommon,"[{""name"": ""Headbutt"", ""cost"": [""Water""], ""damage"": ""10"", ""text"": """"}]",[],The protruding horn on its head is very hard. This horn is used for bashing through thick ice.
base4-62,Tauros,base4,Pokémon,Basic,60,Colorless,,Colorless|Colorless,Fighting,Uncommon,"[{""name"": ""Stomp"", ""cost"": [""Colorless"", ""Colorless""], ""damage"": ""20+"", ""text"": ""Flip a coin. If heads, this attack does 20 damage plus 10 more damage; if tails, this attack does 20 damage.""}, {""name"": ""Rampage"", ""cost"": [""Colorless"", ""Colorless"", ""Colorless""], ""damage"": ""20+"", ""text"": ""Does 20 damage plus 10 more damage for each damage counter on Tauros. Flip a coin. If tails, Tauros is now Confused (after doing damage).""}]",[],"When it targets an enemy, it charges furiously while whipping its body with its long tails."
base4-63,Wartortle,base4,Pokémon,Stage 1,70,Water,Squirtle,Colorless,Lightning,Uncommon,"[{""name"": ""Withdraw"", ""cost"": [""Water"", ""Colorless""], ""damage"": """", ""text"": ""Flip a coin. If heads, prevent all damage done to Wartortle during your opponent's next turn. (Any other effects of attacks still happen.)""}, {""name"": ""Bite"", ""cost"": [""Water"", ""Colorless"", ""Colorless""], ""damage"": ""40"", ""text"": """"}]",[],"Often hides in water to stalk unweary prey. When swimming quickly, it moves its ears to maintain balance."
base4-64,Weepinbell,base4,Pokémon,Stage 1,70,Grass,Bellsprout,Colorless,Fire,Uncommon,"[{""name"": ""Poisonpowder"", ""cost"": [""Grass""], ""damage"": ""10"", ""text"": ""Flip a coin. If heads, the Defending Pokémon is now Poisoned.""}, {""name"": ""Razor Leaf"", ""cost"": [""Grass"", ""Grass""], ""damage"": ""30"", ""text"": """"}]",[],"It spits out poisonpowder to immobilize the enemy, and then finishes the enemy with a spray of acid."
base4-65,Abra,base4,Pokémon,Basic,30,Psychic,,,Psychic,Common,"[{""name"": ""Psyshock"", ""cost"": [""Psychic""], ""damage"": ""10"", ""text"": ""Flip a coin. If heads, the Defending Pokémon is now Paralyzed.""}]",[],"Using its ability to read minds, it will identify impending danger and teleport to safety."
base4-66,Bellsprout,base4,Pokémon,Basic,40,Grass,,Colorless,Fire,Common,"[{""name"": ""Vine Whip"", ""cost"": [""Grass""], ""damage"": ""10"", ""text"": """"}, {""name"": ""Call for Family"", ""cost"": [""Grass""], ""damage"": """", ""text"": ""Search your deck for a Basic Pokémon named Bellsprout and put it onto your Bench. Shuffle your deck afterward. (You can't use this attack if your Bench is full.)""}]",[],A carnivorous Pokémon that traps and eats bugs. It uses its root feet to soak up needed moisture.
base4-67,Bulbasaur,base4,Pokémon,Basic,40,Grass,,Colorless,Fire,Common,"[{""name"": ""Leech Seed"", ""cost"": [""Grass"", ""Grass""], ""damage"": ""20"", ""text"": ""Unless all damage from this attack is prevented, you may remove 1 damage counter from Bulbasaur.""}]",[],"A strange seed was planted on its back at birth. Thus, a plant sprouted and now grows with this Pokémon."
base4-68,Caterpie,base4,Pokémon,Basic,40,Grass,,Colorless,Fire,Common,"[{""name"": ""String Shot"", ""cost"": [""Grass""], ""damage"": ""10"", ""text"": ""Flip a coin. If heads, the Defending Pokémon is now Paralyzed.""}]",[],Its short feet are tipped with suction pads that enable it to tirelessly climb slopes and walls.
base4-69,Charmander,base4,Pokémon,Basic,50,Fire,,Colorless,Water,Common,"[{""name"": ""Scratch"", ""cost"": [""Colorless""], ""damage"": ""10"", ""text"": """"}, {""name"": ""Ember"", ""cost"": [""Fire"", ""Colorless""], ""damage"": ""30"", ""text"": ""Discard 1 Fire Energy card attached to Charmander in order to use this attack.""}]",[],"Obviously prefers hot places. If it gets caught in the rain, steam is said to spout from the tip of its tail."
base4-70,Cubone,base4,Pokémon,Basic,40,Fighting,,Colorless,Grass,Common,"[{""name"": ""Snivel"", ""cost"": [""Colorless""], ""damage"": """", ""text"": ""If the Defending Pokémon attacks Cubone during your opponent's next turn, any damage done by the attack is reduced by 20 (after applying Weakness and Resistance). (Benching either Pokémon ends this effect.)""}, {""name"": ""Rage"", ""cost"": [""Fighting"", ""Fighting""], ""damage"": ""10+"", ""text"": ""Does 10 damage plus 10 more damage for each damage counter on Cubone.""}]",[],"Because it never removes its skull helmet, no one has ever seen this Pokémon's real face."
base4-71,Diglett,base4,Pokémon,Basic,30,Fighting,,,Grass,Common,"[{""name"": ""Dig"", ""cost"": [""Fighting""], ""damage"": ""10"", ""text"": """"}, {""name"": ""Mud Slap"", ""cost"": [""Fighting"", ""Fighting""], ""damage"": ""30"", ""text"": """"}]",[],"Lives about three feet underground, where it feeds on plant roots. It sometimes appears above ground."
base4-72,Doduo,base4,Pokémon,Basic,50,Colorless,,,Lightning,Common,"[{""name"": ""Fury Attack"", ""cost"": [""Colorless""], ""damage"": ""10×"", ""text"": ""Flip 2 coins. This attack does 10 damage times the number of heads.""}]",[],A bird that makes up for its poor flying with its fast foot speed. Leaves giant footprints.
base4-73,Drowzee,base4,Pokémon,Basic,50,Psychic,,Colorless,Psychic,Common,"[{""name"": ""Pound"", ""cost"": [""Colorless""], ""damage"": ""10"", ""text"": """"}, {""name"": ""Confuse Ray"", ""cost"": [""Psychic"", ""Psychic""], ""damage"": ""10"", ""text"": ""Flip a coin. If heads, the Defending Pokémon is now Confused.""}]",[],"Puts enemies to sleep, then eats their dreams. Occasionally gets sick from eating bad dreams."
base4-74,Exeggcute,base4,Pokémon,Basic,50,Grass,,Colorless,Fire,Common,"[{""name"": ""Hypnosis"", ""cost"": [""Psychic""], ""damage"": """", ""text"": ""The Defending Pokémon is now Asleep.""}, {""name"": ""Leech Seed"", ""cost"": [""Grass"", ""Grass""], ""damage"": ""20"", ""text"": ""Unless all damage from this attack is prevented, you may remove 1 damage counter from Exeggcute.""}]",[],"Often mistaken for eggs. When disturbed, they quickly gather and attack in swarms."
base4-75,Gastly,base4,Pokémon,Basic,30,Psychic,,,,Common,"[{""name"": ""Sleeping Gas"", ""cost"": [""Psychic""], ""damage"": """", ""text"": ""Flip a coin. If heads, the Defending Pokémon is now Asleep.""}, {""name"": ""Destiny Bond"", ""cost"": [""Psychic"", ""Colorless""], ""damage"": """", ""text"": ""Discard 1 Psychic Energy card attached to Gastly in order to use this attack. If a Pokémon Knocks Out Gastly during your opponent's next turn, Knock Out that Pokémon.""}]",[],"Almost invisible, this gaseous Pokémon cloaks the target and puts it to sleep without notice."
base4-76,Goldeen,base4,Pokémon,Basic,40,Water,,,Lightning,Common,"[{""name"": ""Horn Attack"", ""cost"": [""Water""], ""damage"": ""10"", ""text"": """"}]",[],"Its tail fin billows like an elegant ballroom dress, giving it the nickname ""Water Queen."""
base4-77,Jigglypuff,base4,Pokémon,Basic,60,Colorless,,Colorless,Fighting,Common,"[{""name"": ""Lullaby"", ""cost"": [""Colorless""], ""damage"": """", ""text"": ""The Defending Pokémon is now Asleep.""}, {""name"": ""Pound"", ""cost"": [""Colorless"", ""Colorless""], ""damage"": ""20"", ""text"": """"}]",[],"When its huge eyes light up, it sings a mysteriously soothing melody that lulls its enemies to sleep."
base4-78,Machop,base4,Pokémon,Basic,50,Fighting,,Colorless,Psychic,Common,"[{""name"": ""Low Kick"", ""cost"": [""Fighting""], ""damage"": ""20"", ""text"": """"}]",[],Loves to build its muscles. It trains in all styles of martial arts to become even stronger.
base4-79,Magnemite,base4,Pokémon,Basic,40,Lightning,,Colorless,Fighting,Common,"[{""name"": ""Thunder Wave"", ""cost"": [""Lightning""], ""damage"": ""10"", ""text"": ""Flip a coin. If heads, the Defending Pokémon is now Paralyzed.""}, {""name"": ""Selfdestruct"", ""cost"": [""Lightning"", ""Colorless""], ""damage"": ""40"", ""text"": ""Does 10 damage to each Pokémon on each player's Bench. (Don't apply Weakness and Resistance for Benched Pokémon.) Magnemite does 40 damage to itself.""}]",[],Uses anti-gravity to stay suspended. Appears without warning and uses attacks like Thunder Wave.
base4-80,Meowth,base4,Pokémon,Basic,50,Colorless,,Colorless,Fighting,Common,"[{""name"": ""Pay Day"", ""cost"": [""Colorless"", ""Colorless""], ""damage"": ""10"", ""text"": ""Flip a coin. If heads, draw a card.""}]",[],Adores circular objects. Wanders the streets on a nightly basis to look for dropped loose change.
base4-81,Metapod,base4,Pokémon,Stage 1,70,Grass,Caterpie,Colorless|Colorless,Fire,Common,"[{""name"": ""Stiffen"", ""cost"": [""Colorless"", ""Colorless""], ""damage"": """", ""text"": ""Flip a coin. If heads, prevent all damage done to Metapod during your opponent's next turn. (Any other effects of attacks still happen.)""}, {""name"": ""Stun Spore"", ""cost"": [""Grass"", ""Grass""], ""damage"": ""20"", ""text"": ""Flip a coin. If heads, the Defending Pokémon is now Paralyzed.""}]",[],"It is vulnerable to attack because its shell is soft, exposing its weak and tender body."
base4-82,Nidoran ♀,base4,Pokémon,Basic,60,Grass,,Colorless,Psychic,Common,"[{""name"": ""Fury Swipes"", ""cost"": [""Grass""], ""damage"": ""10×"", ""text"": ""Flip 3 coins. This attack does 10 damage times the number of heads.""}, {""name"": ""Call for Family"", ""cost"": [""Grass"", ""Grass""], ""damage"": """", ""text"": ""Search your deck for a Basic Pokémon named Nidoran ♂ or Nidoran ♀ and put it onto your Bench. Shuffle your deck afterward. (You can't use this attack if your Bench is full.)""}]",[],"Although small, its venomous barbs make this Pokémon dangerous. The female has smaller horns."
base4-83,Nidoran ♂,base4,Pokémon,Basic,40,Grass,,Colorless,Psychic,Common,"[{""name"": ""Horn Hazard"", ""cost"": [""Grass""], ""damage"": ""30"", ""text"": ""Flip a coin. If tails, this attack does nothing.""}]",[],"Stiffens its ears to sense danger. The larger, more powerful of its horns secretes venom."
base4-84,Onix,base4,Pokémon,Basic,90,Fighting,,Colorless|Colorless|Colorless,Grass,Common,"[{""name"": ""Rock Throw"", ""cost"": [""Fighting""], ""damage"": ""10"", ""text"": """"}, {""name"": ""Harden"", ""cost"": [""Fighting"", ""Fighting""], ""damage"": """", ""text"": ""During your opponent's next turn, whenever 30 or less damage is done to Onix (after applying Weakness and Resistance), prevent that damage. (Any other effects of attacks still happen.)""}]",[],"As it grows, the stone portions of its body harden to become similar to a diamond, though colored black."
base4-85,Paras,base4,Pokémon,Basic,40,Grass,,Colorless,Fire,Common,"[{""name"": ""Scratch"", ""cost"": [""Colorless"", ""Colorless""], ""damage"": ""20"", ""text"": """"}, {""name"": ""Spore"", ""cost"": [""Grass"", ""Grass""], ""damage"": """", ""text"": ""The Defending Pokémon is now Asleep.""}]",[],Burrows to suck tree roots. The mushrooms on its back grow by drawing nutrients from the bug host.
base4-86,Pidgey,base4,Pokémon,Basic,40,Colorless,,Colorless,Lightning,Common,"[{""name"": ""Whirlwind"", ""cost"": [""Colorless"", ""Colorless""], ""damage"": ""10"", ""text"": ""If your opponent has any Benched Pokémon, he or she chooses 1 of them and switches it with the Defending Pokémon. (Do the damage before switching the Pokémon.)""}]",[],A common sight in forests and woods. It flaps its wings at ground level to kick up blinding sand.
base4-87,Pikachu,base4,Pokémon,Basic,40,Lightning,,Colorless,Fighting,Common,"[{""name"": ""Gnaw"", ""cost"": [""Colorless""], ""damage"": ""10"", ""text"": """"}, {""name"": ""Thunder Jolt"", ""cost"": [""Lightning"", ""Colorless""], ""damage"": ""30"", ""text"": ""Flip a coin. If tails, Pikachu does 10 damage to itself.""}]",[],"When several of these Pokémon gather, their electricity can cause lightning storms."
base4-88,Poliwag,base4,Pokémon,Basic,40,Water,,Colorless,Grass,Common,"[{""name"": ""Water Gun"", ""cost"": [""Water""], ""damage"": ""10+"", ""text"": ""Does 10 damage plus 10 more damage for each Water Energy attached to Poliwag but not used to pay for this attack's Energy cost. You can't add more than 20 damage in this way.""}]",[],Its newly grown legs prevent it from running. It appears to prefer swimming over trying to stand.
base4-89,Rattata,base4,Pokémon,Basic,30,Colorless,,,Fighting,Common,"[{""name"": ""Bite"", ""cost"": [""Colorless""], ""damage"": ""20"", ""text"": """"}]",[],"Bites anything when it attacks. Small and very quick, it is a common sight in many places."
base4-90,Rhyhorn,base4,Pokémon,Basic,70,Fighting,,Colorless|Colorless|Colorless,Grass,Common,"[{""name"": ""Leer"", ""cost"": [""Colorless""], ""damage"": """", ""text"": ""Flip a coin. If heads, the Defending Pokémon can't attack Rhyhorn during your opponent's next turn. (Benching either Pokémon ends this effect.)""}, {""name"": ""Horn Attack"", ""cost"": [""Fighting"", ""Colorless"", ""Colorless""], ""damage"": ""30"", ""text"": """"}]",[],"Its massive bones are 1,000 times harder than human bones. It can easily knock a trailer flying."
base4-91,Sandshrew,base4,Pokémon,Basic,40,Fighting,,Colorless,Grass,Common,"[{""name"": ""Sand-attack"", ""cost"": [""Fighting""], ""damage"": ""10"", ""text"": ""If the Defending Pokémon tries to attack during your opponent's next turn, your opponent flips a coin. If tails, that attack does nothing.""}]",[],Burrows deep underground in arid locations far from water. It only emerges to hunt for food.
base4-92,Spearow,base4,Pokémon,Basic,50,Colorless,,,Lightning,Common,"[{""name"": ""Peck"", ""cost"": [""Colorless""], ""damage"": ""10"", ""text"": """"}, {""name"": ""Mirror Move"", ""cost"": [""Colorless"", ""Colorless"", ""Colorless""], ""damage"": """", ""text"": ""If Spearow was attacked last turn, do the final result of that attack on Spearow to the Defending Pokémon.""}]",[],Eats bugs in grassy areas. It has to flap its short wings at high speeds to stay airborne.
base4-93,Squirtle,base4,Pokémon,Basic,40,Water,,Colorless,Lightning,Common,"[{""name"": ""Bubble"", ""cost"": [""Water""], ""damage"": ""10"", ""text"": ""Flip a coin. If heads, the Defending Pokémon is now Paralyzed.""}, {""name"": ""Withdraw"", ""cost"": [""Water"", ""Colorless""], ""damage"": """", ""text"": ""Flip a coin. If heads, prevent all damage done to Squirtle during your opponent's next turn. (Any other effects of opponent's attacks still happen.)""}]",[],"After birth, its back swells and hardens into a shell. It powerfully sprays foam from its mouth."
base4-94,Starmie,base4,Pokémon,Stage 1,60,Water,Staryu,Colorless,Lightning,Common,"[{""name"": ""Recover"", ""cost"": [""Water"", ""Water""], ""damage"": """", ""text"": ""Discard 1 Water Energy card attached to Starmie in order to use this attack. Remove all damage counters from Starmie.""}, {""name"": ""Star Freeze"", ""cost"": [""Water"", ""Colorless"", ""Colorless""], ""damage"": ""20"", ""text"": ""Flip a coin. If heads, the Defending Pokémon is now Paralyzed.""}]",[],Its central core glows with the seven colors of the rainbow. Some people value this core as a gem.
base4-95,Staryu,base4,Pokémon,Basic,40,Water,,Colorless,Lightning,Common,"[{""name"": ""Slap"", ""cost"": [""Water""], ""damage"": ""20"", ""text"": """"}]",[],An enigmatic Pokémon that can effortlessly regenerate any appendage it loses in battle.
base4-96,Tangela,base4,Pokémon,Basic,50,Grass,,Colorless|Colorless,Fire,Common,"[{""name"": ""Bind"", ""cost"": [""Grass"", ""Colorless""], ""damage"": ""20"", ""text"": ""Flip a coin. If heads, the Defending Pokémon is now Paralyzed.""}, {""name"": ""Poisonpowder"", ""cost"": [""Grass"", ""Grass"", ""Grass""], ""damage"": ""20"", ""text"": ""The Defending Pokémon is now Poisoned.""}]",[],Its whole body is swathed with wide vines that are similar to seaweed. These vines shake as it walks.
base4-97,Venonat,base4,Pokémon,Basic,40,Grass,,Colorless,Fire,Common,"[{""name"": ""Stun Spore"", ""cost"": [""Grass""], ""damage"": ""10"", ""text"": ""Flip a coin. If heads, the Defending Pokémon is now Paralyzed.""}, {""name"": ""Leech Life"", ""cost"": [""Grass"", ""Colorless""], ""damage"": ""10"", ""text"": ""Remove a number of damage counters from Venonat equal to the damage done to the Defending Pokémon (after applying Weakness and Resistance). If Venonat has fewer damage counters than that, remove all of them.""}]",[],Lives in the shadows of tall trees where it eats insects. It is attracted by light at night.
base4-98,Voltorb,base4,Pokémon,Basic,40,Lightning,,Colorless,Fighting,Common,"[{""name"": ""Tackle"", ""cost"": [""Colorless""], ""damage"": ""10"", ""text"": """"}]",[],"Usually found in power plants. Easily mistaken for a Poké Ball, it has zapped many people."
base4-99,Vulpix,base4,Pokémon,Basic,50,Fire,,Colorless,Water,Common,"[{""name"": ""Confuse Ray"", ""cost"": [""Fire"", ""Fire""], ""damage"": ""10"", ""text"": ""Flip a coin. If heads, the Defending Pokémon is now Confused.""}]",[],"At the time of birth, it has just one tail. Its tail splits from the tip as it grows older."
base4-100,Weedle,base4,Pokémon,Basic,40,Grass,,Colorless,Fire,Common,"[{""name"": ""Poison Sting"", ""cost"": [""Grass""], ""damage"": ""10"", ""text"": ""Flip a coin. If heads, the Defending Pokémon is now Poisoned.""}]",[],"Often found in forests, eating leaves. It has a sharp, venomous stinger on its head."
base4-101,Computer Search,base4,Trainer,,,,,,,Rare,[],[],
base4-102,Imposter Professor Oak,base4,Trainer,,,,,,,Rare,[],[],
base4-103,Item Finder,base4,Trainer,,,,,,,Rare,[],[],
base4-104,Lass,base4,Trainer,,,,,,,Rare,[],[],
base4-105,Pokémon Breeder,base4,Trainer,,,,,,,Rare,[],[],
base4-106,Pokémon Trader,base4,Trainer,,,,,,,Rare,[],[],
base4-107,Scoop Up,base4,Trainer,,,,,,,Rare,[],[],
base4-108,Super Energy Removal,base4,Trainer,,,,,,,Rare,[],[],
base4-109,Defender,base4,Trainer,,,,,,,Uncommon,[],[],
base4-110,Energy Retrieval,base4,Trainer,,,,,,,Uncommon,[],[],
base4-111,Full Heal,base4,Trainer,,,,,,,Uncommon,[],[],
base4-112,Maintenance,base4,Trainer,,,,,,,Uncommon,[],[],
base4-113,PlusPower,base4,Trainer,,,,,,,Uncommon,[],[],
base4-114,Pokémon Center,base4,Trainer,,,,,,,Uncommon,[],[],
base4-115,Pokédex,base4,Trainer,,,,,,,Uncommon,[],[],
base4-116,Professor Oak,base4,Trainer,,,,,,,Uncommon,[],[],
base4-117,Super Potion,base4,Trainer,,,,,,,Uncommon,[],[],
base4-118,Bill,base4,Trainer,,,,,,,Common,[],[],
base4-119,Energy Removal,base4,Trainer,,,,,,,Common,[],[],
base4-120,Gust of Wind,base4,Trainer,,,,,,,Common,[],[],
base4-121,Poké Ball,base4,Trainer,,,,,,,Common,[],[],
base4-122,Potion,base4,Trainer,,,,,,,Common,[],[],
base4-123,Switch,base4,Trainer,,,,,,,Common,[],[],
base4-124,Double Colorless Energy,base4,Energy,Special,,,,,,Uncommon,[],[],
base4-125,Fighting Energy,base4,Energy,Basic,,,,,,,[],[],
base4-126,Fire Energy,base4,Energy,Basic,,,,,,,[],[],
base4-127,Grass Energy,base4,Energy,Basic,,,,,,,[],[],
base4-128,Lightning Energy,base4,Energy,Basic,,,,,,,[],[],
base4-129,Psychic Energy,base4,Energy,Basic,,,,,,,[],[],
base4-130,Water Energy,base4,Energy,Basic,,,,,,,[],[],
base5-1,Dark Alakazam,base5,Pokémon,Stage 2,60,Psychic,Dark Kadabra,Colorless|Colorless|Colorless,Psychic,Rare Holo,"[{""name"": ""Teleport Blast"", ""cost"": [""Psychic"", ""Psychic"", ""Colorless""], ""damage"": ""30"", ""text"": ""You may switch Dark Alakazam with 1 of your Benched Pokémon. (Do the damage before switching the Pokémon.)""}, {""name"": ""Mind Shock"", ""cost"": [""Psychic"", ""Psychic"", ""Psychic""], ""damage"": ""40"", ""text"": ""Don't apply Weakness and Resistance for this attack. (Any other effects that would happen after applying Weakness and Resistance still happen.)""}]",[],"Almost as if it were being controlled by something else, it never changes expressions, even in the middle of battle."
base5-2,Dark Arbok,base5,Pokémon,Stage 1,60,Grass,Ekans,Colorless|Colorless,Psychic,Rare Holo,"[{""name"": ""Stare"", ""cost"": [""Grass"", ""Grass""], ""damage"": """", ""text"": ""Choose 1 of your opponent's Pokémon. This attack does 10 damage to that Pokémon. Don't apply Weakness and Resistance for this attack. (Any other effects that would happen after applying Weakness and Resistance still happen.) If that Pokémon has a Pokémon Power, that power stops working until the end of your opponent's next turn.""}, {""name"": ""Poison Vapor"", ""cost"": [""Grass"", ""Grass"", ""Grass""], ""damage"": ""10"", ""text"": ""The Defending Pokémon is now Poisoned. This attack does 10 damage to each of your opponent's Benched Pokémon. (Don't apply Weakness and Resistance for Benched Pokémon.)""}]",[],"Freezes its prey with its stare. If you should encounter one, remember not to look into its eyes."
base5-3,Dark Blastoise,base5,Pokémon,Stage 2,70,Water,Dark Wartortle,Colorless|Colorless,Lightning,Rare Holo,"[{""name"": ""Hydrocannon"", ""cost"": [""Water"", ""Water""], ""damage"": ""30+"", ""text"": ""Does 30 damage plus 20 more damage for each Water Energy attached to Dark Blastoise but not used to pay for this attack. You can't add more than 40 damage in this way.""}, {""name"": ""Rocket Tackle"", ""cost"": [""Water"", ""Colorless"", ""Colorless""], ""damage"": ""40"", ""text"": ""Dark Blastoise does 10 damage to itself. Flip a coin. If heads, prevent all damage done to Dark Blastoise during your opponent's next turn. (Any other effects of attacks still happen.)""}]",[],An aggressive Pokémon that tackles anything it sees.
base5-4,Dark Charizard,base5,Pokémon,Stage 2,80,Fire,Dark Charmeleon,Colorless|Colorless|Colorless,Water,Rare Holo,"[{""name"": ""Nail Flick"", ""cost"": [""Colorless""], ""damage"": ""10"", ""text"": """"}, {""name"": ""Continuous Fireball"", ""cost"": [""Fire"", ""Fire""], ""damage"": ""50×"", ""text"": ""Flip a number of coins equal to the number of Fire Energy cards attached to Dark Charizard. This attack does 50 damage times the number of heads. Discard a number of Fire Energy cards attached to Dark Charizard equal to the number of heads.""}]",[],"Seemingly possessed, it spews fire like a volcano, trying to burn all it sees."
base5-5,Dark Dragonite,base5,Pokémon,Stage 2,70,Colorless,Dark Dragonair,Colorless|Colorless,,Rare Holo,"[{""name"": ""Giant Tail"", ""cost"": [""Colorless"", ""Colorless"", ""Colorless"", ""Colorless""], ""damage"": ""70"", ""text"": ""Flip a coin. If tails, this attack does nothing.""}]","[{""name"": ""Summon Minions"", ""type"": ""Pokémon Power"", ""text"": ""When you play Dark Dragonite from your hand, search your deck for up to 2 Basic Pokémon and put them onto your Bench. Shuffle your deck afterward.""}]","Sometimes called ""The God of Destruction."" Its wings are able to support it in spite of its massive weight."
base5-6,Dark Dugtrio,base5,Pokémon,Stage 1,50,Fighting,Diglett,Colorless|Colorless,Grass,Rare Holo,"[{""name"": ""Knock Down"", ""cost"": [""Fighting"", ""Fighting""], ""damage"": ""20+"", ""text"": ""Your opponent flips a coin. If tails, this attack does 20 damage plus 20 more damage; if heads, this attack does 20 damage.""}]","[{""name"": ""Sinkhole"", ""type"": ""Pokémon Power"", ""text"": ""Whenever your opponent's Active Pokémon retreats, your opponent flips a coin. If tails, this power does 20 damage to that Pokémon. (Don't apply Weakness and Resistance.) This power stops working while Dark Dugtrio is Asleep, Confused, or Paralyzed.""}]",Digs large sinkholes in the ground and tries to trap its enemies in them.
base5-7,Dark Golbat,base5,Pokémon,Stage 1,50,Grass,Zubat,,Psychic,Rare Holo,"[{""name"": ""Flitter"", ""cost"": [""Grass"", ""Grass""], ""damage"": """", ""text"": ""Choose 1 of your opponent's Pokémon. This attack does 20 damage to that Pokémon. Don't apply Weakness and Resistance for this attack. (Any other effects that would happen after applying Weakness and Resistance still happen.)""}]","[{""name"": ""Sneak Attack"", ""type"": ""Pokémon Power"", ""text"": ""When you play Dark Golbat from your hand, you may choose 1 of your opponent's Pokémon. If you do, Dark Golbat does 10 damage to that Pokémon. Apply Weakness and Resistance.""}]","Sneaks up silently on its prey and attacks it from behind, sometimes killing it with one bite."
base5-8,Dark Gyarados,base5,Pokémon,Stage 1,70,Water,Magikarp,Colorless|Colorless,Grass,Rare Holo,"[{""name"": ""Ice Beam"", ""cost"": [""Water"", ""Water"", ""Water""], ""damage"": ""30"", ""text"": ""Flip a coin. If heads, the Defending Pokémon is now Paralyzed.""}]","[{""name"": ""Final Beam"", ""type"": ""Pokémon Power"", ""text"": ""When Dark Gyarados is Knocked Out by an attack, flip a coin. If heads, this power does 20 damage for each Water Energy attached to Dark Gyarados to the Pokémon that Knocked Out Dark Gyarados. Apply Weakness and Resistance. This power doesn't work if Dark Gyarados is Asleep, Confused, or Paralyzed.""}]","Normally found only in the deep ocean, it has recently been seen in shallow waters as well."
base5-9,Dark Hypno,base5,Pokémon,Stage 1,60,Psychic,Drowzee,Colorless|Colorless,Psychic,Rare Holo,"[{""name"": ""Psypunch"", ""cost"": [""Psychic""], ""damage"": ""20"", ""text"": """"}, {""name"": ""Bench Manipulation"", ""cost"": [""Psychic"", ""Psychic"", ""Colorless""], ""damage"": ""20×"", ""text"": ""Your opponent flips a number of coins equal to the number of Pokémon on his or her Bench. This attack does 20 damage times the number of tails. Don't apply Weakness and Resistance for this attack. (Any other effects that would happen after applying Weakness and Resistance still happen.)""}]",[],Carries a pendulum with it always. Sometimes appears near less-traveled roads and schools at dusk.
base5-10,Dark Machamp,base5,Pokémon,Stage 2,70,Fighting,Dark Machoke,Colorless|Colorless|Colorless,Psychic,Rare Holo,"[{""name"": ""Mega Punch"", ""cost"": [""Fighting"", ""Fighting""], ""damage"": ""30"", ""text"": """"}, {""name"": ""Fling"", ""cost"": [""Fighting"", ""Fighting"", ""Fighting"", ""Colorless""], ""damage"": """", ""text"": ""Your opponent shuffles his or her Active Pokémon and all cards attached to it into his or her deck. This attack can't be used if your opponent has no Benched Pokémon.""}]",[],It is almost impossible to defend against a Machamp's four powerful arms.
base5-11,Dark Magneton,base5,Pokémon,Stage 1,60,Lightning,Magnemite,Colorless|Colorless,Fighting,Rare Holo,"[{""name"": ""Sonicboom"", ""cost"": [""Colorless"", ""Colorless""], ""damage"": ""20"", ""text"": ""Don't apply Weakness and Resistance for this attack. (Any other effects that would happen after applying Weakness and Resistance still happen.)""}, {""name"": ""Magnetic Lines"", ""cost"": [""Lightning"", ""Lightning""], ""damage"": ""30"", ""text"": ""If the Defending Pokémon has any basic Energy cards attached to it, choose 1 of them. If your opponent has any Benched Pokémon, choose 1 of them and attach that Energy card to it.""}]",[],The number of incidents of hackers using Magnetons to damage computer systems is steadily increasing.
base5-12,Dark Slowbro,base5,Pokémon,Stage 1,60,Psychic,Slowpoke,Colorless|Colorless,Psychic,Rare Holo,"[{""name"": ""Fickle Attack"", ""cost"": [""Psychic"", ""Psychic""], ""damage"": ""40"", ""text"": ""Flip a coin. If tails, this attack does nothing.""}]","[{""name"": ""Reel In"", ""type"": ""Pokémon Power"", ""text"": ""When you play Dark Slowbro from your hand, choose up to 3 Basic Pokémon and/or Evolution cards from your discard pile and put them into your hand.""}]","It loves nothing better than to be left alone, and so sometimes ends up being manipulated by unscrupulous people."
base5-13,Dark Vileplume,base5,Pokémon,Stage 2,60,Grass,Dark Gloom,Colorless|Colorless,Fire,Rare Holo,"[{""name"": ""Petal Whirlwind"", ""cost"": [""Grass"", ""Grass"", ""Grass""], ""damage"": ""30×"", ""text"": ""Flip a coins. This attack does 30 damage times the number of heads. If you get 2 or more heads, Dark Vileplume is now Confused (after doing damage).""}]","[{""name"": ""Hay Fever"", ""type"": ""Pokémon Power"", ""text"": ""No Trainer cards can be played. This power stops working while Dark Vileplume is Asleep, Confused, or Paralyzed.""}]","Perhaps because of their strong-smelling pollen, other Pokémon do not approach areas where Vileplumes live."
base5-14,Dark Weezing,base5,Pokémon,Stage 1,60,Grass,Koffing,Colorless,Psychic,Rare Holo,"[{""name"": ""Mass Explosion"", ""cost"": [""Grass"", ""Colorless""], ""damage"": ""20×"", ""text"": ""Does 20 damage times the total number of Koffings, Weezings, and Dark Weezings in play (Apply Weakness and Resistance.). Then, this attack does 20 damage to each Koffing, Weezing, and Dark Weezing (even your own). Don't apply Weakness and Resistance.""}, {""name"": ""Stun Gas"", ""cost"": [""Grass"", ""Grass"", ""Grass""], ""damage"": ""20"", ""text"": ""Flip a coin. If heads, the Defending Pokémon is now Poisoned; if tails, the Defending Pokémon is now Paralyzed.""}]",[],Researchers have observed these Pokémon reproducing in industrial waste sites.
base5-15,Here Comes Team Rocket!,base5,Trainer,,,,,,,Rare Holo,[],[],
base5-16,Rocket's Sneak Attack,base5,Trainer,,,,,,,Rare Holo,[],[],
base5-17,Rainbow Energy,base5,Energy,Special,,,,,,Rare Holo,[],[],
base5-18,Dark Alakazam,base5,Pokémon,Stage 2,60,Psychic,Dark Kadabra,Colorless|Colorless|Colorless,Psychic,Rare,"[{""name"": ""Teleport Blast"", ""cost"": [""Psychic"", ""Psychic"", ""Colorless""], ""damage"": ""30"", ""text"": ""You may switch Dark Alakazam with 1 of your Benched Pokémon. (Do the damage before switching the Pokémon.)""}, {""name"": ""Mind Shock"", ""cost"": [""Psychic"", ""Psychic"", ""Psychic""], ""damage"": ""40"", ""text"": ""Don't apply Weakness and Resistance for this attack. (Any other effects that would happen after applying Weakness and Resistance still happen.)""}]",[],"Almost as if it were being controlled by something else, it never changes expressions, even in the middle of battle."
base5-19,Dark Arbok,base5,Pokémon,Stage 1,60,Grass,Ekans,Colorless|Colorless,Psychic,Rare,"[{""name"": ""Stare"", ""cost"": [""Grass"", ""Grass""], ""damage"": """", ""text"": ""Choose 1 of your opponent's Pokémon. This attack does 10 damage to that Pokémon. Don't apply Weakness and Resistance for this attack. (Any other effects that would happen after applying Weakness and Resistance still happen.) If that Pokémon has a Pokémon Power, that power stops working until the end of your opponent's next turn.""}, {""name"": ""Poison Vapor"", ""cost"": [""Grass"", ""Grass"", ""Grass""], ""damage"": ""10"", ""text"": ""The Defending Pokémon is now Poisoned. This attack does 10 damage to each of your opponent's Benched Pokémon. (Don't apply Weakness and Resistance for Benched Pokémon.)""}]",[],"Freezes its prey with its stare. If you should encounter one, remember not to look into its eyes."
base5-20,Dark Blastoise,base5,Pokémon,Stage 2,70,Water,Dark Wartortle,Colorless|Colorless,Lightning,Rare,"[{""name"": ""Hydrocannon"", ""cost"": [""Water"", ""Water""], ""damage"": ""30+"", ""text"": ""Does 30 damage plus 20 more damage for each Water Energy attached to Dark Blastoise but not used to pay for this attack. You can't add more than 40 damage in this way.""}, {""name"": ""Rocket Tackle"", ""cost"": [""Water"", ""Colorless"", ""Colorless""], ""damage"": ""40"", ""text"": ""Dark Blastoise does 10 damage to itself. Flip a coin. If heads, prevent all damage done to Dark Blastoise during your opponent's next turn. (Any other effects of attacks still happen.)""}]",[],An aggressive Pokémon that tackles anything it sees.
base5-21,Dark Charizard,base5,Pokémon,Stage 2,80,Fire,Dark Charmeleon,Colorless|Colorless|Colorless,Water,Rare,"[{""name"": ""Nail Flick"", ""cost"": [""Colorless""], ""damage"": ""10"", ""text"": """"}, {""name"": ""Continuous Fireball"", ""cost"": [""Fire"", ""Fire""], ""damage"": ""50×"", ""text"": ""Flip a number of coins equal to the number of Fire Energy cards attached to Dark Charizard. This attack does 50 damage times the number of heads. Discard a number of Fire Energy cards attached to Dark Charizard equal to the number of heads.""}]",[],"Seemingly possessed, it spews fire like a volcano, trying to burn all it sees."
base5-22,Dark Dragonite,base5,Pokémon,Stage 2,70,Colorless,Dark Dragonair,Colorless|Colorless,,Rare,"[{""name"": ""Giant Tail"", ""cost"": [""Colorless"", ""Colorless"", ""Colorless"", ""Colorless""], ""damage"": ""70"", ""text"": ""Flip a coin. If tails, this attack does nothing.""}]","[{""name"": ""Summon Minions"", ""type"": ""Pokémon Power"", ""text"": ""When you play Dark Dragonite from your hand, search your deck for up to 2 Basic Pokémon and put them onto your Bench. Shuffle your deck afterward.""}]","Sometimes called ""The God of Destruction."" Its wings are able to support it in spite of its massive weight."
base5-23,Dark Dugtrio,base5,Pokémon,Stage 1,50,Fighting,Diglett,Colorless|Colorless,Grass,Rare,"[{""name"": ""Knock Down"", ""cost"": [""Fighting"", ""Fighting""], ""damage"": ""20+"", ""text"": ""Your opponent flips a coin. If tails, this attack does 20 damage plus 20 more damage; if heads, this attack does 20 damage.""}]","[{""name"": ""Sinkhole"", ""type"": ""Pokémon Power"", ""text"": ""Whenever your opponent's Active Pokémon retreats, your opponent flips a coin. If tails, this power does 20 damage to that Pokémon. (Don't apply Weakness and Resistance.) This power stops working while Dark Dugtrio is Asleep, Confused, or Paralyzed.""}]",Digs large sinkholes in the ground and tries to trap its enemies in them.
base5-24,Dark Golbat,base5,Pokémon,Stage 1,50,Grass,Zubat,,Psychic,Rare,"[{""name"": ""Flitter"", ""cost"": [""Grass"", ""Grass""], ""damage"": """", ""text"": ""Choose 1 of your opponent's Pokémon. This attack does 20 damage to that Pokémon. Don't apply Weakness and Resistance for this attack. (Any other effects that would happen after applying Weakness and Resistance still happen.)""}]","[{""name"": ""Sneak Attack"", ""type"": ""Pokémon Power"", ""text"": ""When you play Dark Golbat from your hand, you may choose 1 of your opponent's Pokémon. If you do, Dark Golbat does 10 damage to that Pokémon. Apply Weakness and Resistance.""}]","Sneaks up silently on its prey and attacks it from behind, sometimes killing it with one bite."
base5-25,Dark Gyarados,base5,Pokémon,Stage 1,70,Water,Magikarp,Colorless|Colorless,Grass,Rare,"[{""name"": ""Ice Beam"", ""cost"": [""Water"", ""Water"", ""Water""], ""damage"": ""30"", ""text"": ""Flip a coin. If heads, the Defending Pokémon is now Paralyzed.""}]","[{""name"": ""Final Beam"", ""type"": ""Pokémon Power"", ""text"": ""When Dark Gyarados is Knocked Out by an attack, flip a coin. If heads, this power does 20 damage for each Water Energy attached to Dark Gyarados to the Pokémon that Knocked Out Dark Gyarados. Apply Weakness and Resistance. This power doesn't work if Dark Gyarados is Asleep, Confused, or Paralyzed.""}]","Normally found only in the deep ocean, it has recently been seen in shallow waters as well."
base5-26,Dark Hypno,base5,Pokémon,Stage 1,60,Psychic,Drowzee,Colorless|Colorless,Psychic,Rare,"[{""name"": ""Psypunch"", ""cost"": [""Psychic""], ""damage"": ""20"", ""text"": """"}, {""name"": ""Bench Manipulation"", ""cost"": [""Psychic"", ""Psychic"", ""Colorless""], ""damage"": ""20×"", ""text"": ""Your opponent flips a number of coins equal to the number of Pokémon on his or her Bench. This attack does 20 damage times the number of tails. Don't apply Weakness and Resistance for this attack. (Any other effects that would happen after applying Weakness and Resistance still happen.)""}]",[],Carries a pendulum with it always. Sometimes appears near less-traveled roads and schools at dusk.
base5-27,Dark Machamp,base5,Pokémon,Stage 2,70,Fighting,Dark Machoke,Colorless|Colorless|Colorless,Psychic,Rare,"[{""name"": ""Mega Punch"", ""cost"": [""Fighting"", ""Fighting""], ""damage"": ""30"", ""text"": """"}, {""name"": ""Fling"", ""cost"": [""Fighting"", ""Fighting"", ""Fighting"", ""Colorless""], ""damage"": """", ""text"": ""Your opponent shuffles his or her Active Pokémon and all cards attached to it into his or her deck. This attack can't be used if your opponent has no Benched Pokémon.""}]",[],It is almost impossible to defend against a Machamp's four powerful arms.
base5-28,Dark Magneton,base5,Pokémon,Stage 1,60,Lightning,Magnemite,Colorless|Colorless,Fighting,Rare,"[{""name"": ""Sonicboom"", ""cost"": [""Colorless"", ""Colorless""], ""damage"": ""20"", ""text"": ""Don't apply Weakness and Resistance for this attack. (Any other effects that would happen after applying Weakness and Resistance still happen.)""}, {""name"": ""Magnetic Lines"", ""cost"": [""Lightning"", ""Lightning""], ""damage"": ""30"", ""text"": ""If the Defending Pokémon has any basic Energy cards attached to it, choose 1 of them. If your opponent has any Benched Pokémon, choose 1 of them and attach that Energy card to it.""}]",[],The number of incidents of hackers using Magnetons to damage computer systems is steadily increasing.
base5-29,Dark Slowbro,base5,Pokémon,Stage 1,60,Psychic,Slowpoke,Colorless|Colorless,Psychic,Rare,"[{""name"": ""Fickle Attack"", ""cost"": [""Psychic"", ""Psychic""], ""damage"": ""40"", ""text"": ""Flip a coin. If tails, this attack does nothing.""}]","[{""name"": ""Reel In"", ""type"": ""Pokémon Power"", ""text"": ""When you play Dark Slowbro from your hand, choose up to 3 Basic Pokémon and/or Evolution cards from your discard pile and put them into your hand.""}]","It loves nothing better than to be left alone, and so sometimes ends up being manipulated by unscrupulous people."
base5-30,Dark Vileplume,base5,Pokémon,Stage 2,60,Grass,Dark Gloom,Colorless|Colorless,Fighting,Rare,"[{""name"": ""Petal Whirlwind"", ""cost"": [""Grass"", ""Grass"", ""Grass""], ""damage"": ""30×"", ""text"": ""Flip a coins. This attack does 30 damage times the number of heads. If you get 2 or more heads, Dark Vileplume is now Confused (after doing damage).""}]","[{""name"": ""Hay Fever"", ""type"": ""Pokémon Power"", ""text"": ""No Trainer cards can be played. This power stops working while Dark Vileplume is Asleep, Confused, or Paralyzed.""}]","Perhaps because of their strong-smelling pollen, other Pokémon do not approach areas where Vileplumes live."
base5-31,Dark Weezing,base5,Pokémon,Stage 1,60,Grass,Koffing,Colorless,Psychic,Rare,"[{""name"": ""Mass Explosion"", ""cost"": [""Grass"", ""Colorless""], ""damage"": ""20×"", ""text"": ""Does 20 damage times the total number of Koffings, Weezings, and Dark Weezings in play (Apply Weakness and Resistance.). Then, this attack does 20 damage to each Koffing, Weezing, and Dark Weezing (even your own). Don't apply Weakness and Resistance.""}, {""name"": ""Stun Gas"", ""cost"": [""Grass"", ""Grass"", ""Grass""], ""damage"": ""20"", ""text"": ""Flip a coin. If heads, the Defending Pokémon is now Poisoned; if tails, the Defending Pokémon is now Paralyzed.""}]",[],Researchers have observed these Pokémon reproducing in industrial waste sites.
base5-32,Dark Charmeleon,base5,Pokémon,Stage 1,50,Fire,Charmander,Colorless|Colorless,Water,Uncommon,"[{""name"": ""Tail Slap"", ""cost"": [""Colorless"", ""Colorless""], ""damage"": ""20"", ""text"": """"}, {""name"": ""Fireball"", ""cost"": [""Fire"", ""Fire"", ""Fire""], ""damage"": ""70"", ""text"": ""Use this attack only if there are any Fire Energy cards attached to Dark Charmeleon. Flip a coin. If heads, discard 1 of those Energy cards. If tails, this attack does nothing (not even damage).""}]",[],"Its tail is incredibly strong, able to lift up to 5 adult men."
base5-33,Dark Dragonair,base5,Pokémon,Stage 1,60,Colorless,Dratini,Colorless|Colorless,,Uncommon,"[{""name"": ""Tail Strike"", ""cost"": [""Colorless"", ""Colorless"", ""Colorless""], ""damage"": ""20+"", ""text"": ""Flip a coin. If heads, this attack does 20 damage plus 20 more damage; if tails, this attack does 20 damage.""}]","[{""name"": ""Evolutionary Light"", ""type"": ""Pokémon Power"", ""text"": ""Once during your turn (before your attack), you may search your deck for an Evolution card. Show it to your opponent and put it into your hand. Shuffle your deck afterward. This power can't be used if Dark Dragonair is Asleep, Confused, or Paralyzed.""}]","As is fitting for a legendary Pokémon, it has many strange powers, including the ability to make rain or snow fall."
base5-34,Dark Electrode,base5,Pokémon,Stage 1,60,Lightning,Voltorb,Colorless,Fighting,Uncommon,"[{""name"": ""Rolling Tackle"", ""cost"": [""Colorless""], ""damage"": ""10"", ""text"": """"}, {""name"": ""Energy Bomb"", ""cost"": [""Lightning"", ""Lightning""], ""damage"": ""30"", ""text"": ""Take all Energy cards attached to Dark Electrode and attach them to your Benched Pokémon (in any way you choose). If you have no Benched Pokémon, discard all Energy cards attached to Dark Electrode.""}]",[],Some researchers hypothesize that Electrode may actually be a form of energy instead of having an actual body.
base5-35,Dark Flareon,base5,Pokémon,Stage 1,50,Fire,Eevee,Colorless,Water,Uncommon,"[{""name"": ""Rage"", ""cost"": [""Colorless""], ""damage"": ""10+"", ""text"": ""Does 10 damage plus 10 more damage for each damage counter on Dark Flareon.""}, {""name"": ""Playing with Fire"", ""cost"": [""Fire"", ""Fire""], ""damage"": ""30+"", ""text"": ""Use this attack only if there are any Fire Energy cards attached to Dark Flareon. Flip a coin. If heads, discard 1 of those Energy cards and this attack does 30 damage plus 20 more damage; if tails, this attack does 30 damage.""}]",[],A Pokémon with a hot temper that can't be controlled once it's angered. Capable of breathing flames hotter than 3000°.
base5-36,Dark Gloom,base5,Pokémon,Stage 1,50,Grass,Oddish,Colorless|Colorless,Fire,Uncommon,"[{""name"": ""Poisonpowder"", ""cost"": [""Grass"", ""Grass""], ""damage"": ""10"", ""text"": ""The Defending Pokémon is now Poisoned.""}]","[{""name"": ""Pollen Stench"", ""type"": ""Pokémon Power"", ""text"": ""Once during your turn (before your attack), you may flip a coin. If heads, the Defending Pokémon is now Confused; if tails, your Active Pokémon is now Confused. This power can't be used if Dark Gloom is Asleep, Confused, or Paralyzed.""}]",Its pollen has such a strong smell that it even confuses itself at times.
base5-37,Dark Golduck,base5,Pokémon,Stage 1,60,Water,Psyduck,Colorless|Colorless,Lightning,Uncommon,"[{""name"": ""Third Eye"", ""cost"": [""Psychic""], ""damage"": """", ""text"": ""Discard 1 Energy card attached to Dark Golduck in order to draw up to 3 cards.""}, {""name"": ""Super Psy"", ""cost"": [""Psychic"", ""Psychic"", ""Colorless""], ""damage"": ""50"", ""text"": """"}]",[],"When Psyducks evolve, their headaches disappear and they find themselves in possession of formidable mental powers."
base5-38,Dark Jolteon,base5,Pokémon,Stage 1,50,Lightning,Eevee,Colorless,Fighting,Uncommon,"[{""name"": ""Lightning Flash"", ""cost"": [""Lightning""], ""damage"": ""20"", ""text"": ""If the Defending Pokémon tries to attack during your opponent's next turn, your opponent flips a coin. If tails, that attack does nothing.""}, {""name"": ""Thunder Attack"", ""cost"": [""Lightning"", ""Lightning"", ""Colorless""], ""damage"": ""30"", ""text"": ""Flip a coin. If heads, the Defending Pokémon is now Paralyzed. If tails, Dark Jolteon does 10 damage to itself.""}]",[],A dangerous Pokémon when angered. It likes to playfully shock people with the electricity it stores within its body.
base5-39,Dark Kadabra,base5,Pokémon,Stage 1,50,Psychic,Abra,Colorless|Colorless,Psychic,Uncommon,"[{""name"": ""Mind Shock"", ""cost"": [""Psychic"", ""Psychic""], ""damage"": ""30"", ""text"": ""Don't apply Weakness and Resistance for this attack. (Any other effects that would happen after applying Weakness and Resistance still happen.)""}]","[{""name"": ""Matter Exchange"", ""type"": ""Pokémon Power"", ""text"": ""Once during your turn (before your attack), you may discard a card from your hand in order to draw a card. This power can't be used if Dark Kadabra is Asleep, Confused, or Paralyzed.""}]",Some people say that Kadabras are responsible for many of the mysterious events reported in the news.
base5-40,Dark Machoke,base5,Pokémon,Stage 1,60,Fighting,Machop,Colorless|Colorless,Psychic,Uncommon,"[{""name"": ""Drag Off"", ""cost"": [""Fighting"", ""Fighting"", ""Colorless""], ""damage"": ""20"", ""text"": ""Before doing damage, choose 1 of your opponent's Benched Pokémon and switch it with the Defending Pokémon. Do the damage to the new Defending Pokémon. This attack can't be used if your opponent has no Benched Pokémon.""}, {""name"": ""Knock Back"", ""cost"": [""Fighting"", ""Fighting"", ""Colorless""], ""damage"": ""30"", ""text"": ""If your opponent has any Benched Pokémon, he or she chooses 1 of them and switches it with the Defending Pokémon. (Do the damage before switching the Pokémon.)""}]",[],"While normally peaceful and friendly, the number of incidents involving cruel Machokes is rising."
base5-41,Dark Muk,base5,Pokémon,Stage 1,60,Grass,Grimer,Colorless|Colorless,Psychic,Uncommon,"[{""name"": ""Sludge Punch"", ""cost"": [""Grass"", ""Grass""], ""damage"": ""20"", ""text"": ""The Defending Pokémon is now Poisoned.""}]","[{""name"": ""Sticky Goo"", ""type"": ""Pokémon Power"", ""text"": ""As long as Dark Muk is your Active Pokémon, your opponent pays ColorlessColorless more to retreat his or her Active Pokémon. This power stops working while Dark Muk is Asleep, Confused, or Paralyzed.""}]","Muks appear suddenly, spreading sludge everywhere. Whenever one appears in a city, panic ensues."
base5-42,Dark Persian,base5,Pokémon,Stage 1,60,Colorless,Meowth,,Fighting,Uncommon,"[{""name"": ""Fascinate"", ""cost"": [""Colorless""], ""damage"": """", ""text"": ""Flip a coin. If heads, choose 1 of your opponent's Benched Pokémon and switch it with the Defending Pokémon. This attack can't be used if your opponent has no Benched Pokémon.""}, {""name"": ""Poison Claws"", ""cost"": [""Colorless"", ""Colorless""], ""damage"": ""10"", ""text"": ""Flip a coin. If heads, the Defending Pokémon is now Poisoned.""}]",[],Popular with women because of its beautiful fur. The leader of the Rockets keeps one as a pet.
base5-43,Dark Primeape,base5,Pokémon,Stage 1,60,Fighting,Mankey,Colorless,Psychic,Uncommon,"[{""name"": ""Frenzied Attack"", ""cost"": [""Fighting"", ""Fighting""], ""damage"": ""40"", ""text"": ""Dark Primeape is now Confused (after doing damage).""}]","[{""name"": ""Frenzy"", ""type"": ""Pokémon Power"", ""text"": ""If Dark Primeape does any damage while it's Confused (even to itself), it does 30 more damage.""}]","Although Primeapes have always been mean, lately they seem to be becoming even more vicious and frenzied."
base5-44,Dark Rapidash,base5,Pokémon,Stage 1,60,Fire,Ponyta,,Water,Uncommon,"[{""name"": ""Rear Kick"", ""cost"": [""Colorless"", ""Colorless""], ""damage"": ""20"", ""text"": """"}, {""name"": ""Flame Pillar"", ""cost"": [""Fire"", ""Fire""], ""damage"": ""30"", ""text"": ""You may discard 1 Fire Energy card attached to Dark Rapidash when you use this attack. If you do and if your opponent has any Benched Pokémon, choose 1 of them and this attack does 10 damage to it. (Don't apply Weakness and Resistance for Benched Pokémon.)""}]",[],"A wild, uncontrollable Pokémon. When running, it looks like a comet streaking through the sky."
base5-45,Dark Vaporeon,base5,Pokémon,Stage 1,60,Water,Eevee,Colorless,Lightning,Uncommon,"[{""name"": ""Bite"", ""cost"": [""Colorless"", ""Colorless"", ""Colorless""], ""damage"": ""30"", ""text"": """"}, {""name"": ""Whirlpool"", ""cost"": [""Water"", ""Water"", ""Colorless""], ""damage"": ""20"", ""text"": ""If the Defending Pokémon has any Energy cards attached to it, choose 1 of them and discard it.""}]",[],"A Pokémon capable of controlling water, so it is capable of creating giant whirlpools."
base5-46,Dark Wartortle,base5,Pokémon,Stage 1,60,Water,Squirtle,Colorless,Lightning,Uncommon,"[{""name"": ""Doubleslap"", ""cost"": [""Water""], ""damage"": ""10×"", ""text"": ""Flip 2 coins. This attack does 10 damage times the number of heads.""}, {""name"": ""Mirror Shell"", ""cost"": [""Water"", ""Colorless""], ""damage"": """", ""text"": ""If an attack does damage to Dark Wartortle during your opponent's next turn (even if Dark Wartortle is Knocked Out), Dark Wartortle attacks the Defending Pokémon for an equal amount of damage.""}]",[],"A Pokémon with a negative attitude, it hides in its shell whenever it's in a bad mood—which is often."
base5-47,Magikarp,base5,Pokémon,Basic,30,Water,,Colorless,Lightning,Uncommon,"[{""name"": ""Flop"", ""cost"": [""Colorless""], ""damage"": ""10"", ""text"": """"}, {""name"": ""Rapid Evolution"", ""cost"": [""Water"", ""Water"", ""Water""], ""damage"": """", ""text"": ""Search your deck for an Evolution card named Gyarados or Dark Gyarados and put it on Magikarp. (This counts as evolving Magikarp.) Shuffle your deck afterward.""}]",[],Recent research has revealed the presence of dragon DNA in this species of Pokémon.
base5-48,Porygon,base5,Pokémon,Basic,40,Colorless,,,Fighting,Uncommon,"[{""name"": ""Conversion 1"", ""cost"": [""Colorless""], ""damage"": """", ""text"": ""If the Defending Pokémon has a Weakness, you may change it to a type of your choice other than Colorless.""}, {""name"": ""Psybeam"", ""cost"": [""Colorless"", ""Colorless"", ""Colorless""], ""damage"": ""20"", ""text"": ""Flip a coin. If heads, the Defending Pokémon is now Confused.""}]",[],"More and more people play the slots every day, trying to win a Porygon."
base5-49,Abra,base5,Pokémon,Basic,40,Psychic,,Colorless,Psychic,Common,"[{""name"": ""Vanish"", ""cost"": [""Psychic""], ""damage"": """", ""text"": ""Shuffle Abra into your deck. (Discard all cards attached to Abra.)""}, {""name"": ""Psyshock"", ""cost"": [""Psychic""], ""damage"": ""10"", ""text"": ""Flip a coin. If heads, the Defending Pokémon is now Paralyzed.""}]",[],"It teleports itself away from danger, making it difficult to capture."
base5-50,Charmander,base5,Pokémon,Basic,40,Fire,,Colorless,Water,Common,"[{""name"": ""Fire Tail"", ""cost"": [""Fire""], ""damage"": ""20"", ""text"": """"}]","[{""name"": ""Gather Fire"", ""type"": ""Pokémon Power"", ""text"": ""Once during your turn (before your attack), you may take 1 Fire Energy card attached to 1 of your other Pokémon and attach it to Charmander. This power can't be used if Charmander is Asleep, Confused, or Paralyzed.""}]","Many people find it cute and try to hold it, only to be burned by its tail."
base5-51,Dark Raticate,base5,Pokémon,Stage 1,50,Colorless,Rattata,Colorless,Fighting,Common,"[{""name"": ""Gnaw"", ""cost"": [""Colorless"", ""Colorless""], ""damage"": ""20"", ""text"": """"}, {""name"": ""Hyper Fang"", ""cost"": [""Colorless"", ""Colorless"", ""Colorless""], ""damage"": ""50"", ""text"": ""Flip a coin. If tails, this attack does nothing.""}]",[],A Raticate's front teeth are incredibly powerful; it can destroy a two-story house with them in 5 minutes.
base5-52,Diglett,base5,Pokémon,Basic,40,Fighting,,,Grass,Common,"[{""name"": ""Dig Under"", ""cost"": [""Fighting""], ""damage"": """", ""text"": ""Choose 1 of your opponent's Pokémon. This attack does 10 damage to that Pokémon. Don't apply Weakness and Resistance for this attack. (Any other effects that would happen after applying Weakness and Resistance still happen.)""}, {""name"": ""Scratch"", ""cost"": [""Fighting"", ""Colorless""], ""damage"": ""20"", ""text"": """"}]",[],"It follows Onixes in their tunnels, looking for scraps of food they have left behind."
base5-53,Dratini,base5,Pokémon,Basic,40,Colorless,,Colorless,,Common,"[{""name"": ""Wrap"", ""cost"": [""Colorless"", ""Colorless""], ""damage"": ""10"", ""text"": ""Flip a coin. If heads, the Defending Pokémon is now Paralyzed.""}]",[],The capture of the first Dratini inspired the search for other legendary Pokémon.
base5-54,Drowzee,base5,Pokémon,Basic,50,Psychic,,Colorless,Psychic,Common,"[{""name"": ""Nightmare"", ""cost"": [""Psychic"", ""Colorless""], ""damage"": ""10"", ""text"": ""The Defending Pokémon is now Asleep.""}]","[{""name"": ""Long-Distance Hypnosis"", ""type"": ""Pokémon Power"", ""text"": ""Once during your turn (before your attack), you may flip a coin. If heads, the Defending Pokémon is now Asleep; if tails, your Active Pokémon is now Asleep. This power can't be used if Drowzee is Asleep, Confused, or Paralyzed.""}]",Not popular with girls because of its attitude. Can often be heard muttering to itself in a low voice.
base5-55,Eevee,base5,Pokémon,Basic,40,Colorless,,Colorless,Fighting,Common,"[{""name"": ""Tackle"", ""cost"": [""Colorless""], ""damage"": ""10"", ""text"": """"}, {""name"": ""Sand-attack"", ""cost"": [""Colorless"", ""Colorless""], ""damage"": ""10"", ""text"": ""If the Defending Pokémon tries to attack during your opponent's next turn, your opponent flips a coin. If tails, that attack does nothing.""}]",[],"A rare and unique Pokémon about which little is known, as few have been captured."
base5-56,Ekans,base5,Pokémon,Basic,50,Grass,,Colorless,Psychic,Common,"[{""name"": ""Bite"", ""cost"": [""Colorless""], ""damage"": ""10"", ""text"": """"}, {""name"": ""Poison Sting"", ""cost"": [""Grass"", ""Grass""], ""damage"": ""20"", ""text"": ""Flip a coin. If heads, the Defending Pokémon is now Poisoned.""}]",[],A carnivore that swallows its prey whole. Pidgeys and Spearows are its favorite food.
base5-57,Grimer,base5,Pokémon,Basic,40,Grass,,Colorless,Psychic,Common,"[{""name"": ""Poison Gas"", ""cost"": [""Grass""], ""damage"": """", ""text"": ""The Defending Pokémon is now Asleep.""}, {""name"": ""Sticky Hands"", ""cost"": [""Grass"", ""Grass""], ""damage"": ""10+"", ""text"": ""Flip a coin. If heads, this attack does 10 damage plus 20 more damage and the Defending Pokémon is now Paralyzed; if tails, this attack does 10 damage.""}]",[],"It has recently been found that Grimers are formed in waste-processing plants, and can move into towns via sewers."
base5-58,Koffing,base5,Pokémon,Basic,40,Grass,,Colorless,Psychic,Common,"[{""name"": ""Tackle"", ""cost"": [""Colorless""], ""damage"": ""10"", ""text"": """"}, {""name"": ""Poison Gas"", ""cost"": [""Grass"", ""Colorless""], ""damage"": ""20"", ""text"": ""Flip a coin. If heads, the Defending Pokémon is now Poisoned.""}]",[],"First discovered in a weapons factory, this Pokémon can now be found almost anywhere."
base5-59,Machop,base5,Pokémon,Basic,50,Fighting,,Colorless,Psychic,Common,"[{""name"": ""Punch"", ""cost"": [""Colorless"", ""Colorless""], ""damage"": ""20"", ""text"": """"}, {""name"": ""Kick"", ""cost"": [""Fighting"", ""Colorless"", ""Colorless""], ""damage"": ""30"", ""text"": """"}]",[],It's said that not even pro wrestlers can take down a Machop.
base5-60,Magnemite,base5,Pokémon,Basic,40,Lightning,,Colorless,Fighting,Common,"[{""name"": ""Tackle"", ""cost"": [""Colorless"", ""Colorless""], ""damage"": ""20"", ""text"": """"}, {""name"": ""Magnetism"", ""cost"": [""Lightning"", ""Colorless""], ""damage"": ""10+"", ""text"": ""Does 10 damage plus 10 more damage for each Magnemite, Magneton, and Dark Magneton on your Bench.""}]",[],"It is said that enough Magnemites and Magnetons gather in one place, they can create a powerful magnetic barrier."
base5-61,Mankey,base5,Pokémon,Basic,40,Fighting,,,Psychic,Common,"[{""name"": ""Mischief"", ""cost"": [""Colorless""], ""damage"": """", ""text"": ""Shuffle your opponent's deck.""}, {""name"": ""Anger"", ""cost"": [""Fighting"", ""Colorless""], ""damage"": ""20+"", ""text"": ""Flip a coin. If heads, this attack does 20 damage plus 20 more damage; if tails, this attack does 20 damage.""}]",[],"Normally friendly, it quickly becomes angry if it doesn't get what it wants."
base5-62,Meowth,base5,Pokémon,Basic,40,Colorless,,Colorless,Fighting,Common,"[{""name"": ""Coin Hurl"", ""cost"": [""Colorless"", ""Colorless""], ""damage"": """", ""text"": ""Choose 1 of your opponent's Pokémon and flip a coin. If heads, this attack does 20 damage to that Pokémon. Don't apply Weakness and Resistance for this attack. (Any other effects that would happen after applying Weakness and Resistance still happen.)""}]",[],"A popular Pokémon that earns money for its owner with its ""Pay Day"" ability."
base5-63,Oddish,base5,Pokémon,Basic,50,Grass,,Colorless,Fire,Common,"[{""name"": ""Sleep Powder"", ""cost"": [""Grass""], ""damage"": """", ""text"": ""The Defending Pokémon is now Asleep.""}, {""name"": ""Poisonpowder"", ""cost"": [""Grass""], ""damage"": """", ""text"": ""The Defending Pokémon is now Poisoned.""}]",[],It wanders around at night sowing its seeds to create more Oddishes.
base5-64,Ponyta,base5,Pokémon,Basic,50,Fire,,Colorless,Water,Common,"[{""name"": ""Ember"", ""cost"": [""Fire"", ""Colorless""], ""damage"": ""30"", ""text"": ""Discard 1 Fire Energy card attached to Ponyta in order to use this attack.""}]",[],"A gentle grass-eater, it will allow riders on its back. However, anyone attempting to do so must be careful not to get burned."
base5-65,Psyduck,base5,Pokémon,Basic,50,Water,,Colorless,Lightning,Common,"[{""name"": ""Dizziness"", ""cost"": [""Psychic""], ""damage"": """", ""text"": ""Draw a card.""}, {""name"": ""Water Gun"", ""cost"": [""Water"", ""Colorless""], ""damage"": ""20+"", ""text"": ""Does 20 damage plus 10 more damage for each Water Energy attached to Psyduck but not used to pay for this attack. You can't add more than 20 damage in this way.""}]",[],"It is often seen holding its head in its paws, as if it were suffering from a headache."
base5-66,Rattata,base5,Pokémon,Basic,40,Colorless,,,Fighting,Common,"[{""name"": ""Quick Attack"", ""cost"": [""Colorless""], ""damage"": ""10+"", ""text"": ""Flip a coin. If heads, this attack does 10 damage plus 10 more damage; if tails, this attack does 10 damage.""}]","[{""name"": ""Trickery"", ""type"": ""Pokémon Power"", ""text"": ""Once during your turn (before your attack), you may switch 1 of your Prizes with the top card of your deck. This power can't be used if Rattata is Asleep, Confused, or Paralyzed.""}]","Loves to eat walnuts, chestnuts, cheese, and milk."
base5-67,Slowpoke,base5,Pokémon,Basic,50,Psychic,,Colorless,Psychic,Common,"[{""name"": ""Afternoon Nap"", ""cost"": [""Colorless""], ""damage"": """", ""text"": ""Search your deck for a Psychic Energy card and attach it to Slowpoke. Shuffle your deck afterward.""}, {""name"": ""Headbutt"", ""cost"": [""Psychic""], ""damage"": ""10"", ""text"": """"}]",[],"Although it knows how to fish, no other intelligent behavior has been detected in it."
base5-68,Squirtle,base5,Pokémon,Basic,50,Water,,Colorless,Lightning,Common,"[{""name"": ""Shell Attack"", ""cost"": [""Colorless"", ""Colorless""], ""damage"": ""20"", ""text"": """"}]",[],Cute Pokémon that charms people with its innocent eyes. Loves swimming all day long.
base5-69,Voltorb,base5,Pokémon,Basic,40,Lightning,,Colorless,Fighting,Common,"[{""name"": ""Speed Ball"", ""cost"": [""Lightning""], ""damage"": ""20"", ""text"": """"}]",[],"Usually seen only in power plants, it is sometimes seen in towns, apparently using the power lines to travel."
base5-70,Zubat,base5,Pokémon,Basic,40,Grass,,,Psychic,Common,"[{""name"": ""Ram"", ""cost"": [""Colorless""], ""damage"": ""10"", ""text"": """"}, {""name"": ""Bite"", ""cost"": [""Grass"", ""Colorless""], ""damage"": ""20"", ""text"": """"}]",[],"Lives in dark caves. Can occasionally be seen at night, when it flies in search of food."
base5-71,Here Comes Team Rocket!,base5,Trainer,,,,,,,Rare,[],[],
base5-72,Rocket's Sneak Attack,base5,Trainer,,,,,,,Rare,[],[],
base5-73,The Boss's Way,base5,Trainer,,,,,,,Uncommon,[],[],
base5-74,Challenge!,base5,Trainer,,,,,,,Uncommon,[],[],
base5-75,Digger,base5,Trainer,Rocket's Secret Machine,,,,,,Uncommon,[],[],
base5-76,Imposter Oak's Revenge,base5,Trainer,,,,,,,Uncommon,[],[],
base5-77,Nightly Garbage Run,base5,Trainer,Rocket's Secret Machine,,,,,,Uncommon,[],[],
base5-78,Goop Gas Attack,base5,Trainer,,,,,,,Common,[],[],
base5-79,Sleep!,base5,Trainer,Rocket's Secret Machine,,,,,,Common,[],[],
base5-80,Rainbow Energy,base5,Energy,Special,,,,,,Rare,[],[],
base5-81,Full Heal Energy,base5,Energy,Special,,,,,,Uncommon,[],[],
base5-82,Potion Energy,base5,Energy,Special,,,,,,Uncommon,[],[],
base5-83,Dark Raichu,base5,Pokémon,Stage 1,70,Lightning,Pikachu,Colorless,Fighting,Rare Secret,"[{""name"": ""Surprise Thunder"", ""cost"": [""Lightning"", ""Lightning"", ""Lightning""], ""damage"": ""30"", ""text"": ""Flip a coin. If heads, flip another coin. If the second coin is heads, this attack does 20 damage to each of your opponent's Benched Pokémon. If the second coin is tails, this attack does 10 damage to each of your opponent's Benched Pokémon. (Don't apply Weakness and Resistance for Benched Pokémon.)""}]",[],"Stores up electricity in its body, then suddenly releases it to surprise and shock everyone."
gym1-1,Blaine's Moltres,gym1,Pokémon,Basic,90,Fire,,Colorless|Colorless|Colorless,,Rare Holo,"[{""name"": ""Phoenix Flame"", ""cost"": [""Fire"", ""Fire"", ""Fire"", ""Fire"", ""Fire""], ""damage"": ""90"", ""text"": ""Flip a coin. If tails, shuffle Blaine's Moltres and all cards attached to it into your deck (after doing damage).""}]",[],
gym1-2,Brock's Rhydon,gym1,Pokémon,Stage 1,80,Fighting,Brock's Rhyhorn,Colorless|Colorless|Colorless,Grass,Rare Holo,"[{""name"": ""Lariat"", ""cost"": [""Fighting"", ""Fighting"", ""Colorless"", ""Colorless""], ""damage"": ""70"", ""text"": ""Flip a coin. If tails, this attack does nothing.""}]","[{""name"": ""Bench Guard"", ""type"": ""Pokémon Power"", ""text"": ""As long as Brock's Rhydon is Benched, whenever 1 of your Benched Pokémon is damaged, you may do 10 of that damage to Brock's Rhydon instead. (If more than 1 of your Benched Pokémon is damaged at the same time, you may use this power once for each of them.)""}]",
gym1-3,Erika's Clefable,gym1,Pokémon,Stage 1,70,Colorless,Erika's Clefairy,Colorless|Colorless,Fighting,Rare Holo,"[{""name"": ""Fairy Power"", ""cost"": [""Colorless""], ""damage"": """", ""text"": ""Flip a coin. If heads, you may return any number of your Pokémon in play and all cards attached to them to your hand.""}, {""name"": ""Moon Impact"", ""cost"": [""Colorless"", ""Colorless"", ""Colorless""], ""damage"": ""30"", ""text"": """"}]",[],
gym1-4,Erika's Dragonair,gym1,Pokémon,Stage 1,80,Colorless,Erika's Dratini,Colorless|Colorless,,Rare Holo,"[{""name"": ""Blizzard"", ""cost"": [""Colorless"", ""Colorless"", ""Colorless""], ""damage"": ""30"", ""text"": ""Flip a coin. If heads, this attack does 10 damage to each of your opponent's Benched Pokémon. If tails, this attack does 10 damage to each of your own Benched Pokémon. (Don't apply Weakness and Resistance for Benched Pokémon.)""}, {""name"": ""Take Away"", ""cost"": [""Colorless"", ""Colorless"", ""Colorless"", ""Colorless""], ""damage"": """", ""text"": ""Shuffle Erika's Dragonair and all cards attached to it into your deck. Then, your opponent shuffles his or her Active Pokémon and all cards attached to it into his or her deck.""}]",[],
gym1-5,Erika's Vileplume,gym1,Pokémon,Stage 2,80,Grass,Erika's Gloom,Colorless|Colorless,Fire,Rare Holo,"[{""name"": ""Mega Drain"", ""cost"": [""Grass"", ""Grass"", ""Grass""], ""damage"": ""30"", ""text"": ""If Erika's Vileplume does damage to the Defending Pokémon (after applying Weakness and Resistance), remove a number of damage counters from Erika's Vileplume equal to half the damage done to the Defending Pokémon (rounded up to the nearest 10). If Erika's Vileplume has fewer damage counters than that, remove all of them.""}]","[{""name"": ""Pollen Defense"", ""type"": ""Pokémon Power"", ""text"": ""If an attack does damage to Erika's Vileplume while it's your Active Pokémon (even if it's Knocked Out), flip a coin. If heads, your opponent's Active Pokémon is now Confused. This power works even while Erika's Vileplume is Asleep, Confused, or Paralyzed.""}]",
gym1-6,Lt. Surge's Electabuzz,gym1,Pokémon,Basic,70,Lightning,,Colorless|Colorless,Fighting,Rare Holo,"[{""name"": ""Charge"", ""cost"": [""Lightning""], ""damage"": """", ""text"": ""Take up to 2 Lightning Energy cards from your discard pile and attach them to Lt. Surge's Electabuzz.""}, {""name"": ""Discharge"", ""cost"": [""Lightning""], ""damage"": ""30×"", ""text"": ""Discard all Lightning Energy cards attached to Lt. Surge's Electabuzz in order to use this attack. Flip a number of coins equal to the number of Lightning Energy cards you discarded. This attack does 30 damage times the number of heads.""}]",[],
gym1-7,Lt. Surge's Fearow,gym1,Pokémon,Stage 1,70,Colorless,Lt. Surge's Spearow,,Lightning,Rare Holo,"[{""name"": ""Repeating Drill"", ""cost"": [""Colorless"", ""Colorless""], ""damage"": ""10×"", ""text"": ""Flip 5 coins. This attack does 10 damage times the number of heads.""}, {""name"": ""Clutch"", ""cost"": [""Colorless"", ""Colorless"", ""Colorless""], ""damage"": ""30"", ""text"": ""The Defending Pokémon can't retreat during your opponent's next turn.""}]",[],
gym1-8,Lt. Surge's Magneton,gym1,Pokémon,Stage 1,70,Lightning,Lt. Surge's Magnemite,Colorless|Colorless,Fighting,Rare Holo,"[{""name"": ""Mega Shock"", ""cost"": [""Lightning"", ""Lightning"", ""Lightning"", ""Colorless""], ""damage"": ""50"", ""text"": ""Flip a coin. If tails, Lt. Surge's Magneton does 20 damage to itself.""}]","[{""name"": ""Energy Charge"", ""type"": ""Pokémon Power"", ""text"": ""As often as you like during your turn (before your attack), if Lt. Surge's Magneton is your Active Pokémon, you may take 1 Lightning Energy card attached to 1 of your Pokémon and attach it to Lt. Surge's Magneton. This power can't be used if Lt. Surge's Magneton is Asleep, Confused, or Paralyzed.""}]",
gym1-9,Misty's Seadra,gym1,Pokémon,Stage 1,70,Water,Misty's Horsea,Colorless,Lightning,Rare Holo,"[{""name"": ""Tail Snap"", ""cost"": [""Water""], ""damage"": ""20"", ""text"": """"}, {""name"": ""Knockout Needle"", ""cost"": [""Water"", ""Water"", ""Water""], ""damage"": ""30+"", ""text"": ""Flip 2 coins. If both of them are heads, this attack does 30 damage plus 60 more damage. If 1 or both of them are tails, this attack does 30 damage.""}]",[],
gym1-10,Misty's Tentacruel,gym1,Pokémon,Stage 1,70,Water,Misty's Tentacool,,Lightning,Rare Holo,"[{""name"": ""Jellyfish Poison"", ""cost"": [""Water"", ""Water"", ""Colorless"", ""Colorless""], ""damage"": ""30"", ""text"": ""Flip a coin. If heads, the Defending Pokémon is now Poisoned. If tails, the Defending Pokémon is now Confused.""}]","[{""name"": ""Flee"", ""type"": ""Pokémon Power"", ""text"": ""If an attack does damage to Misty's Tentacruel while it's your Active Pokémon, you may switch it with 1 of your Benched Pokémon, which prevents all other effects of that attack on Misty's Tentacruel. This power can't be used if Misty's Tentacruel is already Asleep, Confused, or Paralyzed.""}]",
gym1-11,Rocket's Hitmonchan,gym1,Pokémon,Basic,60,Fighting,,Colorless,Psychic,Rare Holo,"[{""name"": ""Crosscounter"", ""cost"": [""Fighting""], ""damage"": """", ""text"": ""If an attack does damage to Rocket's Hitmonchan during your opponent's next turn (even if Rocket's Hitmonchan is Knocked Out), flip a coin. If heads, Rocket's Hitmonchan attacks your opponent's Active Pokémon for double that amount of damage. (If Rocket's Hitmonchan takes 20 damage, it does 40 damage to that Pokémon.)""}, {""name"": ""Magnum Punch"", ""cost"": [""Fighting"", ""Fighting"", ""Colorless""], ""damage"": ""50"", ""text"": """"}]",[],
gym1-12,Rocket's Moltres,gym1,Pokémon,Basic,60,Fire,,Colorless|Colorless,,Rare Holo,"[{""name"": ""Fire Wall"", ""cost"": [""Fire"", ""Fire"", ""Fire""], ""damage"": ""40"", ""text"": ""If an attack does damage to Rocket's Moltres during your opponent's next turn (even if Rocket's Moltres is Knocked Out), Rocket's Moltres attacks your opponent's Active Pokémon for 10 damage. (Apply Weakness and Resistance.)""}]","[{""name"": ""Rebirth"", ""type"": ""Pokémon Power"", ""text"": ""When Rocket's Moltres is Knocked Out, you may return it to your hand after discarding it. This power can't be used if Rocket's Moltres is Asleep, Confused, or Paralyzed when it is Knocked Out.""}]",
gym1-13,Rocket's Scyther,gym1,Pokémon,Basic,60,Grass,,Colorless,Fire,Rare Holo,"[{""name"": ""Shadow Images"", ""cost"": [""Grass""], ""damage"": """", ""text"": ""Whenever Rocket's Scyther is attacked, your opponent flips a coin. If tails, that attack does no damage to Rocket's Scyther. (Any other effects of the attack still happen.) This effect lasts until Rocket's Scyther takes damage (or is Benched or is evolved).""}, {""name"": ""Blinding Scythe"", ""cost"": [""Grass"", ""Colorless"", ""Colorless""], ""damage"": ""40"", ""text"": """"}]",[],
gym1-14,Sabrina's Gengar,gym1,Pokémon,Stage 2,80,Psychic,Sabrina's Haunter,Colorless,,Rare Holo,"[{""name"": ""Pain Amplifier"", ""cost"": [""Psychic""], ""damage"": """", ""text"": ""Put a damage counter on each of your opponent's Pokémon has already has any damage counters on it.""}, {""name"": ""Call of the Night"", ""cost"": [""Psychic"", ""Psychic"", ""Psychic""], ""damage"": ""40"", ""text"": ""Unless this attack Knocks Out the Defending Pokémon, flip 2 coins. If both of them are heads, your opponent shuffles his or her Active Pokémon and all cards attached to it into his or her deck.""}]",[],
gym1-15,Brock,gym1,Trainer,,,,,,,Rare Holo,[],[],
gym1-16,Erika,gym1,Trainer,,,,,,,Rare Holo,[],[],
gym1-17,Lt. Surge,gym1,Trainer,,,,,,,Rare Holo,[],[],
gym1-18,Misty,gym1,Trainer,,,,,,,Rare Holo,[],[],
gym1-19,The Rocket's Trap,gym1,Trainer,,,,,,,Rare Holo,[],[],
gym1-20,Brock's Golem,gym1,Pokémon,Stage 2,90,Fighting,Brock's Graveler,Colorless|Colorless|Colorless|Colorless,Grass,Rare,"[{""name"": ""Rock Slide"", ""cost"": [""Fighting"", ""Fighting"", ""Colorless""], ""damage"": ""20"", ""text"": ""If your opponent has any Benched Pokémon, choose up to 3 of them. This attack does 10 damage to each of them. (Don't apply Weakness and Resistance for Benched Pokémon.)""}, {""name"": ""Fissure"", ""cost"": [""Fighting"", ""Fighting"", ""Colorless"", ""Colorless""], ""damage"": ""50"", ""text"": """"}]",[],
gym1-21,Brock's Onix,gym1,Pokémon,Basic,70,Fighting,,Colorless|Colorless,Grass,Rare,"[{""name"": ""Bind"", ""cost"": [""Fighting"", ""Fighting""], ""damage"": ""20"", ""text"": ""Flip a coin. If heads, the Defending Pokémon is now Paralyzed.""}, {""name"": ""Tunneling"", ""cost"": [""Fighting"", ""Fighting"", ""Fighting""], ""damage"": """", ""text"": ""If your opponent has any Benched Pokémon, choose up to 2 of them. This attack does 20 damage to each of them. (Don't apply Weakness and Resistance for Benched Pokémon.) Brock's Onix can't attack during your next turn.""}]",[],
gym1-22,Brock's Rhyhorn,gym1,Pokémon,Basic,60,Fighting,,Colorless|Colorless,Grass,Rare,"[{""name"": ""Horn Toss"", ""cost"": [""Colorless"", ""Colorless""], ""damage"": ""20"", ""text"": ""If your opponent has any Benched Pokémon, he or she chooses 1 of them and switches it with the Defending Pokémon. (Do the damage before switching the Pokémon.)""}, {""name"": ""Take Down"", ""cost"": [""Fighting"", ""Fighting"", ""Colorless""], ""damage"": ""40"", ""text"": ""Brock's Rhyhorn does 10 damage to itself.""}]",[],
gym1-23,Brock's Sandslash,gym1,Pokémon,Stage 1,60,Fighting,Brock's Sandshrew,Colorless,Grass,Rare,"[{""name"": ""Needles"", ""cost"": [""Fighting"", ""Fighting""], ""damage"": ""10"", ""text"": ""Flip a coin. If heads, the Defending Pokémon is now Paralyzed and Poisoned.""}, {""name"": ""Sandstorm"", ""cost"": [""Fighting"", ""Fighting""], ""damage"": ""20"", ""text"": ""If the Defending Pokémon tries to attack during your opponent's next turn, your opponent flips a coin. If tails, that attack does nothing.""}]",[],
gym1-24,Brock's Zubat,gym1,Pokémon,Basic,30,Grass,,,Psychic,Rare,"[{""name"": ""Alert"", ""cost"": [""Colorless""], ""damage"": """", ""text"": ""Draw a card. Then, switch Brock's Zubat with 1 of your Benched Pokémon. You can't use this attack if your Bench is empty.""}, {""name"": ""Wing Attack"", ""cost"": [""Colorless"", ""Colorless""], ""damage"": ""20"", ""text"": """"}]",[],
gym1-25,Erika's Clefairy,gym1,Pokémon,Basic,50,Colorless,,Colorless,Fighting,Rare,"[{""name"": ""Moonwatching"", ""cost"": [""Colorless""], ""damage"": """", ""text"": ""Search your deck for a basic Energy card. Show that card to your opponent, then put it into your hand. Shuffle your deck afterward.""}, {""name"": ""Comet Slap"", ""cost"": [""Colorless"", ""Colorless""], ""damage"": ""10×"", ""text"": ""Flip 3 coins. This attack does 10 damage times the number of heads.""}]",[],
gym1-26,Erika's Victreebel,gym1,Pokémon,Stage 2,80,Grass,Erika's Weepinbell,Colorless|Colorless,Fire,Rare,"[{""name"": ""Razor Leaf"", ""cost"": [""Grass"", ""Grass"", ""Grass""], ""damage"": ""50"", ""text"": """"}]","[{""name"": ""Fragrance Trap"", ""type"": ""Pokémon Power"", ""text"": ""Once during your turn (before your attack), you may flip a coin. If heads, and if your opponent has any Benched Pokémon, choose 1 of them and switch it with his or her Active Pokémon. This power can't be used if Erika's Victreebel is Asleep, Confused, or Paralyzed.""}]",
gym1-27,Lt. Surge's Electabuzz,gym1,Pokémon,Basic,60,Lightning,,Colorless|Colorless,Fighting,Rare,"[{""name"": ""Charge"", ""cost"": [""Lightning""], ""damage"": """", ""text"": ""Take up to 2 Lightning Energy cards from your discard pile and attach them to Lt. Surge's Electabuzz.""}, {""name"": ""Electric Current"", ""cost"": [""Lightning"", ""Lightning""], ""damage"": ""20"", ""text"": ""Take 1 Lightning Energy card attached to Lt. Surge's Electabuzz and attach it to 1 of your Benched Pokémon. If you have no Benched Pokémon, discard that Energy card.""}]",[],
gym1-28,Lt. Surge's Raichu,gym1,Pokémon,Stage 1,70,Lightning,Lt. Surge's Pikachu,Colorless|Colorless,Fighting,Rare,"[{""name"": ""Mega Punch"", ""cost"": [""Lightning"", ""Lightning""], ""damage"": ""30"", ""text"": """"}, {""name"": ""Thunderbolt"", ""cost"": [""Lightning"", ""Lightning"", ""Lightning"", ""Lightning""], ""damage"": ""100"", ""text"": ""Discard all Energy cards attached to Lt. Surge's Raichu in order to use this attack.""}]",[],
gym1-29,Misty's Cloyster,gym1,Pokémon,Stage 1,70,Water,Misty's Shellder,Colorless|Colorless,Lightning,Rare,"[{""name"": ""Triple Cannon"", ""cost"": [""Water"", ""Water"", ""Colorless""], ""damage"": ""20×"", ""text"": ""Flip 3 coins. This attack does 20 damage times the number of heads.""}]","[{""name"": ""Shell Armor"", ""type"": ""Pokémon Power"", ""text"": ""You may reduce all damage done by attacks to Misty's Cloyster by 10 (after applying Weakness and Resistance). (Any other effects of attacks still happen). This power can't be used if Misty's Cloyster is Asleep, Confused, or Paralyzed.""}]",
gym1-30,Misty's Goldeen,gym1,Pokémon,Basic,30,Water,,,Lightning,Rare,"[{""name"": ""Horn Hazard"", ""cost"": [""Water""], ""damage"": ""30"", ""text"": ""Flip a coin. If tails, this attack does nothing.""}]",[],
gym1-31,Misty's Poliwrath,gym1,Pokémon,Stage 2,90,Water,Misty's Poliwhirl,Colorless|Colorless|Colorless,Grass,Rare,"[{""name"": ""Water Ring"", ""cost"": [""Water"", ""Water"", ""Colorless"", ""Colorless""], ""damage"": ""30"", ""text"": ""Does 10 damage to each Pokémon that isn't Water on each player's Bench. (Don't apply Weakness and Resistance for Benched Pokémon.)""}]",[],
gym1-32,Misty's Tentacool,gym1,Pokémon,Basic,40,Water,,,Lightning,Rare,"[{""name"": ""Mysterious Light"", ""cost"": [""Colorless""], ""damage"": """", ""text"": ""Flip a coin. If heads, the Defending Pokémon is now Asleep.""}, {""name"": ""Jellyfish Pod"", ""cost"": [""Water"", ""Colorless""], ""damage"": """", ""text"": ""Search your deck for any number of Pokémon named Tentacool, Tentacruel, Misty's Tentacool, and/or Misty's Tentacruel. Show those cards to your opponent, then put them into your hand. Shuffle your deck afterward.""}]",[],
gym1-33,Rocket's Snorlax,gym1,Pokémon,Basic,90,Colorless,,Colorless|Colorless|Colorless|Colorless,Fighting,Rare,"[{""name"": ""Collapse"", ""cost"": [""Colorless"", ""Colorless"", ""Colorless""], ""damage"": ""20"", ""text"": ""Rocket's Snorlax is now Asleep (after doing damage).""}]","[{""name"": ""Restless Sleep"", ""type"": ""Pokémon Power"", ""text"": ""If your opponent's attack does damage to Rocket's Snorlax and Rocket's Snorlax is already Asleep (even if it's Knocked Out), this power does 20 damage to the attacking Pokémon.""}]",
gym1-34,Sabrina's Venomoth,gym1,Pokémon,Stage 1,60,Grass,Sabrina's Venonat,,Fire,Rare,"[{""name"": ""Healing Pollen"", ""cost"": [""Grass""], ""damage"": """", ""text"": ""Flip 3 coins. For each heads, remove 1 damage counter from each of your Pokémon. If a Pokémon has fewer damage counters than the number of heads, remove all of them.""}, {""name"": ""Sonic Distortion"", ""cost"": [""Psychic""], ""damage"": ""10"", ""text"": ""Flip 2 coins. If 1 or both of them are heads, the Defending Pokémon is now Confused.""}]",[],
gym1-35,Blaine's Growlithe,gym1,Pokémon,Basic,50,Fire,,Colorless,Water,Uncommon,"[{""name"": ""Shake"", ""cost"": [""Colorless""], ""damage"": ""10"", ""text"": ""If your opponent has any Benched Pokémon, he or she chooses 1 of them and switches it with the Defending Pokémon. (Do the damage before switching the Pokémon.)""}, {""name"": ""Fire Tackle"", ""cost"": [""Fire"", ""Colorless""], ""damage"": ""30"", ""text"": ""Blaine's Growlithe does 10 damage to itself.""}]",[],
gym1-36,Blaine's Kangaskhan,gym1,Pokémon,Basic,80,Colorless,,Colorless|Colorless|Colorless,Fighting,Uncommon,"[{""name"": ""Child's Punch"", ""cost"": [""Colorless""], ""damage"": ""10"", ""text"": ""Flip a coin. If tails, this attack does nothing.""}, {""name"": ""One-Two Punch"", ""cost"": [""Colorless"", ""Colorless"", ""Colorless""], ""damage"": ""30+"", ""text"": ""Flip a coin. If heads, this attack does 30 damage plus 10 more damage; if tails, this attack does 30 damage.""}]",[],
gym1-37,Blaine's Magmar,gym1,Pokémon,Basic,60,Fire,,Colorless|Colorless,Water,Uncommon,"[{""name"": ""Firebreathing"", ""cost"": [""Fire""], ""damage"": ""10+"", ""text"": ""Flip a coin. If heads, this attack does 10 damage plus 10 more damage; if tails, this attack does 10 damage.""}, {""name"": ""Lava Burst"", ""cost"": [""Fire"", ""Fire"", ""Fire""], ""damage"": ""20×"", ""text"": ""Discard the top 5 cards of your deck. (If there are fewer than 5 cards in your deck, discard all of them.) This attack does 20 damage for each Fire Energy card you discarded in this way.""}]",[],
gym1-38,Brock's Geodude,gym1,Pokémon,Basic,50,Fighting,,Colorless,Grass,Uncommon,"[{""name"": ""Tackle"", ""cost"": [""Colorless""], ""damage"": ""10"", ""text"": """"}, {""name"": ""Lucky Shot"", ""cost"": [""Fighting"", ""Colorless""], ""damage"": """", ""text"": ""Choose 1 of your opponent's Benched Pokémon and flip a coin. If heads, this attack does 30 damage to that Pokémon. (Don't apply Weakness and Resistance for Benched Pokémon.) This attack can't be used if your opponent has no Benched Pokémon.""}]",[],
gym1-39,Brock's Golbat,gym1,Pokémon,Stage 1,70,Grass,Brock's Zubat,Colorless,Psychic,Uncommon,"[{""name"": ""Dive"", ""cost"": [""Colorless""], ""damage"": ""20"", ""text"": """"}, {""name"": ""Spiral Dive"", ""cost"": [""Colorless"", ""Colorless"", ""Colorless""], ""damage"": """", ""text"": ""Does 10 damage to each of your opponent's Pokémon. Don't apply Weakness and Resistance.""}]",[],
gym1-40,Brock's Graveler,gym1,Pokémon,Stage 1,70,Fighting,Brock's Geodude,Colorless|Colorless,Grass,Uncommon,"[{""name"": ""Rock Toss"", ""cost"": [""Fighting"", ""Colorless"", ""Colorless""], ""damage"": ""20×"", ""text"": ""Flip 3 coins. This attack does 20 damage times the number of heads.""}]",[],
gym1-41,Brock's Lickitung,gym1,Pokémon,Basic,80,Colorless,,Colorless|Colorless|Colorless,Fighting,Uncommon,"[{""name"": ""Tongue Slap"", ""cost"": [""Colorless"", ""Colorless""], ""damage"": ""20"", ""text"": """"}, {""name"": ""Slam"", ""cost"": [""Colorless"", ""Colorless"", ""Colorless""], ""damage"": ""30×"", ""text"": ""Flip 2 coins. This attack does 30 damage times the number of heads.""}]",[],
gym1-42,Erika's Dratini,gym1,Pokémon,Basic,40,Colorless,,Colorless,,Uncommon,"[{""name"": ""Tail Strike"", ""cost"": [""Colorless"", ""Colorless""], ""damage"": ""10+"", ""text"": ""Flip a coin. If heads, this attack does 10 damage plus 20 more damage; if tails, this attack does 10 damage.""}]","[{""name"": ""Strange Barrier"", ""type"": ""Pokémon Power"", ""text"": ""Whenever an attack by a Basic Pokémon (including your own) does 20 or more damage to Erika's Dratini (after applying Weakness and Resistance), reduce that damage to 10. (Any other effects of attacks still happen.) This power stops working while Erika's Dratini is Asleep, Confused, or Paralyzed.""}]",
gym1-43,Erika's Exeggcute,gym1,Pokémon,Basic,50,Grass,,Colorless,Fire,Uncommon,"[{""name"": ""Deflector"", ""cost"": [""Psychic""], ""damage"": """", ""text"": ""During your opponent's next turn, whenever Erika's Exeggcute takes damage, divide that damage in half (rounded down to the nearest 10). (Any other effects still happen.)""}, {""name"": ""Egg Bomb"", ""cost"": [""Grass"", ""Colorless""], ""damage"": ""40"", ""text"": ""Flip a coin. If tails, this attack does nothing to the Defending Pokémon and Erika's Exeggcute does 20 damage to itself.""}]",[],
gym1-44,Erika's Exeggutor,gym1,Pokémon,Stage 1,70,Grass,Erika's Exeggcute,Colorless|Colorless,Fire,Uncommon,"[{""name"": ""Psychic Exchange"", ""cost"": [""Psychic""], ""damage"": """", ""text"": ""Shuffle your hand into your deck, then draw 5 cards.""}, {""name"": ""Stomp"", ""cost"": [""Grass"", ""Colorless"", ""Colorless""], ""damage"": ""30+"", ""text"": ""Flip a coin. If heads, this attack does 30 damage plus 10 more damage; if tails, this attack does 30 damage.""}]",[],
gym1-45,Erika's Gloom,gym1,Pokémon,Stage 1,60,Grass,Erika's Oddish,Colorless,Fire,Uncommon,"[{""name"": ""Healing Pollen"", ""cost"": [""Grass""], ""damage"": """", ""text"": ""Flip a coin. If heads, remove 4 damage counters from Erika's Gloom. If Erika's Gloom has fewer damage counters than that, remove all of them.""}, {""name"": ""Magic Pollen"", ""cost"": [""Grass"", ""Grass"", ""Grass""], ""damage"": ""30"", ""text"": ""Flip a coin. If heads, the Defending Pokémon is now Asleep, Confused, Paralyzed, or Poisoned (your choice).""}]",[],
gym1-46,Erika's Gloom,gym1,Pokémon,Stage 1,70,Grass,Erika's Oddish,Colorless,Fire,Uncommon,"[{""name"": ""Dream Dance"", ""cost"": [""Grass"", ""Colorless""], ""damage"": ""10"", ""text"": ""Both the Defending Pokémon and Erika's Gloom are now Asleep (after doing damage).""}, {""name"": ""Vile Smell"", ""cost"": [""Grass"", ""Grass"", ""Colorless""], ""damage"": ""30"", ""text"": ""Both the Defending Pokémon and Erika's Gloom are now Confused (after doing damage).""}]",[],
gym1-47,Erika's Oddish,gym1,Pokémon,Basic,40,Grass,,Colorless,Fire,Uncommon,"[{""name"": ""Poisonpowder"", ""cost"": [""Grass"", ""Grass""], ""damage"": ""20"", ""text"": ""Flip a coin. If heads, the Defending Pokémon is now Poisoned.""}]","[{""name"": ""Photosynthesis"", ""type"": ""Pokémon Power"", ""text"": ""All Energy cards attached to Erika's Oddish provide Grass Energy instead of their usual type. This power works even while Erika's Oddish is Asleep, Confused, or Paralyzed.""}]",
gym1-48,Erika's Weepinbell,gym1,Pokémon,Stage 1,60,Grass,Erika's Bellsprout,Colorless,Fire,Uncommon,"[{""name"": ""Drool"", ""cost"": [""Grass""], ""damage"": ""10"", ""text"": """"}, {""name"": ""Flytrap"", ""cost"": [""Grass"", ""Grass""], ""damage"": ""20"", ""text"": ""Before doing damage, choose 1 of your opponent's Benched Pokémon and switch it with his or her Active Pokémon. This attack can't be used if your opponent has no Benched Pokémon.""}]",[],
gym1-49,Erika's Weepinbell,gym1,Pokémon,Stage 1,70,Grass,Erika's Bellsprout,Colorless|Colorless,Fire,Uncommon,"[{""name"": ""Sleep Poison"", ""cost"": [""Grass"", ""Colorless""], ""damage"": """", ""text"": ""The Defending Pokémon is now Asleep and Poisoned.""}, {""name"": ""Vine Whip"", ""cost"": [""Grass"", ""Grass"", ""Colorless""], ""damage"": ""40"", ""text"": """"}]",[],
gym1-50,Lt. Surge's Magnemite,gym1,Pokémon,Basic,30,Lightning,,,Fighting,Uncommon,"[{""name"": ""Removal Pulse"", ""cost"": [""Lightning""], ""damage"": ""10"", ""text"": ""If the Defending Pokémon has any Energy cards attached to it, flip a coin. If heads, choose 1 of those Energy cards and discard it.""}, {""name"": ""Confusion Pulse"", ""cost"": [""Lightning"", ""Lightning""], ""damage"": ""20"", ""text"": ""Flip a coin. If heads, the Defending Pokémon is now Confused.""}]",[],
gym1-51,Lt. Surge's Raticate,gym1,Pokémon,Stage 1,70,Colorless,Lt. Surge's Rattata,Colorless,Fighting,Uncommon,"[{""name"": ""Super Fang"", ""cost"": [""Colorless""], ""damage"": ""?"", ""text"": ""Does damage to the Defending Pokémon equal to half the Defending Pokémon's remaining HP (rounded up to the nearest 10).""}]",[],
gym1-52,Lt. Surge's Spearow,gym1,Pokémon,Basic,30,Colorless,,,Lightning,Uncommon,"[{""name"": ""Drill Peck"", ""cost"": [""Colorless""], ""damage"": ""20"", ""text"": """"}]",[],
gym1-53,Misty's Poliwhirl,gym1,Pokémon,Stage 1,70,Water,Misty's Poliwag,Colorless|Colorless,Grass,Uncommon,"[{""name"": ""Rapids"", ""cost"": [""Water"", ""Colorless""], ""damage"": ""20"", ""text"": ""If the Defending Pokémon has any Energy cards attached to it, flip a coin. If heads, choose 1 of those Energy cards and discard it.""}, {""name"": ""Water Punch"", ""cost"": [""Colorless"", ""Colorless"", ""Colorless""], ""damage"": ""30+"", ""text"": ""Flip a number of coins equal to the number of Water Energy attached to Misty's Poliwhirl. This attack does 30 damage plus 10 damage for each heads.""}]",[],
gym1-54,Misty's Psyduck,gym1,Pokémon,Basic,50,Water,,Colorless,Grass,Uncommon,"[{""name"": ""Scratch"", ""cost"": [""Colorless""], ""damage"": ""10"", ""text"": """"}, {""name"": ""Call for Friend"", ""cost"": [""Water""], ""damage"": """", ""text"": ""Flip a coin. If heads, you may search your deck for a Basic Pokémon with Misty in its name and put it onto your Bench. (You can't use this attack if your Bench is full.) Shuffle your deck afterward.""}]",[],
gym1-55,Misty's Seaking,gym1,Pokémon,Stage 1,70,Water,Misty's Goldeen,Colorless,Lightning,Uncommon,"[{""name"": ""Horn Attack"", ""cost"": [""Water""], ""damage"": ""10"", ""text"": """"}, {""name"": ""Mud Splash"", ""cost"": [""Water"", ""Water""], ""damage"": ""30"", ""text"": ""If your opponent has any Benched Pokémon, choose 1 of them and flip a coin. If heads, this attack does 10 damage to that Pokémon. (Don't apply Weakness and Resistance for Benched Pokémon.)""}]",[],
gym1-56,Misty's Starmie,gym1,Pokémon,Stage 1,80,Water,Misty's Staryu,Colorless|Colorless,Lightning,Uncommon,"[{""name"": ""Water Gun"", ""cost"": [""Water""], ""damage"": ""10+"", ""text"": ""Does 10 damage plus 10 more damage for each Water Energy attached to Misty's Starmie but not used to pay for this attack's Energy cost. You can't add more than 20 damage in this way.""}, {""name"": ""Bubblebeam"", ""cost"": [""Water"", ""Water"", ""Water""], ""damage"": ""30"", ""text"": ""Flip a coin. If heads, the Defending Pokémon is now Paralyzed.""}]",[],
gym1-57,Misty's Tentacool,gym1,Pokémon,Basic,50,Water,,Colorless,Lightning,Uncommon,"[{""name"": ""Crystal Beam"", ""cost"": [""Water"", ""Colorless""], ""damage"": ""20"", ""text"": ""Flip a coin. If heads, your opponent can't attach Energy cards to the Defending Pokémon during his or her next turn.""}]",[],
gym1-58,Sabrina's Haunter,gym1,Pokémon,Stage 1,50,Psychic,Sabrina's Gastly,,,Uncommon,"[{""name"": ""Night Spirits"", ""cost"": [""Psychic"", ""Psychic""], ""damage"": ""30×"", ""text"": ""Flip a number of coins equal to the total number of Sabrina's Gastlys, Sabrina's Haunters, and Sabrina's Gengars you have in play. This attack does 30 damage times the number of heads.""}]",[],
gym1-59,Sabrina's Jynx,gym1,Pokémon,Basic,60,Psychic,,Colorless,Psychic,Uncommon,"[{""name"": ""Good Night"", ""cost"": [""Psychic""], ""damage"": ""10"", ""text"": ""The Defending Pokémon is now Asleep.""}, {""name"": ""Good Morning"", ""cost"": [""Psychic"", ""Colorless""], ""damage"": ""20"", ""text"": ""If the Defending Pokémon was Asleep, it is no longer Asleep.""}]",[],
gym1-60,Sabrina's Slowbro,gym1,Pokémon,Stage 1,70,Psychic,Sabrina's Slowpoke,Colorless|Colorless,Psychic,Uncommon,"[{""name"": ""Naptime"", ""cost"": [""Psychic""], ""damage"": """", ""text"": ""Flip a coin. If heads, remove 3 damage counters from Sabrina's Slowbro and Sabrina's Slowbro is now Asleep. If Sabrina's Slowbro has fewer damage counters than that, remove all of them.""}, {""name"": ""Screaming Headbutt"", ""cost"": [""Psychic"", ""Colorless"", ""Colorless""], ""damage"": ""40"", ""text"": ""You can't use this attack during your next turn.""}]",[],
gym1-61,Blaine's Charmander,gym1,Pokémon,Basic,50,Fire,,Colorless,Water,Common,"[{""name"": ""Kindle"", ""cost"": [""Fire""], ""damage"": ""10"", ""text"": ""Discard 1 Energy card attached to Blaine's Charmander in order to use this attack. If the Defending Pokémon has any Energy cards attached to it, choose 1 of them and discard it.""}, {""name"": ""Slash"", ""cost"": [""Colorless"", ""Colorless""], ""damage"": ""20"", ""text"": """"}]",[],
gym1-62,Blaine's Growlithe,gym1,Pokémon,Basic,50,Fire,,Colorless,Water,Common,"[{""name"": ""Blaze"", ""cost"": [""Fire"", ""Fire""], ""damage"": ""20"", ""text"": ""Does 10 damage to each Grass Pokémon on your opponent's Bench. (Don't apply Weakness and Resistance for Benched Pokémon.)""}]",[],
gym1-63,Blaine's Ponyta,gym1,Pokémon,Basic,40,Fire,,,Water,Common,"[{""name"": ""Agility"", ""cost"": [""Fire"", ""Colorless""], ""damage"": ""20"", ""text"": ""Flip a coin. If heads, during your opponent's next turn, prevent all effects of attacks, including damage, done to Blaine's Ponyta.""}]",[],
gym1-64,Blaine's Tauros,gym1,Pokémon,Basic,70,Colorless,,Colorless|Colorless,Fighting,Common,"[{""name"": ""3-Pronged Tail"", ""cost"": [""Colorless""], ""damage"": ""10×"", ""text"": ""Flip 3 coins. This attack does 10 damage times the number of heads.""}, {""name"": ""Full Speed Charge"", ""cost"": [""Colorless"", ""Colorless"", ""Colorless""], ""damage"": ""20×"", ""text"": ""Flip 4 coins. This attack does 20 damage times the number of heads to the Defending Pokémon and 20 damage times the number of tails to Blaine's Tauros.""}]",[],
gym1-65,Blaine's Vulpix,gym1,Pokémon,Basic,40,Fire,,Colorless,Water,Common,"[{""name"": ""Tail Fan"", ""cost"": [""Fire"", ""Colorless"", ""Colorless""], ""damage"": ""20"", ""text"": ""Flip a coin. If heads, the Defending Pokémon is now Confused.""}]","[{""name"": ""Natural Healing"", ""type"": ""Pokémon Power"", ""text"": ""Once during your turn (before your attack), you may remove 1 damage counter from Blaine's Vulpix. This power can't be used if Blaine's Vulpix is Asleep, Confused, or Paralyzed.""}]",
gym1-66,Brock's Geodude,gym1,Pokémon,Basic,40,Fighting,,Colorless,Grass,Common,"[{""name"": ""Call for Friend"", ""cost"": [""Fighting""], ""damage"": """", ""text"": ""Flip a coin. If heads, you may search your deck for a Basic Pokémon card with Brock in its name and put it onto your Bench. Shuffle your deck afterward. (You can't use this attack if your Bench is full.)""}, {""name"": ""Hook Shot"", ""cost"": [""Fighting"", ""Colorless""], ""damage"": ""20"", ""text"": ""Don't apply Resistance for this attack. (Any other effects that would happen after applying Resistance still happen.)""}]",[],
gym1-67,Brock's Mankey,gym1,Pokémon,Basic,40,Fighting,,,Psychic,Common,"[{""name"": ""Taunt"", ""cost"": [""Colorless""], ""damage"": """", ""text"": ""If your opponent has any Benched Pokémon, choose 1 of them and switch it with the Defending Pokémon.""}, {""name"": ""Light Kick"", ""cost"": [""Fighting""], ""damage"": ""10"", ""text"": """"}]",[],
gym1-68,Brock's Mankey,gym1,Pokémon,Basic,40,Fighting,,,Psychic,Common,"[{""name"": ""Fidget"", ""cost"": [""Colorless""], ""damage"": """", ""text"": ""Shuffle your deck.""}, {""name"": ""Karate Chop"", ""cost"": [""Fighting"", ""Colorless""], ""damage"": ""40-"", ""text"": ""Does 40 damage minus 10 damage for each damage counter on Brock's Mankey.""}]",[],
gym1-69,Brock's Onix,gym1,Pokémon,Basic,100,Fighting,,Colorless|Colorless|Colorless,Grass,Common,"[{""name"": ""Bellow"", ""cost"": [""Colorless""], ""damage"": """", ""text"": ""Flip a coin. If heads, the Defending Pokémon is now Paralyzed.""}, {""name"": ""Rock Throw"", ""cost"": [""Fighting"", ""Fighting"", ""Colorless""], ""damage"": ""30"", ""text"": """"}]",[],
gym1-70,Brock's Rhyhorn,gym1,Pokémon,Basic,70,Fighting,,Colorless|Colorless|Colorless,Grass,Common,"[{""name"": ""Drill Tackle"", ""cost"": [""Fighting"", ""Colorless""], ""damage"": ""70"", ""text"": ""Flip 2 coins. If 1 or both of them are tails, this attack does nothing.""}]",[],
gym1-71,Brock's Sandshrew,gym1,Pokémon,Basic,40,Fighting,,Colorless,Grass,Common,"[{""name"": ""Defense Curl"", ""cost"": [""Colorless""], ""damage"": """", ""text"": ""Flip a coin. If heads, prevent all damage done to Brock's Sandshrew during your opponent's next turn. (Any other effects of attacks still happen.)""}, {""name"": ""Rolling Attack"", ""cost"": [""Fighting"", ""Colorless""], ""damage"": ""20"", ""text"": """"}]",[],
gym1-72,Brock's Sandshrew,gym1,Pokémon,Basic,50,Fighting,,Colorless,Grass,Common,"[{""name"": ""Sand Pit"", ""cost"": [""Fighting"", ""Fighting""], ""damage"": ""20"", ""text"": ""The Defending Pokémon can't retreat during your opponent's next turn.""}]",[],
gym1-73,Brock's Vulpix,gym1,Pokémon,Basic,40,Fire,,Colorless,Water,Common,"[{""name"": ""Flame"", ""cost"": [""Fire""], ""damage"": ""20"", ""text"": """"}, {""name"": ""Quick Attack"", ""cost"": [""Colorless"", ""Colorless""], ""damage"": ""10+"", ""text"": ""Flip a coin. If heads, this attack does 10 damage plus 20 more damage; if tails, this attack does 10 damage.""}]",[],
gym1-74,Brock's Zubat,gym1,Pokémon,Basic,40,Grass,,,Psychic,Common,"[{""name"": ""Wing Attack"", ""cost"": [""Colorless""], ""damage"": ""10"", ""text"": """"}, {""name"": ""Poison Fang"", ""cost"": [""Grass"", ""Colorless""], ""damage"": ""20"", ""text"": ""Flip a coin. If heads, the Defending Pokémon is now Poisoned.""}]",[],
gym1-75,Erika's Bellsprout,gym1,Pokémon,Basic,40,Grass,,Colorless,Fire,Common,"[{""name"": ""Poison Vine"", ""cost"": [""Grass""], ""damage"": ""10"", ""text"": ""Flip a coin. If heads, the Defending Pokémon is now Poisoned.""}, {""name"": ""Vine Whip"", ""cost"": [""Grass"", ""Grass""], ""damage"": ""30"", ""text"": """"}]",[],
gym1-76,Erika's Bellsprout,gym1,Pokémon,Basic,50,Grass,,Colorless,Fire,Common,"[{""name"": ""Careless Tackle"", ""cost"": [""Colorless""], ""damage"": ""20"", ""text"": ""Erika's Bellsprout does 10 damage to itself.""}]",[],
gym1-77,Erika's Exeggcute,gym1,Pokémon,Basic,40,Grass,,Colorless,Fire,Common,"[{""name"": ""Eggsplosion"", ""cost"": [""Colorless""], ""damage"": ""10×"", ""text"": ""Flip a number of coins equal to the number of Energy attached to Erika's Exeggcute. This attack does 10 damage times the number of heads.""}, {""name"": ""Psychic"", ""cost"": [""Psychic"", ""Colorless""], ""damage"": ""10+"", ""text"": ""Does 10 damage plus 10 more damage for each Energy card attached to the Defending Pokémon.""}]",[],
gym1-78,Erika's Oddish,gym1,Pokémon,Basic,50,Grass,,Colorless,Fire,Common,"[{""name"": ""Blot"", ""cost"": [""Grass""], ""damage"": ""10"", ""text"": ""If there are any damage counters on Erika's Oddish, remove 1 of them.""}, {""name"": ""Sporadic Sponging"", ""cost"": [""Grass"", ""Colorless""], ""damage"": ""20"", ""text"": ""If Erika's Oddish has any damage counters on it, flip a coin. If heads, remove 1 of those damage counters.""}]",[],
gym1-79,Erika's Tangela,gym1,Pokémon,Basic,60,Grass,,Colorless|Colorless,Fire,Common,"[{""name"": ""Vine Slap"", ""cost"": [""Grass""], ""damage"": ""10"", ""text"": """"}, {""name"": ""Stretch Vine"", ""cost"": [""Grass"", ""Grass"", ""Colorless""], ""damage"": """", ""text"": ""If your opponent has any Benched Pokémon, choose 1 of them and this attack does 20 damage to it. (Don't apply Weakness and Resistance for Benched Pokémon.)""}]",[],
gym1-80,Lt. Surge's Magnemite,gym1,Pokémon,Basic,40,Lightning,,Colorless,Fighting,Common,"[{""name"": ""Thundershock"", ""cost"": [""Lightning""], ""damage"": ""10"", ""text"": ""Flip a coin. If heads, the Defending Pokémon is now Paralyzed.""}, {""name"": ""Tackle"", ""cost"": [""Colorless"", ""Colorless""], ""damage"": ""20"", ""text"": """"}]",[],
gym1-81,Lt. Surge's Pikachu,gym1,Pokémon,Basic,50,Lightning,,Colorless,Fighting,Common,"[{""name"": ""Charge"", ""cost"": [""Colorless""], ""damage"": """", ""text"": ""Take 1 Lightning Energy card from your discard pile and attach it to Lt. Surge's Pikachu.""}, {""name"": ""Lightning Tail"", ""cost"": [""Lightning"", ""Lightning""], ""damage"": ""20"", ""text"": ""Flip a coin. If heads, the Defending Pokémon is now Paralyzed.""}]",[],
gym1-82,Lt. Surge's Rattata,gym1,Pokémon,Basic,40,Colorless,,Colorless,Fighting,Common,"[{""name"": ""Focus Energy"", ""cost"": [""Colorless""], ""damage"": """", ""text"": ""During your next turn, Lt. Surge's Rattata's Gnaw attack's base damage is doubled.""}, {""name"": ""Gnaw"", ""cost"": [""Colorless"", ""Colorless""], ""damage"": ""20"", ""text"": """"}]",[],
gym1-83,Lt. Surge's Spearow,gym1,Pokémon,Basic,50,Colorless,,,Lightning,Common,"[{""name"": ""Whirlwind"", ""cost"": [""Colorless""], ""damage"": ""10"", ""text"": ""If your opponent has any Benched Pokémon, he or she chooses 1 of them and switches it with the Defending Pokémon. (Do the damage before switching the Pokémon.)""}, {""name"": ""Razor Wind"", ""cost"": [""Colorless"", ""Colorless""], ""damage"": ""40"", ""text"": ""Flip a coin. If tails, this attack does nothing.""}]",[],
gym1-84,Lt. Surge's Voltorb,gym1,Pokémon,Basic,40,Lightning,,Colorless,Fighting,Common,"[{""name"": ""Spin Ball"", ""cost"": [""Lightning""], ""damage"": ""20×"", ""text"": ""Flip 1 coin. This attack does 20 damage times the number of heads.""}, {""name"": ""Double Spin"", ""cost"": [""Lightning"", ""Colorless""], ""damage"": ""20×"", ""text"": ""Flip 2 coins. This attack does 20 damage times the number of heads.""}]",[],
gym1-85,Misty's Goldeen,gym1,Pokémon,Basic,40,Water,,Colorless,Lightning,Common,"[{""name"": ""Fury Attack"", ""cost"": [""Colorless""], ""damage"": ""10×"", ""text"": ""Flip 2 coins. This attack does 10 damage times the number of heads.""}, {""name"": ""Supersonic"", ""cost"": [""Water""], ""damage"": """", ""text"": ""Flip a coin. If heads, the Defending Pokémon is now Confused.""}]",[],
gym1-86,Misty's Horsea,gym1,Pokémon,Basic,40,Water,,,Lightning,Common,"[{""name"": ""Tackle"", ""cost"": [""Water""], ""damage"": ""10"", ""text"": """"}, {""name"": ""Smokescreen"", ""cost"": [""Water"", ""Water""], ""damage"": ""20"", ""text"": ""If the Defending Pokémon tries to attack during your opponent's next turn, your opponent flips a coin. If tails, that attack does nothing.""}]",[],
gym1-87,Misty's Poliwag,gym1,Pokémon,Basic,50,Water,,Colorless,Grass,Common,"[{""name"": ""Hypnotic Stare"", ""cost"": [""Water""], ""damage"": """", ""text"": ""Flip a coin. If heads, the Defending Pokémon is now Paralyzed. If tails, the Defending Pokémon is now Asleep.""}, {""name"": ""Tail Rap"", ""cost"": [""Water"", ""Colorless""], ""damage"": ""20×"", ""text"": ""Flip 2 coins. This attack does 20 damage times the number of heads.""}]",[],
gym1-88,Misty's Seel,gym1,Pokémon,Basic,60,Water,,Colorless,Lightning,Common,"[{""name"": ""Aurora Beam"", ""cost"": [""Water"", ""Colorless""], ""damage"": ""20"", ""text"": """"}]",[],
gym1-89,Misty's Shellder,gym1,Pokémon,Basic,40,Water,,Colorless,Lightning,Common,"[{""name"": ""Tackle"", ""cost"": [""Colorless""], ""damage"": ""10"", ""text"": """"}, {""name"": ""Clamp"", ""cost"": [""Water"", ""Colorless""], ""damage"": ""20"", ""text"": ""Flip a coin. If heads, the Defending Pokémon is now Paralyzed. If tails, this attack does nothing (not even damage).""}]",[],
gym1-90,Misty's Staryu,gym1,Pokémon,Basic,50,Water,,Colorless,Lightning,Common,"[{""name"": ""Swift"", ""cost"": [""Water"", ""Colorless""], ""damage"": ""20"", ""text"": ""This attack's damage isn't affected by Weakness, Resistance, Pokémon Powers, or any other effects on the Defending Pokémon.""}]",[],
gym1-91,Sabrina's Abra,gym1,Pokémon,Basic,40,Psychic,,,Psychic,Common,"[{""name"": ""Energy Loop"", ""cost"": [""Psychic""], ""damage"": ""20"", ""text"": ""Return a Psychic Energy card attached to Sabrina's Abra to your hand in order to use this attack.""}]",[],
gym1-92,Sabrina's Drowzee,gym1,Pokémon,Basic,50,Psychic,,Colorless,Psychic,Common,"[{""name"": ""Suggestion"", ""cost"": [""Psychic""], ""damage"": """", ""text"": ""Flip a coin. If heads, the Defending Pokémon can't attack during your opponent's next turn.""}, {""name"": ""Headbutt"", ""cost"": [""Colorless"", ""Colorless""], ""damage"": ""20"", ""text"": """"}]",[],
gym1-93,Sabrina's Gastly,gym1,Pokémon,Basic,50,Psychic,,Colorless,,Common,"[{""name"": ""Spook"", ""cost"": [""Psychic"", ""Colorless""], ""damage"": ""20"", ""text"": ""The Defending Pokémon can't retreat during your opponent's next turn.""}]",[],
gym1-94,Sabrina's Mr. Mime,gym1,Pokémon,Basic,50,Psychic,,Colorless,Psychic,Common,"[{""name"": ""Sleight of Hand"", ""cost"": [""Colorless""], ""damage"": """", ""text"": ""Choose up to 3 cards from your hand and put them on top of your deck. Then search your deck for that many basic Energy cards. Show those cards to your opponent, then put them into your hand. Shuffle your deck afterward.""}, {""name"": ""Slap"", ""cost"": [""Psychic"", ""Colorless""], ""damage"": ""20"", ""text"": """"}]",[],
gym1-95,Sabrina's Slowpoke,gym1,Pokémon,Basic,50,Psychic,,Colorless,Psychic,Common,"[{""name"": ""Lazy Attack"", ""cost"": [""Psychic"", ""Colorless""], ""damage"": ""30"", ""text"": ""Sabrina's Slowpoke is now Asleep (after doing damage).""}]",[],
gym1-96,Sabrina's Venonat,gym1,Pokémon,Basic,40,Grass,,Colorless,Fire,Common,"[{""name"": ""Poison Antennae"", ""cost"": [""Grass""], ""damage"": """", ""text"": ""The Defending Pokémon is now Poisoned.""}, {""name"": ""Removal Beam"", ""cost"": [""Psychic"", ""Colorless""], ""damage"": ""20"", ""text"": ""If the Defending Pokémon has any Energy cards attached to it, flip a coin. If heads, choose 1 of those Energy cards and discard it.""}]",[],
gym1-97,Blaine's Quiz #1,gym1,Trainer,,,,,,,Rare,[],[],
gym1-98,Brock,gym1,Trainer,,,,,,,Rare,[],[],
gym1-99,Charity,gym1,Trainer,,,,,,,Rare,[],[],
gym1-100,Erika,gym1,Trainer,,,,,,,Rare,[],[],
gym1-101,Lt. Surge,gym1,Trainer,,,,,,,Rare,[],[],
gym1-102,Misty,gym1,Trainer,,,,,,,Rare,[],[],
gym1-103,No Removal Gym,gym1,Trainer,Stadium,,,,,,Rare,[],[],
gym1-104,The Rocket's Training Gym,gym1,Trainer,Stadium,,,,,,Rare,[],[],
gym1-105,Blaine's Last Resort,gym1,Trainer,,,,,,,Uncommon,[],[],
gym1-106,Brock's Training Method,gym1,Trainer,,,,,,,Uncommon,[],[],
gym1-107,Celadon City Gym,gym1,Trainer,Stadium,,,,,,Uncommon,[],[],
gym1-108,Cerulean City Gym,gym1,Trainer,Stadium,,,,,,Uncommon,[],[],
gym1-109,Erika's Maids,gym1,Trainer,,,,,,,Uncommon,[],[],
gym1-110,Erika's Perfume,gym1,Trainer,,,,,,,Uncommon,[],[],
gym1-111,Good Manners,gym1,Trainer,,,,,,,Uncommon,[],[],
gym1-112,Lt. Surge's Treaty,gym1,Trainer,,,,,,,Uncommon,[],[],
gym1-113,Minion of Team Rocket,gym1,Trainer,,,,,,,Uncommon,[],[],
gym1-114,Misty's Wrath,gym1,Trainer,,,,,,,Uncommon,[],[],
gym1-115,Pewter City Gym,gym1,Trainer,Stadium,,,,,,Uncommon,[],[],
gym1-116,Recall,gym1,Trainer,,,,,,,Uncommon,[],[],
gym1-117,Sabrina's ESP,gym1,Trainer,,,,,,,Uncommon,[],[],
gym1-118,Secret Mission,gym1,Trainer,,,,,,,Uncommon,[],[],
gym1-119,Tickling Machine,gym1,Trainer,Rocket's Secret Machine,,,,,,Uncommon,[],[],
gym1-120,Vermilion City Gym,gym1,Trainer,Stadium,,,,,,Uncommon,[],[],
gym1-121,Blaine's Gamble,gym1,Trainer,,,,,,,Common,[],[],
gym1-122,Energy Flow,gym1,Trainer,,,,,,,Common,[],[],
gym1-123,Misty's Duel,gym1,Trainer,,,,,,,Common,[],[],
gym1-124,Narrow Gym,gym1,Trainer,Stadium,,,,,,Common,[],[],
gym1-125,Sabrina's Gaze,gym1,Trainer,,,,,,,Common,[],[],
gym1-126,Trash Exchange,gym1,Trainer,,,,,,,Common,[],[],
gym1-127,Fighting Energy,gym1,Energy,Basic,,,,,,,[],[],
gym1-128,Fire Energy,gym1,Energy,Basic,,,,,,,[],[],
gym1-129,Grass Energy,gym1,Energy,Basic,,,,,,,[],[],
gym1-130,Lightning Energy,gym1,Energy,Basic,,,,,,,[],[],
gym1-131,Psychic Energy,gym1,Energy,Basic,,,,,,,[],[],
gym1-132,Water Energy,gym1,Energy,Basic,,,,,,,[],[],
gym2-1,Blaine's Arcanine,gym2,Pokémon,Stage 1,90,Fire,Blaine's Growlithe,Colorless|Colorless|Colorless,Water,Rare Holo,"[{""name"": ""Heat Tackle"", ""cost"": [""Fire"", ""Colorless"", ""Colorless""], ""damage"": ""40"", ""text"": ""Blaine's Arcanine does 10 damage to itself.""}, {""name"": ""Firestorm"", ""cost"": [""Fire"", ""Fire"", ""Fire"", ""Fire""], ""damage"": ""120"", ""text"": ""Discard 3 Fire Energy cards attached to Blaine's Arcanine in order to use this attack.""}]",[],
gym2-2,Blaine's Charizard,gym2,Pokémon,Stage 2,100,Fire,Blaine's Charmeleon,Colorless|Colorless|Colorless,Water,Rare Holo,"[{""name"": ""Roaring Flames"", ""cost"": [""Fire""], ""damage"": ""20+"", ""text"": ""Discard all Fire Energy cards attached to Blaine's Charizard. If all Energy cards attached to Blaine's Charizard provide 2 Fire Energy, discard all of them. This attack does 20 damage plus 20 more damage for each Fire Energy discarded in this way.""}, {""name"": ""Flame Jet"", ""cost"": [""Fire"", ""Fire""], ""damage"": """", ""text"": ""Flip a coin. If heads, choose 1 of your opponent's Pokémon. This attack does 40 damage to that Pokémon. Don't apply Weakness and Resistance for this attack. (Any other effects that would happen after applying Weakness and Resistance still happen.)""}]",[],
gym2-3,Brock's Ninetales,gym2,Pokémon,Stage 1,70,Fire,Brock's Vulpix,Colorless,Water,Rare Holo,"[{""name"": ""Will-o'-the-wisp"", ""cost"": [""Fire"", ""Fire""], ""damage"": ""30"", ""text"": """"}]","[{""name"": ""Shapeshift"", ""type"": ""Pokémon Power"", ""text"": ""Once during your turn (before your attack), you may attach an Evolution card from your hand to Brock's Ninetales. (This doesn't count as evolving Brock's Ninetales.) Treat Brock's Ninetales as if it were that Pokémon instead. It can't evolve, devolve, or use the Pokémon Power of that Pokémon. During your turn, you may discard the Evolution card attached to Brock's Ninetales. This power can't be used if Brock's Ninetales is Asleep, Confused, or Paralyzed. If Brock's Ninetales becomes Asleep, Confused, or Paralyzed, discard all Evolution cards attached to it.""}]",
gym2-4,Erika's Venusaur,gym2,Pokémon,Stage 2,90,Grass,Erika's Ivysaur,Colorless|Colorless,Fire,Rare Holo,"[{""name"": ""Growth"", ""cost"": [""Grass""], ""damage"": """", ""text"": ""Flip a coin. If heads, you may attach up to 2 Grass Energy cards from your hand to Erika's Venusaur.""}, {""name"": ""Wide Solarbeam"", ""cost"": [""Grass"", ""Grass"", ""Grass"", ""Grass""], ""damage"": ""20"", ""text"": ""If your opponent has any Benched Pokémon, choose 2 of them (or 1 if he or she only has 1). This attack does 20 damage to each of them. (Don't apply Weakness and Resistance for Benched Pokémon.)""}]",[],
gym2-5,Giovanni's Gyarados,gym2,Pokémon,Stage 1,90,Water,Giovanni's Magikarp,Colorless|Colorless|Colorless,Grass,Rare Holo,"[{""name"": ""Summon Storm"", ""cost"": [""Water""], ""damage"": """", ""text"": ""Flip 2 coins. If both of them are heads, this attack does 20 damage to each other Pokémon (even your own). Don't apply Weakness and Resistance for this attack.""}, {""name"": ""Dragon Tornado"", ""cost"": [""Water"", ""Water"", ""Colorless"", ""Colorless""], ""damage"": ""40"", ""text"": ""Unless this attack Knocks Out the Defending Pokémon, choose 1 of your opponent's Benched Pokémon and switch it with the Defending Pokémon.""}]",[],
gym2-6,Giovanni's Machamp,gym2,Pokémon,Stage 2,100,Fighting,Giovanni's Machoke,Colorless|Colorless|Colorless,Psychic,Rare Holo,"[{""name"": ""Hurricane Punch"", ""cost"": [""Fighting"", ""Fighting"", ""Fighting"", ""Colorless""], ""damage"": ""30×"", ""text"": ""Flip 4 coins. This attack does 30 damage times the number of heads.""}]","[{""name"": ""Fortitude"", ""type"": ""Pokémon Power"", ""text"": ""If Giovanni's Machamp would be Knocked Out by an opponent's attack, flip a coin. If heads, Giovanni's Machamp is not Knocked Out and its remaining HP become 10 instead. This power can't be used if Giovanni's Machamp is already Asleep, Confused, or Paralyzed.""}]",
gym2-7,Giovanni's Nidoking,gym2,Pokémon,Stage 2,120,Grass,Giovanni's Nidorino,Colorless|Colorless|Colorless,Psychic,Rare Holo,"[{""name"": ""Intimidate"", ""cost"": [""Grass""], ""damage"": """", ""text"": ""If the Defending Pokémon's maximum HP is 50 or less, it can't attack Giovanni's Nidoking during your opponent's next turn. (Benching or evolving either Pokémon ends this effect.)""}, {""name"": ""Tumbling Attack"", ""cost"": [""Grass"", ""Grass"", ""Grass"", ""Colorless""], ""damage"": ""40+"", ""text"": ""Flip a coin. If heads, this attack does 40 damage plus 30 more damage; if tails, this attack does 40 damage.""}]",[],
gym2-8,Giovanni's Persian,gym2,Pokémon,Stage 1,60,Colorless,Giovanni's Meowth,,Fighting,Rare Holo,"[{""name"": ""Ambush"", ""cost"": [""Colorless"", ""Colorless"", ""Colorless""], ""damage"": ""20+"", ""text"": ""Flip a coin. If heads, this attack does 20 damage plus 20 more damage; if tails, this attack does 20 damage.""}]","[{""name"": ""Call the Boss"", ""type"": ""Pokémon Power"", ""text"": ""When you play Giovanni's Persian from your hand, you may search your deck for the Trainer card named Giovanni, show it to your opponent, and put it into your hand. Shuffle your deck afterward.""}]",
gym2-9,Koga's Beedrill,gym2,Pokémon,Stage 2,80,Grass,Koga's Kakuna,,Fire,Rare Holo,"[{""name"": ""Nerve Poison"", ""cost"": [""Grass"", ""Grass""], ""damage"": ""20"", ""text"": ""Flip a coin. If heads, the Defending Pokémon is now Paralyzed and Poisoned.""}, {""name"": ""Hyper Needle"", ""cost"": [""Colorless"", ""Colorless"", ""Colorless""], ""damage"": ""70"", ""text"": ""Flip a coin. If tails, this attack does nothing. Either way, you can't use this attack again as long as Koga's Beedrill stays in play (even putting Koga's Beedrill on the Bench won't let you use it again).""}]",[],
gym2-10,Koga's Ditto,gym2,Pokémon,Basic,40,Colorless,,Colorless,Fighting,Rare Holo,"[{""name"": ""Giant Growth"", ""cost"": [""Colorless""], ""damage"": """", ""text"": ""Flip a coin. If heads, Koga's Ditto's maximum HP is now 80 and Koga's Ditto's Pound attack's base damage is 30 instead of 10. (Benching Koga's Ditto ends this effect.)""}, {""name"": ""Pound"", ""cost"": [""Colorless""], ""damage"": ""10"", ""text"": """"}]",[],
gym2-11,Lt. Surge's Raichu,gym2,Pokémon,Stage 1,80,Lightning,Lt. Surge's Pikachu,Colorless|Colorless,Fighting,Rare Holo,"[{""name"": ""Kerzap"", ""cost"": [""Lightning"", ""Lightning""], ""damage"": ""20+"", ""text"": ""Flip a coin. If heads, this attack does 20 damage plus 30 more damage to the Defending Pokémon and discard all Lightning Energy cards attached to Lt. Surge's Raichu. If tails, this attack does 20 damage.""}, {""name"": ""Thundertackle"", ""cost"": [""Lightning"", ""Lightning"", ""Colorless"", ""Colorless""], ""damage"": ""40"", ""text"": ""Flip a coin. If heads, the Defending Pokémon is now Paralyzed. If tails, Lt. Surge's Raichu does 20 damage to itself.""}]",[],
gym2-12,Misty's Golduck,gym2,Pokémon,Stage 1,70,Water,Misty's Psyduck,Colorless,Grass,Rare Holo,"[{""name"": ""Electro Beam"", ""cost"": [""Water"", ""Colorless""], ""damage"": ""40"", ""text"": ""Flip a coin. If tails, discard all Energy cards attached to Misty's Golduck.""}, {""name"": ""Super Removal"", ""cost"": [""Psychic"", ""Colorless""], ""damage"": """", ""text"": ""Flip a coin. If heads, choose 1 Energy card attached to each of your opponent's Pokémon that has any Energy cards and discard those Energy cards.""}]",[],
gym2-13,Misty's Gyarados,gym2,Pokémon,Stage 1,100,Water,Misty's Magikarp,Colorless|Colorless|Colorless,Grass,Rare Holo,"[{""name"": ""Tidal Wave"", ""cost"": [""Water"", ""Water"", ""Water"", ""Water""], ""damage"": ""70"", ""text"": """"}]","[{""name"": ""Rebellion"", ""type"": ""Pokémon Power"", ""text"": ""Whenever Misty's Gyarados attacks, flip 2 coins. If both of them are tails, that attack does nothing. Instead, shuffle Misty's Gyarados and all cards attached to it into your deck. (This power works even if Misty's Gyarados is Confused.)""}]",
gym2-14,Rocket's Mewtwo,gym2,Pokémon,Basic,70,Psychic,,Colorless|Colorless,Psychic,Rare Holo,"[{""name"": ""Juxtapose"", ""cost"": [""Psychic""], ""damage"": """", ""text"": ""Flip a coin. If heads, switch the number of damage counters on Rocket's Mewtwo with the number of damage counters on the Defending Pokémon (even if it would Knock Out either Pokémon). (It's okay if 1 of the Pokémon has no damage counters on it.)""}, {""name"": ""Hypnoblast"", ""cost"": [""Psychic"", ""Psychic""], ""damage"": ""20"", ""text"": ""Flip a coin. If heads, the Defending Pokémon is now Asleep.""}, {""name"": ""Psyburn"", ""cost"": [""Psychic"", ""Psychic"", ""Psychic"", ""Colorless""], ""damage"": ""60"", ""text"": """"}]",[],
gym2-15,Rocket's Zapdos,gym2,Pokémon,Basic,70,Lightning,,Colorless|Colorless,,Rare Holo,"[{""name"": ""Plasma"", ""cost"": [""Lightning""], ""damage"": ""20"", ""text"": ""If there are any Lightning Energy cards in your discard pile, attach 1 of them to Rocket's Zapdos.""}, {""name"": ""Electroburn"", ""cost"": [""Lightning"", ""Lightning"", ""Lightning"", ""Colorless""], ""damage"": ""70"", ""text"": ""Rocket's Zapdos does damage to itself equal to 10 times the number of Lightning Energy cards attached to it.""}]",[],
gym2-16,Sabrina's Alakazam,gym2,Pokémon,Stage 2,80,Psychic,Sabrina's Kadabra,Colorless|Colorless|Colorless,Psychic,Rare Holo,"[{""name"": ""Mega Burn"", ""cost"": [""Psychic"", ""Colorless"", ""Colorless"", ""Colorless""], ""damage"": ""60"", ""text"": ""You can't use this attack during your next turn.""}]","[{""name"": ""Psylink"", ""type"": ""Pokémon Power"", ""text"": ""Sabrina's Alakazam always has a copy of every attack your Psychic Pokémon in play have (including their Energy costs and anything else required in order to use those attacks, such as discarding Energy cards). This power can't be used if Sabrina's Alakazam is Asleep, Confused, or Paralyzed.""}]",
gym2-17,Blaine,gym2,Trainer,,,,,,,Rare Holo,[],[],
gym2-18,Giovanni,gym2,Trainer,,,,,,,Rare Holo,[],[],
gym2-19,Koga,gym2,Trainer,,,,,,,Rare Holo,[],[],
gym2-20,Sabrina,gym2,Trainer,,,,,,,Rare Holo,[],[],
gym2-21,Blaine's Ninetales,gym2,Pokémon,Stage 1,60,Fire,Blaine's Vulpix,Colorless|Colorless,Water,Rare,"[{""name"": ""Burn Up"", ""cost"": [""Fire"", ""Fire""], ""damage"": ""50"", ""text"": ""Flip a coin. If tails, discard all Fire Energy cards attached to Blaine's Ninetales.""}]","[{""name"": ""Healing Fire"", ""type"": ""Pokémon Power"", ""text"": ""Whenever you attach a Fire Energy card from your hand to Blaine's Ninetales, remove 1 damage counter from it, if it has any. This power stops working when Blaine's Ninetales is Asleep, Confused, or Paralyzed.""}]",
gym2-22,Brock's Dugtrio,gym2,Pokémon,Stage 1,60,Fighting,Brock's Diglett,Colorless,Grass,Rare,"[{""name"": ""Lie Low"", ""cost"": [""Fighting""], ""damage"": """", ""text"": ""All damage done to Brock's Dugtrio during your opponent's next turn is reduced by 20 (after applying Weakness and Resistance).""}, {""name"": ""Earthdrill"", ""cost"": [""Fighting"", ""Fighting"", ""Colorless""], ""damage"": ""60"", ""text"": ""This attack can't be used unless Brock's Dugtrio used its Lie Low attack last turn.""}]",[],
gym2-23,Giovanni's Nidoqueen,gym2,Pokémon,Stage 2,100,Grass,Giovanni's Nidorina,Colorless|Colorless|Colorless,Psychic,Rare,"[{""name"": ""Mega Kick"", ""cost"": [""Grass"", ""Grass"", ""Colorless""], ""damage"": ""40"", ""text"": """"}, {""name"": ""Love Lariat"", ""cost"": [""Grass"", ""Grass"", ""Colorless"", ""Colorless""], ""damage"": ""50+"", ""text"": ""Flip a coin. If heads, this attack does 50 damage plus 50 more damage if you have at least 1 Giovanni's Nidoking on your Bench. If tails, this attack does nothing.""}]",[],
gym2-24,Giovanni's Pinsir,gym2,Pokémon,Basic,70,Grass,,Colorless|Colorless,Fire,Rare,"[{""name"": ""Snapping Pincers"", ""cost"": [""Grass"", ""Colorless""], ""damage"": ""10+"", ""text"": ""Flip a coin. If heads, this attack does 10 damage plus 10 more damage; if tails, this attack does 10 damage.""}, {""name"": ""Overhead Toss"", ""cost"": [""Grass"", ""Colorless"", ""Colorless""], ""damage"": ""40"", ""text"": ""If you have any Benched Pokémon, flip a coin. If tails, choose 1 of your Benched Pokémon. This attack does 20 damage to that Pokémon. (Don't apply Weakness and Resistance for Benched Pokémon.)""}]",[],
gym2-25,Koga's Arbok,gym2,Pokémon,Stage 1,90,Grass,Koga's Ekans,Colorless|Colorless,Psychic,Rare,"[{""name"": ""Poison Buildup"", ""cost"": [""Grass""], ""damage"": """", ""text"": ""Koga's Arbok is now Poisoned.""}, {""name"": ""Poison Power"", ""cost"": [""Grass"", ""Grass""], ""damage"": ""20"", ""text"": ""If Koga's Arbok is Poisoned, this attack's base damage is 40 instead of 20 and the Defending Pokémon is now Poisoned.""}]",[],
gym2-26,Koga's Muk,gym2,Pokémon,Stage 1,80,Grass,Koga's Grimer,Colorless|Colorless|Colorless,Psychic,Rare,"[{""name"": ""Sludge Whirlpool"", ""cost"": [""Grass"", ""Grass"", ""Colorless""], ""damage"": ""40"", ""text"": """"}]","[{""name"": ""Energy Drain"", ""type"": ""Pokémon Power"", ""text"": ""If an opponent's attack does damage to Koga's Muk (even if Koga's Muk is Knocked Out), flip a coin. If heads and if it has any, choose 1 Energy card attached to the attacking Pokémon and discard it. This power can't be used if Koga's Muk is already Asleep, Confused, or Paralyzed when your opponent attacks.""}]",
gym2-27,Koga's Pidgeotto,gym2,Pokémon,Stage 1,60,Colorless,Koga's Pidgey,,Lightning,Rare,"[{""name"": ""Quick Turn"", ""cost"": [""Colorless"", ""Colorless"", ""Colorless""], ""damage"": ""30×"", ""text"": ""Flip 2 coins. This attack does 30 damage times the number of heads.""}, {""name"": ""Aerial Maneuvers"", ""cost"": [""Colorless"", ""Colorless"", ""Colorless"", ""Colorless""], ""damage"": ""10+"", ""text"": ""Flip a coin. If heads, this attack does 10 damage plus 30 more damage, and, during your opponent's next turn, prevent all effects of attacks, including damage, done to Koga's Pidgeotto. If tails, this attack does 10 damage.""}]",[],
gym2-28,Lt. Surge's Jolteon,gym2,Pokémon,Stage 1,70,Lightning,Lt. Surge's Eevee,Colorless,Fighting,Rare,"[{""name"": ""High Voltage"", ""cost"": [""Lightning"", ""Colorless""], ""damage"": ""20"", ""text"": ""Flip a coin. If heads, your opponent can't play Trainer cards during his or her next turn.""}, {""name"": ""Thunder Flare"", ""cost"": [""Lightning"", ""Lightning"", ""Lightning""], ""damage"": ""30+"", ""text"": ""Does 30 damage plus 10 damage times the number of damage counters on Lt. Surge's Jolteon, then flip a coin. If tails, Lt. Surge's Jolteon does 30 damage to itself.""}]",[],
gym2-29,Sabrina's Gengar,gym2,Pokémon,Stage 2,90,Psychic,Sabrina's Haunter,Colorless|Colorless,,Rare,"[{""name"": ""Dark Wave"", ""cost"": [""Psychic"", ""Psychic""], ""damage"": ""20"", ""text"": ""All Pokémon Powers stop working until the end of your opponent's next turn.""}, {""name"": ""Shadow Bind"", ""cost"": [""Psychic"", ""Psychic"", ""Psychic""], ""damage"": ""40"", ""text"": ""The Defending Pokémon can't retreat during your opponent's next turn.""}]",[],
gym2-30,Sabrina's Golduck,gym2,Pokémon,Stage 1,70,Water,Sabrina's Psyduck,Colorless|Colorless,Lightning,Rare,"[{""name"": ""Damage Shift"", ""cost"": [""Psychic"", ""Psychic""], ""damage"": """", ""text"": ""Move 1 damage counter from each of your Pokémon that has any on it to the Defending Pokémon. (Don't apply Weakness and Resistance.)""}, {""name"": ""Water Spray"", ""cost"": [""Water"", ""Colorless"", ""Colorless""], ""damage"": ""20+"", ""text"": ""Flip a coin. If heads, this attack does 20 damage plus 20 more damage; if tails, this attack does 20 damage.""}]",[],
gym2-31,Blaine's Charmeleon,gym2,Pokémon,Stage 1,70,Fire,Blaine's Charmander,Colorless|Colorless,Water,Uncommon,"[{""name"": ""Fire Claws"", ""cost"": [""Fire"", ""Fire""], ""damage"": ""30"", ""text"": """"}, {""name"": ""Bonfire"", ""cost"": [""Fire"", ""Fire"", ""Fire""], ""damage"": """", ""text"": ""Flip 3 coins. For each heads, discard 1 Fire Energy card attached to Blaine's Charmeleon. If you can't discard Energy cards, this attack does nothing. This attack does 10 damage times the number of heads to each of your opponent's Pokémon. Don't apply Weakness and Resistance for this attack. (Any other effects that would happen after applying Weakness and Resistance still happen.)""}]",[],
gym2-32,Blaine's Dodrio,gym2,Pokémon,Stage 1,70,Colorless,Blaine's Doduo,Colorless,Lightning,Uncommon,"[{""name"": ""Mega Peck"", ""cost"": [""Colorless"", ""Colorless""], ""damage"": ""50"", ""text"": ""Flip a coin. If tails, this attack does nothing.""}]",[],
gym2-33,Blaine's Rapidash,gym2,Pokémon,Stage 1,70,Fire,Blaine's Ponyta,,Water,Uncommon,"[{""name"": ""Fire Mane"", ""cost"": [""Fire""], ""damage"": ""20"", ""text"": """"}, {""name"": ""Stamp"", ""cost"": [""Fire"", ""Colorless"", ""Colorless""], ""damage"": ""30+"", ""text"": ""Flip a coin. If heads, this attack does 30 damage plus 10 more damage (to the Defending Pokémon) and 10 damage to each of your opponent's Benched Pokémon. (Don't apply Weakness and Resistance for Benched Pokémon.) If tails, this attack does 30 damage (to the Defending Pokémon).""}]",[],
gym2-34,Brock's Graveler,gym2,Pokémon,Stage 1,70,Fighting,Brock's Geodude,Colorless|Colorless,Grass,Uncommon,"[{""name"": ""Tackle"", ""cost"": [""Colorless"", ""Colorless""], ""damage"": ""20"", ""text"": """"}, {""name"": ""Detonate"", ""cost"": [""Fighting"", ""Fighting"", ""Fighting""], ""damage"": ""50"", ""text"": ""Does 10 damage to each Pokémon on each player's bench. (Don't apply Weakness and Resistance for Benched Pokémon.) Brock's Graveler does 50 damage to itself. If there is a Stadium card in play, discard it.""}]",[],
gym2-35,Brock's Primeape,gym2,Pokémon,Stage 1,70,Fighting,Brock's Mankey,Colorless,Psychic,Uncommon,"[{""name"": ""Mega Thrash"", ""cost"": [""Fighting"", ""Fighting"", ""Fighting""], ""damage"": ""60"", ""text"": ""Brock's Primeape does 20 damage to itself. If there is a Stadium card in play, discard it.""}]","[{""name"": ""Scram"", ""type"": ""Pokémon Power"", ""text"": ""If Brock's Primeape ever has exactly 10 HP left, shuffle it and all cards attached to it into your deck. This power stops working while Brock's Primeape is Asleep, Confused, or Paralyzed.""}]",
gym2-36,Brock's Sandslash,gym2,Pokémon,Stage 1,70,Fighting,Brock's Sandshrew,Colorless,Grass,Uncommon,"[{""name"": ""Swift"", ""cost"": [""Fighting"", ""Colorless""], ""damage"": ""20"", ""text"": ""This attack's damage isn't affected by Weakness, Resistance, Pokémon Powers, or any other effects on the Defending Pokémon.""}, {""name"": ""Needle Ball"", ""cost"": [""Fighting"", ""Fighting""], ""damage"": ""30"", ""text"": ""Flip a coin. If heads, the Defending Pokémon is now Poisoned.""}]",[],
gym2-37,Brock's Vulpix,gym2,Pokémon,Basic,50,Fire,,Colorless,Water,Uncommon,"[{""name"": ""Hypnotic Gaze"", ""cost"": [""Colorless""], ""damage"": """", ""text"": ""The Defending Pokémon is now Asleep.""}, {""name"": ""Fire Ring"", ""cost"": [""Fire"", ""Fire""], ""damage"": ""20"", ""text"": ""If your opponent has any Benched Pokémon, choose 1 of them and this attack does 10 damage to it. (Don't apply Weakness and Resistance for Benched Pokémon.)""}]",[],
gym2-38,Erika's Bellsprout,gym2,Pokémon,Basic,40,Grass,,Colorless,Fire,Uncommon,"[{""name"": ""Stretch Vine"", ""cost"": [""Grass""], ""damage"": """", ""text"": ""Choose 1 of your opponent's Benched Pokémon, and this attack does 10 damage to it. (Don't apply Weakness and Resistance for Benched Pokémon.)""}]","[{""name"": ""Soak Up"", ""type"": ""Pokémon Power"", ""text"": ""Once during your turn (before your attack), you may take up to 2 Grass Energy cards attached to your other Pokémon and attach them to Erika's Bellsprout. This power can't be used if Erika's Bellsprout is Asleep, Confused, or Paralyzed.""}]",
gym2-39,Erika's Bulbasaur,gym2,Pokémon,Basic,50,Grass,,Colorless,Fire,Uncommon,"[{""name"": ""Sleep Seed"", ""cost"": [""Grass""], ""damage"": ""10"", ""text"": ""The Defending Pokémon is now Asleep.""}, {""name"": ""Errand-Running"", ""cost"": [""Grass"", ""Grass""], ""damage"": """", ""text"": ""Flip a coin. If heads, you may search your deck for a Trainer card. Show it to your opponent and put it into your hand. Shuffle your deck afterward.""}]",[],
gym2-40,Erika's Clefairy,gym2,Pokémon,Basic,50,Colorless,,Colorless,Fighting,Uncommon,"[{""name"": ""Lunar Power"", ""cost"": [""Colorless""], ""damage"": """", ""text"": ""Flip a coin. If heads, search your deck for a card that evolves from 1 of your Benched Pokémon and put that card on that Pokémon. (This counts as evolving that Pokémon.) Shuffle your deck afterward.""}, {""name"": ""Moon Kick"", ""cost"": [""Colorless"", ""Colorless""], ""damage"": ""20"", ""text"": """"}]",[],
gym2-41,Erika's Ivysaur,gym2,Pokémon,Stage 1,60,Grass,Erika's Bulbasaur,Colorless|Colorless,Fire,Uncommon,"[{""name"": ""Double Razor Leaf"", ""cost"": [""Grass"", ""Grass"", ""Grass""], ""damage"": ""40×"", ""text"": ""Flip 2 coins. This attack does 40 damage times the number of heads.""}]","[{""name"": ""Relaxing Scent"", ""type"": ""Pokémon Power"", ""text"": ""As long as Erika's Ivysaur is your Active Pokémon, whenever an attack (even your own) does damage to any Pokémon (after applying Weakness and Resistance), that attack only does half the damage to that Pokémon (rounded up to the nearest 10). (Any other effects of attacks still happen.) This power stops working while Erika's Ivysaur is Asleep, Confused, or Paralyzed.""}]",
gym2-42,Giovanni's Machoke,gym2,Pokémon,Stage 1,80,Fighting,Giovanni's Machop,Colorless|Colorless,Psychic,Uncommon,"[{""name"": ""Risky Attack"", ""cost"": [""Fighting""], ""damage"": ""60"", ""text"": ""Flip a coin. If tails, this attack does no damage to the Defending Pokémon and Giovanni's Machoke does 100 damage to itself.""}, {""name"": ""Headlock"", ""cost"": [""Fighting"", ""Fighting"", ""Colorless""], ""damage"": ""20+"", ""text"": ""Flip a coin. If heads, this attack does 20 damage plus 20 more damage and the Defending Pokémon is now Paralyzed. If tails, this attack does 20 damage.""}]",[],
gym2-43,Giovanni's Meowth,gym2,Pokémon,Basic,40,Colorless,,Colorless,Fighting,Uncommon,"[{""name"": ""False Charity"", ""cost"": [""Colorless""], ""damage"": """", ""text"": ""Flip a coin. If heads, look at the top card of your opponent's deck. If it's a Trainer card, put it in your opponent's discard pile; otherwise, put it into his or her hand.""}, {""name"": ""Double Scratch"", ""cost"": [""Colorless"", ""Colorless""], ""damage"": ""20×"", ""text"": ""Flip 2 coins. This attack does 20 damage times the number of heads.""}]",[],
gym2-44,Giovanni's Nidorina,gym2,Pokémon,Stage 1,80,Grass,Giovanni's Nidoran ♀,Colorless|Colorless,Psychic,Uncommon,"[{""name"": ""Poison Sting Tackle"", ""cost"": [""Grass"", ""Colorless""], ""damage"": ""30"", ""text"": ""Giovanni's Nidorina does 20 damage to itself. Flip a coin. If heads, the Defending Pokémon is now Poisoned.""}, {""name"": ""Body Slam"", ""cost"": [""Grass"", ""Colorless"", ""Colorless""], ""damage"": ""20"", ""text"": ""Flip a coin. If heads, the Defending Pokémon is now Paralyzed.""}]",[],
gym2-45,Giovanni's Nidorino,gym2,Pokémon,Stage 1,70,Grass,Giovanni's Nidoran ♂,Colorless|Colorless,Psychic,Uncommon,"[{""name"": ""Rend"", ""cost"": [""Grass"", ""Colorless"", ""Colorless""], ""damage"": ""20+"", ""text"": ""If the Defending Pokémon already has any damage counters on it, this attack does 20 damage plus 20 more damage. If not, this attack does 20 damage.""}]",[],
gym2-46,Koga's Golbat,gym2,Pokémon,Stage 1,60,Grass,Koga's Zubat,,Psychic,Uncommon,"[{""name"": ""Bite"", ""cost"": [""Colorless"", ""Colorless""], ""damage"": ""20"", ""text"": """"}, {""name"": ""Sonic Scream"", ""cost"": [""Grass"", ""Grass"", ""Grass""], ""damage"": ""30"", ""text"": ""Flip a coin. If heads, the Defending Pokémon is now Confused.""}]",[],
gym2-47,Koga's Kakuna,gym2,Pokémon,Stage 1,60,Grass,Koga's Weedle,Colorless|Colorless,Fire,Uncommon,"[{""name"": ""Toxic Secretion"", ""cost"": [""Grass""], ""damage"": """", ""text"": ""Flip a coin. If heads, the Defending Pokémon is now Poisoned. It now takes 20 Poison damage instead of 10 after each player's turn (even if it was already Poisoned).""}]","[{""name"": ""Emerge"", ""type"": ""Pokémon Power"", ""text"": ""Once during your turn (before your attack), you may flip a coin. If heads, search your deck for an Evolution card named Koga's Beedrill and put it on Koga's Kakuna. (This counts as evolving Koga's Kakuna.) Shuffle your deck afterward. This power can't be used if Koga's Kakuna is Asleep, Confused, or Paralyzed.""}]",
gym2-48,Koga's Koffing,gym2,Pokémon,Basic,50,Grass,,Colorless,Psychic,Uncommon,"[{""name"": ""Smokescreen"", ""cost"": [""Grass""], ""damage"": ""10"", ""text"": ""If the Defending Pokémon tries to attack during your opponent's next turn, your opponent flips a coin. If tails, that attack does nothing.""}, {""name"": ""Obscuring Gas"", ""cost"": [""Grass"", ""Colorless""], ""damage"": ""30"", ""text"": ""Flip a coin. If heads, shuffle Koga's Koffing and all cards attached to it into your deck (after doing damage).""}]",[],
gym2-49,Koga's Pidgey,gym2,Pokémon,Basic,40,Colorless,,Colorless,Lightning,Uncommon,"[{""name"": ""Messenger"", ""cost"": [""Colorless""], ""damage"": """", ""text"": ""Put Koga's Pidgey and all cards attached to it on top of your deck. Then search your deck for any Basic Pokémon or Evolution card not named Koga's Pidgey. Show that card to your opponent, then put it into your hand. Shuffle your deck afterward.""}, {""name"": ""Wing Attack"", ""cost"": [""Colorless"", ""Colorless""], ""damage"": ""20"", ""text"": """"}]",[],
gym2-50,Koga's Weezing,gym2,Pokémon,Stage 1,70,Grass,Koga's Koffing,Colorless|Colorless,Psychic,Uncommon,"[{""name"": ""Spontaneous Explosion"", ""cost"": [""Grass"", ""Grass""], ""damage"": ""10+"", ""text"": ""Flip a coin. If heads, this attack does 10 damage plus 30 more damage and Koga's Weezing does 30 damage to itself; if tails, this attack does 10 damage.""}, {""name"": ""Toxic Cloud"", ""cost"": [""Grass"", ""Grass"", ""Colorless""], ""damage"": ""20"", ""text"": ""Flip a coin. If heads, the Defending Pokémon is now Poisoned. It now takes 20 Poison damage instead of 10 after each player's turn (even if it was already Poisoned).""}]",[],
gym2-51,Lt. Surge's Eevee,gym2,Pokémon,Basic,40,Colorless,,Colorless,Fighting,Uncommon,"[{""name"": ""Surprise"", ""cost"": [""Colorless""], ""damage"": """", ""text"": ""Look at a random card from your opponent's hand. Your opponent shuffles that card into his or her deck.""}, {""name"": ""Scratch"", ""cost"": [""Colorless"", ""Colorless""], ""damage"": ""20"", ""text"": """"}]",[],
gym2-52,Lt. Surge's Electrode,gym2,Pokémon,Stage 1,70,Lightning,Lt. Surge's Voltorb,Colorless|Colorless,Fighting,Uncommon,"[{""name"": ""Power Ball"", ""cost"": [""Lightning"", ""Lightning"", ""Colorless""], ""damage"": ""30+"", ""text"": ""Flip 3 coins. This attack does 30 damage plus 10 more damage for each heads.""}]","[{""name"": ""Shock Blast"", ""type"": ""Pokémon Power"", ""text"": ""If Lt. Surge's Electrode is your Active Pokémon and gets damaged (even if it's Knocked Out), flip a coin. If tails, this power does 20 damage to each Active Pokémon. This power works even if Lt. Surge's Electrode is already Asleep, Confused, or Paralyzed when it takes damage.""}]",
gym2-53,Lt. Surge's Raticate,gym2,Pokémon,Stage 1,60,Colorless,Lt. Surge's Rattata,Colorless,Fighting,Uncommon,"[{""name"": ""Focus Energy"", ""cost"": [""Colorless""], ""damage"": """", ""text"": ""During your next turn, Lt. Surge's Raticate's Double-edge attack's damage (base damage and damage to itself) is doubled.""}, {""name"": ""Double-edge"", ""cost"": [""Colorless"", ""Colorless""], ""damage"": ""40"", ""text"": ""Lt. Surge's Raticate does 20 damage to itself.""}]",[],
gym2-54,Misty's Dewgong,gym2,Pokémon,Stage 1,80,Water,Misty's Seel,Colorless|Colorless,Lightning,Uncommon,"[{""name"": ""Ice Throw"", ""cost"": [""Water"", ""Water""], ""damage"": ""20"", ""text"": ""If the Defending Pokémon is Fighting, this attack's base damage is doubled.""}, {""name"": ""Take Down"", ""cost"": [""Water"", ""Colorless"", ""Colorless"", ""Colorless""], ""damage"": ""60"", ""text"": ""Misty's Dewgong does 20 damage to itself.""}]",[],
gym2-55,Sabrina's Haunter,gym2,Pokémon,Stage 1,70,Psychic,Sabrina's Gastly,,,Uncommon,"[{""name"": ""Nightmare"", ""cost"": [""Psychic"", ""Psychic""], ""damage"": ""20"", ""text"": ""The Defending Pokémon is now Asleep.""}, {""name"": ""Shadow Attack"", ""cost"": [""Psychic"", ""Psychic"", ""Psychic""], ""damage"": """", ""text"": ""Flip a coin. If heads, and if your opponent has any Benched Pokémon, choose 1 of them and this attack does 30 damage to it. (Don't apply Weakness and Resistance for Benched Pokémon.)""}]",[],
gym2-56,Sabrina's Hypno,gym2,Pokémon,Stage 1,70,Psychic,Sabrina's Drowzee,Colorless|Colorless,Psychic,Uncommon,"[{""name"": ""Invigorate"", ""cost"": [""Psychic""], ""damage"": """", ""text"": ""Choose 1 Basic Pokémon in any player's discard pile. Put it onto that player's Bench. Put a number of damage counters on that Pokémon equal to half its HP (rounded down to the nearest 10). (You can't put a Pokémon on a Bench that's full.)""}, {""name"": ""Pendulum Curse"", ""cost"": [""Psychic"", ""Psychic""], ""damage"": ""20×"", ""text"": ""Flip a number of coins equal to the number of damage counters on the Defending Pokémon. This attack does 20 damage times the number of heads.""}]",[],
gym2-57,Sabrina's Jynx,gym2,Pokémon,Basic,60,Psychic,,Colorless,Psychic,Uncommon,"[{""name"": ""Helping Hand"", ""cost"": [""Psychic""], ""damage"": """", ""text"": ""Choose 1 of your opponent's Pokémon. Remove any number of damage counters from that Pokémon, then draw that many cards.""}, {""name"": ""Hug"", ""cost"": [""Psychic"", ""Colorless""], ""damage"": ""20"", ""text"": ""Flip a coin. If heads, the Defending Pokémon can't retreat during your opponent's next turn.""}]",[],
gym2-58,Sabrina's Kadabra,gym2,Pokémon,Stage 1,70,Psychic,Sabrina's Abra,Colorless,Psychic,Uncommon,"[{""name"": ""Life Drain"", ""cost"": [""Psychic""], ""damage"": """", ""text"": ""Flip a coin. If heads, put a number of damage counters on the Defending Pokémon so that its remaining HP are 10.""}, {""name"": ""Psyshot"", ""cost"": [""Psychic"", ""Colorless"", ""Colorless""], ""damage"": ""30"", ""text"": """"}]",[],
gym2-59,Sabrina's Mr. Mime,gym2,Pokémon,Basic,60,Psychic,,Colorless,Psychic,Uncommon,"[{""name"": ""Magic Darts"", ""cost"": [""Psychic"", ""Colorless""], ""damage"": """", ""text"": ""Choose 1 of your opponent's Pokémon and flip 3 coins. This attack does 10 damage times the number of heads to that Pokémon. Don't apply Weakness and Resistance for this attack.""}]",[],
gym2-60,Blaine's Charmander,gym2,Pokémon,Basic,50,Fire,,Colorless,Water,Common,"[{""name"": ""Fire Tail Slap"", ""cost"": [""Fire""], ""damage"": ""20"", ""text"": ""Use this attack only if there are any Fire Energy cards attached to Blaine's Charmander. Flip a coin. If tails, discard 1 of those cards.""}]",[],
gym2-61,Blaine's Doduo,gym2,Pokémon,Basic,50,Colorless,,,Lightning,Common,"[{""name"": ""Wild Kick"", ""cost"": [""Colorless""], ""damage"": ""20"", ""text"": ""Flip a coin. If tails, this attack does nothing.""}, {""name"": ""Retaliate"", ""cost"": [""Colorless"", ""Colorless""], ""damage"": ""10×"", ""text"": ""Does 10 damage times the number of damage counters on Blaine's Doduo.""}]",[],
gym2-62,Blaine's Growlithe,gym2,Pokémon,Basic,60,Fire,,Colorless,Water,Common,"[{""name"": ""Stoke"", ""cost"": [""Fire""], ""damage"": """", ""text"": ""Search your deck for a Fire Energy card and attach it to Blaine's Growlithe. Shuffle your deck afterward.""}, {""name"": ""Body Slam"", ""cost"": [""Fire"", ""Colorless"", ""Colorless""], ""damage"": ""20"", ""text"": ""Flip a coin. If heads, the Defending Pokémon is now Paralyzed.""}]",[],
gym2-63,Blaine's Mankey,gym2,Pokémon,Basic,40,Fighting,,,Psychic,Common,"[{""name"": ""Pranks"", ""cost"": [""Colorless""], ""damage"": """", ""text"": ""Flip a coin. If heads, choose a card from your opponent's discard pile and put it on top of his or her deck.""}, {""name"": ""Fury Swipes"", ""cost"": [""Fighting""], ""damage"": ""10×"", ""text"": ""Flip 3 coins. This attack does 10 damage times the number of heads.""}]",[],
gym2-64,Blaine's Ponyta,gym2,Pokémon,Basic,50,Fire,,Colorless,Water,Common,"[{""name"": ""Hind Kick"", ""cost"": [""Colorless"", ""Colorless""], ""damage"": ""20"", ""text"": ""If you have any Benched Pokémon, flip a coin. If heads, switch Blaine's Ponyta with 1 of your Benched Pokémon.""}]",[],
gym2-65,Blaine's Rhyhorn,gym2,Pokémon,Basic,60,Fighting,,Colorless|Colorless,Grass,Common,"[{""name"": ""Horn Charge"", ""cost"": [""Fighting""], ""damage"": ""30"", ""text"": ""Flip a coin. If tails, this attack does nothing.""}, {""name"": ""Overrun"", ""cost"": [""Colorless"", ""Colorless"", ""Colorless""], ""damage"": ""20"", ""text"": ""Flip a coin. If heads and if your opponent has any Benched Pokémon, choose 1 of them and this attack does 20 damage to it. (Don't apply Weakness and Resistance for Benched Pokémon.)""}]",[],
gym2-66,Blaine's Vulpix,gym2,Pokémon,Basic,50,Fire,,Colorless,Water,Common,"[{""name"": ""Bite"", ""cost"": [""Colorless""], ""damage"": ""10"", ""text"": """"}, {""name"": ""Call Will-o'-the-wisp"", ""cost"": [""Fire""], ""damage"": """", ""text"": ""Flip 3 coins. For each heads, if you have a Fire Energy card in your discard pile, put it into your hand.""}]",[],
gym2-67,Brock's Diglett,gym2,Pokémon,Basic,40,Fighting,,Colorless,Grass,Common,"[{""name"": ""Surprise Attack"", ""cost"": [""Fighting""], ""damage"": ""20"", ""text"": ""Flip a coin. If tails, this attack does nothing.""}, {""name"": ""Tremor"", ""cost"": [""Fighting"", ""Colorless""], ""damage"": ""40"", ""text"": ""Does 10 damage to each of your own Benched Pokémon. (Don't apply Weakness and Resistance for Benched Pokémon.)""}]",[],
gym2-68,Brock's Geodude,gym2,Pokémon,Basic,50,Fighting,,Colorless,Grass,Common,"[{""name"": ""Rock Toss"", ""cost"": [""Fighting""], ""damage"": ""10×"", ""text"": ""Flip 3 coins. This attack does 10 damage times the number of heads.""}]",[],
gym2-69,Erika's Jigglypuff,gym2,Pokémon,Basic,50,Colorless,,Colorless,Fighting,Common,"[{""name"": ""Group Therapy"", ""cost"": [""Colorless""], ""damage"": """", ""text"": ""You and your opponent remove 1 damage counter from each of your Pokémon with damage counters on them.""}, {""name"": ""Pulled Punch"", ""cost"": [""Colorless"", ""Colorless""], ""damage"": ""40-"", ""text"": ""If the Defending Pokémon has no damage counters on it, this attack does 40 damage. If it has any damage counters on it, this attack does 10 damage.""}]",[],
gym2-70,Erika's Oddish,gym2,Pokémon,Basic,40,Grass,,Colorless,Fire,Common,"[{""name"": ""Strange Powder"", ""cost"": [""Grass""], ""damage"": ""10"", ""text"": ""Flip a coin. If heads, the Defending Pokémon is now Confused; if tails, the Defending Pokémon is now Asleep.""}]",[],
gym2-71,Erika's Paras,gym2,Pokémon,Basic,50,Grass,,Colorless,Fire,Common,"[{""name"": ""Irongrip"", ""cost"": [""Colorless""], ""damage"": ""10"", ""text"": """"}, {""name"": ""Poison Spore"", ""cost"": [""Grass"", ""Grass""], ""damage"": """", ""text"": ""Flip a coin. If heads, the Defending Pokémon is now Poisoned and this attack does 10 damage to each of your opponent's Benched Pokémon. (Don't apply Weakness and Resistance for Benched Pokémon.)""}]",[],
gym2-72,Giovanni's Machop,gym2,Pokémon,Basic,50,Fighting,,Colorless,Psychic,Common,"[{""name"": ""Chop"", ""cost"": [""Colorless""], ""damage"": ""10"", ""text"": """"}, {""name"": ""Fury Punch"", ""cost"": [""Fighting"", ""Fighting""], ""damage"": ""20×"", ""text"": ""Flip a coin. If heads, this attack does 20 damage times the number of damage counters on Giovanni's Machop.""}]",[],
gym2-73,Giovanni's Magikarp,gym2,Pokémon,Basic,30,Water,,Colorless,Lightning,Common,"[{""name"": ""Ancestral Memory"", ""cost"": [""Water""], ""damage"": ""40"", ""text"": ""Flip a coin. If tails, this attack does nothing. Either way, you can't use this attack again as long as Giovanni's Magikarp stays in play (even putting Giovanni's Magikarp on the Bench won't let you use it again).""}, {""name"": ""Flail Around"", ""cost"": [""Water"", ""Colorless""], ""damage"": ""10×"", ""text"": ""Flip 3 coins. This attack does 10 damage times the number of heads.""}]",[],
gym2-74,Giovanni's Meowth,gym2,Pokémon,Basic,50,Colorless,,Colorless|Colorless,Fighting,Common,"[{""name"": ""Cat Fleas"", ""cost"": [""Colorless""], ""damage"": """", ""text"": ""Flip a coin. If heads, the Defending Pokémon is now Confused.""}, {""name"": ""Cat Kick"", ""cost"": [""Colorless"", ""Colorless"", ""Colorless""], ""damage"": ""30"", ""text"": """"}]",[],
gym2-75,Giovanni's Nidoran ♀,gym2,Pokémon,Basic,50,Grass,,Colorless,Psychic,Common,"[{""name"": ""Horn Thrust"", ""cost"": [""Grass""], ""damage"": ""20"", ""text"": ""Flip a coin. If tails, this attack does nothing.""}, {""name"": ""Double-edge"", ""cost"": [""Colorless"", ""Colorless""], ""damage"": ""30"", ""text"": ""Giovanni's Nidoran ♀ does 20 damage to itself.""}]",[],
gym2-76,Giovanni's Nidoran ♂,gym2,Pokémon,Basic,40,Grass,,Colorless,Psychic,Common,"[{""name"": ""Double Kick"", ""cost"": [""Colorless""], ""damage"": ""10×"", ""text"": ""Flip 2 coins. This attack does 10 damage times the number of heads.""}, {""name"": ""Retaliation"", ""cost"": [""Grass""], ""damage"": ""30"", ""text"": ""You can't use this attack unless Giovanni's Nidoran ♂ has 2 or more damage counters on it.""}]",[],
gym2-77,Koga's Ekans,gym2,Pokémon,Basic,50,Grass,,Colorless,Psychic,Common,"[{""name"": ""Fast-Acting Poison"", ""cost"": [""Grass""], ""damage"": ""10"", ""text"": ""Flip 2 coins. If both are heads, the Defending Pokémon is now Confused and Poisoned.""}]",[],
gym2-78,Koga's Grimer,gym2,Pokémon,Basic,50,Grass,,Colorless,Psychic,Common,"[{""name"": ""Sludge Grip"", ""cost"": [""Grass""], ""damage"": """", ""text"": ""If your opponent has any Benched Pokémon, flip a coin. If heads, choose 1 of your opponent's Benched Pokémon and switch it with the Defending Pokémon. The new Defending Pokémon is now Poisoned.""}, {""name"": ""Sludge Toss"", ""cost"": [""Grass"", ""Colorless""], ""damage"": ""20"", ""text"": """"}]",[],
gym2-79,Koga's Koffing,gym2,Pokémon,Basic,40,Grass,,Colorless,Psychic,Common,"[{""name"": ""Smelly Gas"", ""cost"": [""Grass""], ""damage"": ""10"", ""text"": ""Flip a coin. If heads, this attack does 10 damage to each Benched Pokémon (including your own). (Don't apply Weakness and Resistance for Benched Pokémon.)""}]",[],
gym2-80,Koga's Pidgey,gym2,Pokémon,Basic,50,Colorless,,Colorless,Lightning,Common,"[{""name"": ""Peck"", ""cost"": [""Colorless""], ""damage"": ""10"", ""text"": """"}, {""name"": ""Sand-attack"", ""cost"": [""Colorless"", ""Colorless"", ""Colorless""], ""damage"": ""20"", ""text"": ""If the Defending Pokémon tries to attack during your opponent's next turn, your opponent flips a coin. If tails, that attack does nothing.""}]",[],
gym2-81,Koga's Tangela,gym2,Pokémon,Basic,50,Grass,,Colorless|Colorless,Fire,Common,"[{""name"": ""Sleep Powder"", ""cost"": [""Grass""], ""damage"": ""10"", ""text"": ""The Defending Pokémon is now Asleep.""}, {""name"": ""Grasping Vine"", ""cost"": [""Grass"", ""Colorless""], ""damage"": """", ""text"": ""Flip a coin. If heads, draw 2 cards.""}]",[],
gym2-82,Koga's Weedle,gym2,Pokémon,Basic,40,Grass,,Colorless,Fire,Common,"[{""name"": ""Sting"", ""cost"": [""Colorless""], ""damage"": ""10"", ""text"": """"}, {""name"": ""Sharp Stinger"", ""cost"": [""Grass"", ""Colorless""], ""damage"": ""10"", ""text"": ""Flip a coin. If heads, the Defending Pokémon is now Poisoned; if tails, the Defending Pokémon is now Paralyzed.""}]",[],
gym2-83,Koga's Zubat,gym2,Pokémon,Basic,40,Grass,,,Psychic,Common,"[{""name"": ""Group Attack"", ""cost"": [""Grass"", ""Colorless""], ""damage"": ""10×"", ""text"": ""Does 10 damage times the number of Koga's Zubats you have in play. Before doing damage, you may search your deck for any number of Basic Pokémon named Koga's Zubat and put them onto your Bench. (You can't get more cards with this attack than you have room on your Bench.) If you do, shuffle your deck afterward.""}]",[],
gym2-84,Lt. Surge's Pikachu,gym2,Pokémon,Basic,40,Lightning,,,Fighting,Common,"[{""name"": ""Quick Attack"", ""cost"": [""Colorless"", ""Colorless""], ""damage"": ""10+"", ""text"": ""Flip a coin. If heads, this attack does 10 damage plus 20 more damage; if tails, this attack does 10 damage.""}]",[],
gym2-85,Lt. Surge's Rattata,gym2,Pokémon,Basic,30,Colorless,,,Fighting,Common,"[{""name"": ""Focus Energy"", ""cost"": [""Colorless""], ""damage"": """", ""text"": ""During your next turn, Lt. Surge's Rattata's Quick Attack's base damage is doubled.""}, {""name"": ""Quick Attack"", ""cost"": [""Colorless"", ""Colorless""], ""damage"": ""10+"", ""text"": ""Flip a coin. If heads, this attack does 10 damage plus 20 more damage; if tails, this attack does 10 damage.""}]",[],
gym2-86,Lt. Surge's Voltorb,gym2,Pokémon,Basic,50,Lightning,,Colorless,Fighting,Common,"[{""name"": ""Bouncing Ball"", ""cost"": [""Lightning"", ""Colorless""], ""damage"": ""30"", ""text"": ""Flip a coin. If tails, Lt. Surge's Voltorb does 10 damage to itself.""}]",[],
gym2-87,Misty's Horsea,gym2,Pokémon,Basic,50,Water,,,Lightning,Common,"[{""name"": ""Ink Spurt"", ""cost"": [""Water"", ""Water""], ""damage"": ""20"", ""text"": ""Flip a coin. If heads, whenever the Defending Pokémon tries to attack, your opponent flips a coin. If tails, that attack does nothing. (This effect lasts until the Defending Pokémon evolves or is Benched.)""}]",[],
gym2-88,Misty's Magikarp,gym2,Pokémon,Basic,30,Water,,Colorless,Lightning,Common,"[{""name"": ""Play Dead"", ""cost"": [""Colorless""], ""damage"": """", ""text"": ""Flip a coin. If heads, during your opponent's next turn, prevent all effects of attacks, including damage, done to Misty's Magikarp.""}, {""name"": ""Leap"", ""cost"": [""Colorless""], ""damage"": ""10"", ""text"": """"}]",[],
gym2-89,Misty's Poliwag,gym2,Pokémon,Basic,50,Water,,Colorless,Grass,Common,"[{""name"": ""Bubbles"", ""cost"": [""Water""], ""damage"": ""20"", ""text"": ""Flip a coin. If tails, you can't use this attack during your next turn.""}, {""name"": ""Amnesia"", ""cost"": [""Water"", ""Water""], ""damage"": """", ""text"": ""Choose 1 of the Defending Pokémon's attacks. That Pokémon can't use that attack during your opponent's next turn.""}]",[],
gym2-90,Misty's Psyduck,gym2,Pokémon,Basic,60,Water,,Colorless,Grass,Common,"[{""name"": ""ESP"", ""cost"": [""Psychic""], ""damage"": """", ""text"": ""Flip 3 coins. If exactly 1 is heads, draw a card. If exactly 2 are heads, this attack does 20 damage. If all 3 are heads, choose 1 of the Defending Pokémon's attacks. Misty's Psyduck copies that attack except for its Energy costs. (No matter what type the Defending Pokémon is, Misty's Psyduck's type is still Water.)""}]",[],
gym2-91,Misty's Seel,gym2,Pokémon,Basic,50,Water,,Colorless,Lightning,Common,"[{""name"": ""Frostbite"", ""cost"": [""Water""], ""damage"": ""10"", ""text"": ""The Defending Pokémon can't retreat during your opponent's next turn.""}, {""name"": ""Mirage"", ""cost"": [""Water"", ""Colorless""], ""damage"": ""10"", ""text"": ""If the Defending Pokémon tries to attack during your opponent's next turn, your opponent flips a coin. If tails, that attack does nothing.""}]",[],
gym2-92,Misty's Staryu,gym2,Pokémon,Basic,40,Water,,Colorless,Lightning,Common,"[{""name"": ""Star Boomerang"", ""cost"": [""Water""], ""damage"": ""20"", ""text"": ""Flip a coin. If heads, return Misty's Staryu and all cards attached to it to your hand. (Either way, this attack does its damage.)""}]",[],
gym2-93,Sabrina's Abra,gym2,Pokémon,Basic,40,Psychic,,,Psychic,Common,"[{""name"": ""Pound"", ""cost"": [""Colorless""], ""damage"": ""10"", ""text"": """"}, {""name"": ""Synchronize"", ""cost"": [""Psychic"", ""Colorless""], ""damage"": ""40"", ""text"": ""This attack can't be used unless Sabrina's Abra and the Defending Pokémon have the same number of Energy cards attached to them.""}]",[],
gym2-94,Sabrina's Abra,gym2,Pokémon,Basic,50,Psychic,,Colorless,Psychic,Common,"[{""name"": ""Psyscan"", ""cost"": [""Psychic""], ""damage"": """", ""text"": ""Look at your opponent's hand.""}, {""name"": ""Quick Attack"", ""cost"": [""Psychic""], ""damage"": ""10+"", ""text"": ""Flip a coin. If heads, this attack does 10 damage plus 20 more damage; if tails, this attack does 10 damage.""}]",[],
gym2-95,Sabrina's Drowzee,gym2,Pokémon,Basic,50,Psychic,,Colorless,Psychic,Common,"[{""name"": ""Energy Support"", ""cost"": [""Psychic""], ""damage"": """", ""text"": ""Search your deck for a Psychic Energy card. Show that card to your opponent, then put it into your hand. Shuffle your deck afterward.""}, {""name"": ""Mind Shock"", ""cost"": [""Psychic"", ""Colorless""], ""damage"": ""20"", ""text"": ""Don't apply Weakness and Resistance for this attack. (Any other effects that would happen after applying Weakness and Resistance still happen.)""}]",[],
gym2-96,Sabrina's Gastly,gym2,Pokémon,Basic,30,Psychic,,,,Common,"[{""name"": ""Lick"", ""cost"": [""Psychic""], ""damage"": ""10"", ""text"": ""Flip a coin. If heads, the Defending Pokémon is now Paralyzed.""}, {""name"": ""Fade Out"", ""cost"": [""Psychic"", ""Psychic""], ""damage"": ""30"", ""text"": ""Return Sabrina's Gastly and all Energy cards attached to it to your hand. (Discard all other cards attached to Sabrina's Gastly.)""}]",[],
gym2-97,Sabrina's Gastly,gym2,Pokémon,Basic,40,Psychic,,Colorless,,Common,"[{""name"": ""Suffocating Gas"", ""cost"": [""Psychic"", ""Psychic""], ""damage"": ""30"", ""text"": """"}]","[{""name"": ""Gaseous Form"", ""type"": ""Pokémon Power"", ""text"": ""Sabrina's Gastly gets +10 HP for each Psychic Energy card attached to it. This power works even if Sabrina's Gastly is Asleep, Confused, or Paralyzed.""}]",
gym2-98,Sabrina's Porygon,gym2,Pokémon,Basic,40,Colorless,,Colorless,Fighting,Common,"[{""name"": ""Sharp Point"", ""cost"": [""Colorless""], ""damage"": ""10"", ""text"": """"}, {""name"": ""Barrier Attack"", ""cost"": [""Colorless"", ""Colorless""], ""damage"": ""20"", ""text"": ""All damage done by attacks to Sabrina's Porygon during your opponent's next turn is reduced by 10 (after applying Weakness and Resistance).""}]",[],
gym2-99,Sabrina's Psyduck,gym2,Pokémon,Basic,50,Water,,Colorless,Lightning,Common,"[{""name"": ""Scratch"", ""cost"": [""Colorless""], ""damage"": ""10"", ""text"": """"}, {""name"": ""Random ESP"", ""cost"": [""Psychic""], ""damage"": ""20"", ""text"": ""Flip a coin. If heads, the Defending Pokémon is now Confused. If tails, this attack does no damage and Sabrina's Psyduck is now Confused.""}]",[],
gym2-100,Blaine,gym2,Trainer,,,,,,,Rare,[],[],
gym2-101,Brock's Protection,gym2,Trainer,,,,,,,Rare,[],[],
gym2-102,Chaos Gym,gym2,Trainer,Stadium,,,,,,Rare,[],[],
gym2-103,Erika's Kindness,gym2,Trainer,,,,,,,Rare,[],[],
gym2-104,Giovanni,gym2,Trainer,,,,,,,Rare,[],[],
gym2-105,Giovanni's Last Resort,gym2,Trainer,,,,,,,Rare,[],[],
gym2-106,Koga,gym2,Trainer,,,,,,,Rare,[],[],
gym2-107,Lt. Surge's Secret Plan,gym2,Trainer,,,,,,,Rare,[],[],
gym2-108,Misty's Wish,gym2,Trainer,,,,,,,Rare,[],[],
gym2-109,Resistance Gym,gym2,Trainer,Stadium,,,,,,Rare,[],[],
gym2-110,Sabrina,gym2,Trainer,,,,,,,Rare,[],[],
gym2-111,Blaine's Quiz #2,gym2,Trainer,,,,,,,Uncommon,[],[],
gym2-112,Blaine's Quiz #3,gym2,Trainer,,,,,,,Uncommon,[],[],
gym2-113,Cinnabar City Gym,gym2,Trainer,Stadium,,,,,,Uncommon,[],[],
gym2-114,Fuchsia City Gym,gym2,Trainer,Stadium,,,,,,Uncommon,[],[],
gym2-115,Koga's Ninja Trick,gym2,Trainer,,,,,,,Uncommon,[],[],
gym2-116,Master Ball,gym2,Trainer,,,,,,,Uncommon,[],[],
gym2-117,Max Revive,gym2,Trainer,,,,,,,Uncommon,[],[],
gym2-118,Misty's Tears,gym2,Trainer,,,,,,,Uncommon,[],[],
gym2-119,Rocket's Minefield Gym,gym2,Trainer,Stadium,,,,,,Uncommon,[],[],
gym2-120,Rocket's Secret Experiment,gym2,Trainer,,,,,,,Uncommon,[],[],
gym2-121,Sabrina's Psychic Control,gym2,Trainer,,,,,,,Uncommon,[],[],
gym2-122,Saffron City Gym,gym2,Trainer,Stadium,,,,,,Uncommon,[],[],
gym2-123,Viridian City Gym,gym2,Trainer,Stadium,,,,,,Uncommon,[],[],
gym2-124,Fervor,gym2,Trainer,,,,,,,Common,[],[],
gym2-125,Transparent Walls,gym2,Trainer,,,,,,,Common,[],[],
gym2-126,Warp Point,gym2,Trainer,,,,,,,Common,[],[],
gym2-127,Fighting Energy,gym2,Energy,Basic,,,,,,,[],[],
gym2-128,Fire Energy,gym2,Energy,Basic,,,,,,,[],[],
gym2-129,Grass Energy,gym2,Energy,Basic,,,,,,,[],[],
gym2-130,Lightning Energy,gym2,Energy,Basic,,,,,,,[],[],
gym2-131,Psychic Energy,gym2,Energy,Basic,,,,,,,[],[],
gym2-132,Water Energy,gym2,Energy,Basic,,,,,,,[],[],
neo1-1,Ampharos,neo1,Pokémon,Stage 2,80,Lightning,Flaaffy,Colorless|Colorless,Fighting,Rare Holo,"[{""name"": ""Gigaspark"", ""cost"": [""Lightning"", ""Lightning"", ""Lightning""], ""damage"": ""40"", ""text"": ""Flip a coin. If heads, the Defending Pokémon is now Paralyzed and this attack does 10 damage to each of your opponent's Benched Pokémon. (Don't apply Weakness and Resistance for Benched Pokémon.)""}]",[],The tail's tip shines brightly and can be seen from far away. It acts as a beacon for lost people.
neo1-2,Azumarill,neo1,Pokémon,Stage 1,70,Water,Marill,Colorless,Lightning,Rare Holo,"[{""name"": ""Tackle"", ""cost"": [""Colorless"", ""Colorless""], ""damage"": ""20"", ""text"": """"}, {""name"": ""Bubble Shower"", ""cost"": [""Water"", ""Water"", ""Water""], ""damage"": ""30"", ""text"": ""Flip a coin. If heads, the Defending Pokémon is now Paralyzed and this attack does 10 damage to each of your opponent's Benched Pokémon. (Don't apply Weakness and Resistance for Benched Pokémon.)""}]",[],"By keeping still and listening intently, it can tell what is in even wild, fast-moving rivers."
neo1-3,Bellossom,neo1,Pokémon,Stage 2,70,Grass,Gloom,Colorless|Colorless,Fire,Rare Holo,"[{""name"": ""Sweet Nectar"", ""cost"": [""Grass""], ""damage"": """", ""text"": ""Flip a coin. If heads, remove all damage counters from 1 of your Pokémon.""}, {""name"": ""Flower Dance"", ""cost"": [""Grass"", ""Grass"", ""Colorless""], ""damage"": ""30×"", ""text"": ""Does 30 damage times the number of cards with Bellossom in their names that you have in play (including this one).""}]",[],"Plentiful in the tropics. When it dances, its petals rub together and make a pleasant ringing sound."
neo1-4,Feraligatr,neo1,Pokémon,Stage 2,100,Water,Croconaw,Colorless|Colorless|Colorless,Grass,Rare Holo,"[{""name"": ""Chomp"", ""cost"": [""Water"", ""Water"", ""Water"", ""Water""], ""damage"": ""50+"", ""text"": ""Flip a number of coins equal to the number of damage counters on Feraligatr. This attack does 50 damage plus 10 more damage for each heads.""}]","[{""name"": ""Berserk"", ""type"": ""Pokémon Power"", ""text"": ""When you play Feraligatr from your hand, flip a coin. If heads, discard the top 5 cards from your opponent's deck. If tails, discard the top 5 cards from your deck.""}]","When it bites with its massive and powerful jaws, it shakes its head and savagely tears its victim up."
neo1-5,Feraligatr,neo1,Pokémon,Stage 2,120,Water,Croconaw,Colorless|Colorless|Colorless,Grass,Rare Holo,"[{""name"": ""Riptide"", ""cost"": [""Water"", ""Water"", ""Water""], ""damage"": ""10+"", ""text"": ""Does 10 damage plus 10 damage times the number of Water Energy cards in your discard pile. Then, shuffle all Water Energy cards from your discard pile into your deck.""}]","[{""name"": ""Downpour"", ""type"": ""Pokémon Power"", ""text"": ""As often as you like during your turn (before your attack), you may discard a Water Energy card from your hand. This power can't be used if Feraligatr is Asleep, Confused, or Paralyzed.""}]","It is hard for it to support its own weight out of water, so it gets down on all fours. But it moves fast."
neo1-6,Heracross,neo1,Pokémon,Basic,60,Grass,,Colorless|Colorless,Fire,Rare Holo,"[{""name"": ""Megahorn"", ""cost"": [""Grass"", ""Grass"", ""Grass""], ""damage"": ""60"", ""text"": ""Flip a coin. If tails, this attack does nothing.""}]","[{""name"": ""Final Blow"", ""type"": ""Pokémon Power"", ""text"": ""If Heracross's remaining HP are 20 or less, you may make its Megahorn attack's base damage 120 instead of 60. This power can't be used if Heracross is Asleep, Confused, or Paralyzed.""}]","This powerful Pokémon thrusts its prized horn under its enemies' bellies, then lifts and throws them."
neo1-7,Jumpluff,neo1,Pokémon,Stage 2,70,Grass,Skiploom,,Fire,Rare Holo,"[{""name"": ""Sleep Powder"", ""cost"": [""Grass""], ""damage"": ""20"", ""text"": ""The Defending Pokémon is now Asleep.""}, {""name"": ""Leech Seed"", ""cost"": [""Grass""], ""damage"": ""20"", ""text"": ""If this attack damages the Defending Pokémon (after applying Weakness and Resistance), remove 1 damage counter from Jumpluff, if it has any.""}]",[],"Once it catches the wind, it deftly controls its cotton-puff spores to float, even around the world."
neo1-8,Kingdra,neo1,Pokémon,Stage 2,90,Water,Seadra,Colorless|Colorless,,Rare Holo,"[{""name"": ""Agility"", ""cost"": [""Water"", ""Water"", ""Colorless""], ""damage"": ""30"", ""text"": ""Flip a coin. If heads, during your opponent's next turn, prevent all effects of attacks, including damage, done to Kingdra.""}, {""name"": ""Dragon Tornado"", ""cost"": [""Water"", ""Water"", ""Water"", ""Water""], ""damage"": ""50"", ""text"": ""If this attack doesn't Knock Out the Defending Pokémon, and if there are any Pokémon on your opponent's Bench, choose 1 of them and switch it with the Defending Pokémon.""}]",[],It is said that it usually hides in underwater caves. It can create whirlpools by yawning.
neo1-9,Lugia,neo1,Pokémon,Basic,90,Colorless,,Colorless|Colorless,Psychic,Rare Holo,"[{""name"": ""Elemental Blast"", ""cost"": [""Fire"", ""Water"", ""Lightning""], ""damage"": ""90"", ""text"": ""Discard a Fire Energy card, a Water Energy card, and a Lightning Energy card attached to Lugia in order to use this attack.""}]",[],"It is said that it quietly spends its time deep at the bottom of the sea, because its powers are too strong."
neo1-10,Meganium,neo1,Pokémon,Stage 2,100,Grass,Bayleef,Colorless|Colorless|Colorless,Fire,Rare Holo,"[{""name"": ""Body Slam"", ""cost"": [""Grass"", ""Grass"", ""Colorless"", ""Colorless""], ""damage"": ""40"", ""text"": ""Flip a coin. If heads, the Defending Pokémon is now Paralyzed.""}]","[{""name"": ""Herbal Scent"", ""type"": ""Pokémon Power"", ""text"": ""When you play Meganium from your hand, you may flip a coin. If heads, remove all damage counters from all Grass Pokémon in play.""}]",Meganium's breath has the power to revive dead grass and plants. It can make them healthy again.
neo1-11,Meganium,neo1,Pokémon,Stage 2,100,Grass,Bayleef,Colorless|Colorless|Colorless,Fire,Rare Holo,"[{""name"": ""Soothing Scent"", ""cost"": [""Grass"", ""Grass"", ""Grass"", ""Grass""], ""damage"": ""40"", ""text"": ""The Defending Pokémon is now Asleep.""}]","[{""name"": ""Wild Growth"", ""type"": ""Pokémon Power"", ""text"": ""As long as Meganium is in play each Grass Energy card attached to your Grass Pokémon instead provides GrassGrass. This power stops working while Meganium is Asleep, Confused, or Paralyzed.""}]",The aroma that rises from its petals contains a substance that calms aggressive feelings.
neo1-12,Pichu,neo1,Pokémon,Baby,30,Lightning,,,,Rare Holo,"[{""name"": ""Zzzap"", ""cost"": [""Colorless""], ""damage"": """", ""text"": ""Does 20 damage to each Pokémon in play that has a Pokémon Power. Don't apply Weakness and Resistance.""}]",[],"Despite its small size, it can zap even adult humans. However, if it does so, it also surprises itself."
neo1-13,Skarmory,neo1,Pokémon,Basic,60,Metal,,Colorless|Colorless,Fire,Rare Holo,"[{""name"": ""Claw"", ""cost"": [""Colorless""], ""damage"": ""20"", ""text"": ""Flip a coin. If tails, this attack does nothing.""}, {""name"": ""Steel Wing"", ""cost"": [""Metal"", ""Colorless"", ""Colorless""], ""damage"": ""30"", ""text"": ""Flip a coin. If heads, all damage done by attacks to Skarmory during your opponent's next turn is reduced by 20 (after applying Weakness and Resistance).""}]",[],"Its sturdy wings look heavy, but they are actually hollow and light, allowing it to fly freely in the sky."
neo1-14,Slowking,neo1,Pokémon,Stage 1,80,Psychic,Slowpoke,Colorless|Colorless|Colorless,Psychic,Rare Holo,"[{""name"": ""Mind Blast"", ""cost"": [""Psychic"", ""Psychic"", ""Psychic""], ""damage"": ""20+"", ""text"": ""Flip a coin. If heads, this attack does 20 damage plus 10 more damage and the Defending Pokémon is now Confused. If tails, this attack does 20 damage.""}]","[{""name"": ""Mind Games"", ""type"": ""Pokémon Power"", ""text"": ""Whenever your opponent plays a Trainer card, you may flip a coin. If heads, that card does nothing. Put it on top of your opponent's deck. This power can't be used if Slowking is Asleep, Confused, or Paralyzed.""}]","When its head was bitten, toxins entered Slowpoke's head and unlocked an extraordinary power."
neo1-15,Steelix,neo1,Pokémon,Stage 1,110,Metal,Onix,Colorless|Colorless|Colorless|Colorless,Fire,Rare Holo,"[{""name"": ""Tackle"", ""cost"": [""Colorless"", ""Colorless""], ""damage"": ""20"", ""text"": """"}, {""name"": ""Tail Crush"", ""cost"": [""Metal"", ""Colorless"", ""Colorless""], ""damage"": ""30+"", ""text"": ""Flip a coin. If heads, this attack does 30 damage plus 20 more damage; if tails, this attack does 30 damage.""}]",[],"Its body has been compressed deep under the ground. As a result, it is even harder than a diamond."
neo1-16,Togetic,neo1,Pokémon,Stage 1,60,Colorless,Togepi,,,Rare Holo,"[{""name"": ""Super Metronome"", ""cost"": [""Colorless""], ""damage"": """", ""text"": ""Flip a coin. If heads, choose an attack on 1 of your opponent's Pokémon. Super Metronome copies that attack except for its Energy cost. (You must still do anything else in order to use that attack.) (No matter what type the Defending Pokémon is, Togetic's type is still Colorless.) Togetic performs that attack. (Togetic can make that attack even if it does not have the appropriate number or type of Energy attached to it necessary to make the attack.)""}, {""name"": ""Fly"", ""cost"": [""Colorless"", ""Colorless"", ""Colorless""], ""damage"": ""30"", ""text"": ""Flip a coin. If heads, during your opponent's next turn, prevent all effects of attacks, including damage, done to Togetic; if tails, this attack does nothing (not even damage).""}]",[],"They say that it will appear before kindhearted, caring people and shower them with happiness."
neo1-17,Typhlosion,neo1,Pokémon,Stage 2,100,Fire,Quilava,Colorless|Colorless,Water,Rare Holo,"[{""name"": ""Flame Burst"", ""cost"": [""Fire"", ""Fire"", ""Fire"", ""Fire""], ""damage"": ""60+"", ""text"": ""Flip a coin. If heads, this attack does 60 damage plus 20 more damage and does 20 damage to Typhlosion. If tails, this attack does 60 damage.""}]","[{""name"": ""Fire Recharge"", ""type"": ""Pokémon Power"", ""text"": ""Once during your turn (before your attack), you may flip a coin. If heads, attach a Fire Energy card from your discard pile to 1 of your Fire Pokémon. This power can't be used if Typhlosion is Asleep, Confused, or Paralyzed.""}]","If its rage peaks, it becomes so hot that anything that touches it will instantly go up in flames."
neo1-18,Typhlosion,neo1,Pokémon,Stage 2,100,Fire,Quilava,Colorless|Colorless,Water,Rare Holo,"[{""name"": ""Flame Wheel"", ""cost"": [""Fire"", ""Fire"", ""Fire"", ""Fire""], ""damage"": ""80"", ""text"": ""Discard 3 Fire Energy cards attached to Typhlosion in order to use this attack. Do 20 damage to each Benched Pokémon (yours and your opponent's). (Don't apply Weakness and Resistance for Benched Pokémon.)""}]","[{""name"": ""Fire Boost"", ""type"": ""Pokémon Power"", ""text"": ""When you play Typhlosion from your hand, you may flip a coin. If heads, search your deck for up to 4 Fire Energy cards and attach them to Typhlosion. Shuffle your deck afterward.""}]","It has a secret, devastating move. It rubs its blazing fur together to cause huge explosions."
neo1-19,Metal Energy,neo1,Energy,Special,,,,,,Rare Holo,[],[],
neo1-20,Cleffa,neo1,Pokémon,Baby,30,Colorless,,,,Rare,"[{""name"": ""Eeeeeeek"", ""cost"": [""Colorless""], ""damage"": """", ""text"": ""Shuffle your hand into your deck, then draw 7 cards.""}]",[],"Because of its unusual, star-like silhouette, people believe that it came here on a meteor."
neo1-21,Donphan,neo1,Pokémon,Stage 1,70,Fighting,Phanpy,Colorless|Colorless|Colorless,Grass,Rare,"[{""name"": ""Flail"", ""cost"": [""Fighting""], ""damage"": ""10×"", ""text"": ""Does 10 damage times the number of damage counters on Donphan.""}, {""name"": ""Rapid Spin"", ""cost"": [""Fighting"", ""Fighting"", ""Fighting""], ""damage"": ""50"", ""text"": ""If your opponent has any Benched Pokémon, he or she chooses 1 of them and switches it with his or her Active Pokémon, then, if you have any Benched Pokémon, you switch 1 of them with your Active Pokémon. (Do the damage before switching the Pokémon.)""}]",[],"It has sharp, hard tusks and a rugged hide. Its tackle is strong enough to knock down a house."
neo1-22,Elekid,neo1,Pokémon,Baby,30,Lightning,,,,Rare,[],"[{""name"": ""Playful Punch"", ""type"": ""Pokémon Power"", ""text"": ""Once during your turn (before your attack), you may flip a coin. If heads, do 20 damage to your opponent's Active Pokémon. (Apply Weakness and Resistance.) Either way, this ends your turn. This power can't be used if Elekid is Asleep, Confused, or Paralyzed.""}]","It rotates its arms to generate electricity, but it tires easily, so it charges up only a little bit."
neo1-23,Magby,neo1,Pokémon,Baby,30,Fire,,,,Rare,"[{""name"": ""Sputter"", ""cost"": [""Colorless""], ""damage"": ""10"", ""text"": ""All Pokémon Powers stop working until the end of your next turn.""}]",[],"Each and every time it inhales and exhales, hot embers dribble out of its mouth and nostrils."
neo1-24,Murkrow,neo1,Pokémon,Basic,50,Darkness,,,,Rare,"[{""name"": ""Mean Look"", ""cost"": [""Darkness""], ""damage"": """", ""text"": ""The Defending Pokémon can't retreat as long as Murkrow remains your Active Pokémon. (Benching or evolving either Pokémon ends this effect.)""}, {""name"": ""Feint Attack"", ""cost"": [""Darkness"", ""Colorless""], ""damage"": """", ""text"": ""Choose 1 of your opponent's Pokémon. This attack does 20 damage to that Pokémon. This attack's damage isn't affected by Weakness, Resistance, Pokémon Powers, or any other effects on the Defending Pokémon.""}]",[],"It is said that when chased, it lures its attacker onto dark mountain trails where the foe will get lost."
neo1-25,Sneasel,neo1,Pokémon,Basic,60,Darkness,,,,Rare,"[{""name"": ""Fury Swipes"", ""cost"": [""Colorless""], ""damage"": ""10×"", ""text"": ""Flip 3 coins. This attack does 10 damage times the number of heads.""}, {""name"": ""Beat Up"", ""cost"": [""Darkness"", ""Darkness""], ""damage"": ""20×"", ""text"": ""Flip a coin for each of your Pokémon in play (including this one). This attack does 20 damage times the number of heads.""}]",[],"Its paws conceal sharp claws. If attacked, it suddenly extends the claws and startles its enemy."
neo1-26,Aipom,neo1,Pokémon,Basic,40,Colorless,,,Fighting,Uncommon,"[{""name"": ""Pilfer"", ""cost"": [""Colorless""], ""damage"": """", ""text"": ""Shuffle Aipom and all cards attached to it into your deck. Flip a coin. If heads, shuffle a card from your discard pile into your deck.""}, {""name"": ""Tail Rap"", ""cost"": [""Colorless""], ""damage"": ""10×"", ""text"": ""Flip 2 coins. This attack does 10 damage times the number of heads.""}]",[],Its tail is so powerful that it can use it to grab a tree branch and hold itself up in the air.
neo1-27,Ariados,neo1,Pokémon,Stage 1,60,Grass,Spinarak,Colorless,Fire,Uncommon,"[{""name"": ""Spider Web"", ""cost"": [""Grass""], ""damage"": """", ""text"": ""Flip a coin. If heads, the Defending Pokémon can't retreat. (Benching or evolving that Pokémon ends this effect.)""}, {""name"": ""Poison Bite"", ""cost"": [""Grass"", ""Grass"", ""Grass""], ""damage"": ""20"", ""text"": ""If this attack damages the Defending Pokémon, the Defending Pokémon is now Poisoned and you remove a number of damage counters from Ariados equal to half that damage (rounded up to the nearest 10). If Ariados has fewer damage counters than that, remove all of them.""}]",[],It spins string not only from its rear but also from its mouth. It's hard to tell which end is which.
neo1-28,Bayleef,neo1,Pokémon,Stage 1,70,Grass,Chikorita,Colorless|Colorless,Fire,Uncommon,"[{""name"": ""Poisonpowder"", ""cost"": [""Grass"", ""Colorless""], ""damage"": ""20"", ""text"": ""Flip a coin. If heads, the Defending Pokémon is now Poisoned.""}, {""name"": ""Pollen Shield"", ""cost"": [""Grass"", ""Grass"", ""Colorless""], ""damage"": ""30"", ""text"": ""During your opponent's next turn, Bayleef can't become Asleep, Confused, Paralyzed, or Poisoned. (All other effects of attacks, Pokémon Powers and Trainer cards still happen.)""}]",[],A spicy aroma emanates from around its neck. The aroma acts as a stimulant to restore health.
neo1-29,Bayleef,neo1,Pokémon,Stage 1,80,Grass,Chikorita,Colorless|Colorless,Fire,Uncommon,"[{""name"": ""Sweet Scent"", ""cost"": [""Grass""], ""damage"": """", ""text"": ""Flip a coin. If heads and if any of your Pokémon have any damage counters on them, then remove 2 damage counters from 1 of them (or 1 if it only has 1). If tails and if any of your opponent's Pokémon have any damage counters on them, choose 1 of them and remove 2 damage counters from it (or 1 if it only has 1).""}, {""name"": ""Double Razor Leaf"", ""cost"": [""Grass"", ""Grass"", ""Grass""], ""damage"": ""40×"", ""text"": ""Flip 2 coins. This attack does 40 damage times the number of heads.""}]",[],"The scent of spices comes from around its neck. Somehow, sniffing it makes you want to fight."
neo1-30,Clefairy,neo1,Pokémon,Basic,50,Colorless,,Colorless,Fighting,Uncommon,"[{""name"": ""Doubleslap"", ""cost"": [""Colorless"", ""Colorless""], ""damage"": ""10×"", ""text"": ""Flip 2 coins. This attack does 10 damage times the number of heads.""}, {""name"": ""Squaredance"", ""cost"": [""Colorless"", ""Colorless"", ""Colorless""], ""damage"": """", ""text"": ""Flip a number of coins equal to the total number of Pokémon in play. For each heads, you may search your deck for a basic Energy card, show it to your opponent, and put it into your hand. Shuffle your deck afterward.""}]",[],The moonlight that it stores in the wings on its back apparently gives it the ability to float in midair.
neo1-31,Croconaw,neo1,Pokémon,Stage 1,70,Water,Totodile,Colorless|Colorless,Grass,Uncommon,"[{""name"": ""Screech"", ""cost"": [""Colorless""], ""damage"": """", ""text"": ""Until the end of your next turn, if an attack damages the Defending Pokémon (after applying Weakness and Resistance), that attack does 20 more damage to the Defending Pokémon""}, {""name"": ""Jaw Clamp"", ""cost"": [""Water"", ""Water"", ""Colorless""], ""damage"": ""30"", ""text"": ""Until the end of your opponent's next turn, as long as Croconaw is your Active Pokémon, the Defending Pokémon can't retreat, and if the effect of an attack, Pokémon Power, or Trainer card would change that player's Active Pokémon, that part of the effect does nothing.""}]",[],"If it loses a fang, a new one grows back in its place. There are always 48 fangs lining its mouth."
neo1-32,Croconaw,neo1,Pokémon,Stage 1,80,Water,Totodile,Colorless|Colorless,Grass,Uncommon,"[{""name"": ""Tackle"", ""cost"": [""Colorless"", ""Colorless""], ""damage"": ""20"", ""text"": """"}, {""name"": ""Sweep Away"", ""cost"": [""Water"", ""Water"", ""Colorless""], ""damage"": ""50"", ""text"": ""Discard the top 3 cards from your deck.""}]",[],"It opens its huge jaws wide when attacking. If it loses any fangs while biting, they grow back in."
neo1-33,Electabuzz,neo1,Pokémon,Basic,70,Lightning,,Colorless,Fighting,Uncommon,"[{""name"": ""Punch"", ""cost"": [""Colorless"", ""Colorless""], ""damage"": ""20"", ""text"": """"}, {""name"": ""Swift"", ""cost"": [""Lightning"", ""Lightning"", ""Lightning""], ""damage"": ""30"", ""text"": ""This attack's damage isn't affected by Weakness, Resistance, Pokémon Powers, or any other effects on the Defending Pokémon.""}]",[],"Electricity runs across the surface of its body. In darkness, its entire body glows a whitish-blue."
neo1-34,Flaaffy,neo1,Pokémon,Stage 1,60,Lightning,Mareep,Colorless,Fighting,Uncommon,"[{""name"": ""Discharge"", ""cost"": [""Lightning""], ""damage"": ""30×"", ""text"": ""Discard all Lightning Energy cards attached to Flaaffy in order to use this attack. Flip a number of coins equal to the number of Lightning Energy cards you discarded. This attack does 30 damage times then number of heads.""}, {""name"": ""Electric Current"", ""cost"": [""Lightning"", ""Lightning""], ""damage"": ""20"", ""text"": ""Take 1 Lightning Energy cards attached to Flaaffy and attach it to 1 of your Benched Pokémon. If you have no Benched Pokémon, discard that Energy card.""}]",[],"As a result of storing too much electricity, it developed patches where even downy wool won't grow."
neo1-35,Furret,neo1,Pokémon,Stage 1,60,Colorless,Sentret,Colorless,Fighting,Uncommon,"[{""name"": ""Quick Attack"", ""cost"": [""Colorless"", ""Colorless""], ""damage"": ""20+"", ""text"": ""Flip a coin. If heads, this attack does 20 damage plus 10 more damage; if tails, this attack does 20 damage.""}, {""name"": ""Slam"", ""cost"": [""Colorless"", ""Colorless"", ""Colorless""], ""damage"": ""30×"", ""text"": ""Flip 2 coins. This attack does 30 damage times the number of heads.""}]",[],It makes a nest to suit its long and skinny body. The nest is impossible for other Pokémon to enter.
neo1-36,Gloom,neo1,Pokémon,Stage 1,60,Grass,Oddish,Colorless,Fire,Uncommon,"[{""name"": ""Strange Powder"", ""cost"": [""Grass"", ""Colorless""], ""damage"": ""20"", ""text"": ""Flip a coin. If heads, the Defending Pokémon is now Confused. If tails, the Defending Pokémon is now Asleep.""}, {""name"": ""Sticky Nectar"", ""cost"": [""Grass"", ""Grass"", ""Colorless""], ""damage"": ""20+"", ""text"": ""Flip a coin. If heads, this attack does 20 damage plus 10 more damage and, until the end of your next turn, as long as Gloom is your Active Pokémon, the Defending Pokémon can't retreat, and if the effect of an attack, Pokémon Power, or Trainer card would change that player's Active Pokémon, that part of the effect does nothing. If tails, this attack does 20 damage.""}]",[],What appears to be drool is actually sweet honey. It is very sticky and clings stubbornly if touched.
neo1-37,Granbull,neo1,Pokémon,Stage 1,70,Colorless,Snubbull,Colorless|Colorless,Fighting,Uncommon,"[{""name"": ""Tackle"", ""cost"": [""Colorless"", ""Colorless""], ""damage"": ""20"", ""text"": """"}, {""name"": ""Raging Charge"", ""cost"": [""Colorless"", ""Colorless"", ""Colorless""], ""damage"": ""10+"", ""text"": ""This attack does 10 damage plus 10 more damage for each damage counter on Granbull. Then, Granbull does 20 damage to itself.""}]",[],"It is actually timid and easily spooked. If attacked, it flails about to fend off its attacker."
neo1-38,Lanturn,neo1,Pokémon,Stage 1,70,Lightning,Chinchou,Colorless|Colorless,Fighting,Uncommon,"[{""name"": ""Floodlight"", ""cost"": [""Lightning"", ""Lightning""], ""damage"": ""20"", ""text"": ""Flip a coin. If heads, the Defending Pokémon is now Paralyzed.""}]","[{""name"": ""Hydroelectric Power"", ""type"": ""Pokémon Power"", ""text"": ""You may make Floodlight do 10 more damage for each Water Energy attached to Lanturn, but not used to pay for Floodlight's Energy cost. This power can't be used if Lanturn is Asleep, Confused, or Paralyzed.""}]",The light it emits is so bright that it can illuminate the sea's surface from a depth of over three miles.
neo1-39,Ledian,neo1,Pokémon,Stage 1,60,Grass,Ledyba,,Fire,Uncommon,"[{""name"": ""Baton Pass"", ""cost"": [""Grass"", ""Grass""], ""damage"": ""30"", ""text"": ""If you have any Grass Pokémon on your Bench, remove all Grass Energy cards from Ledian and attach them to 1 of those Pokémon, then switch Ledian with that Pokémon.""}]",[],"When the stars flicker in the night sky, Ledian flutters about, scattering a glowing powder."
neo1-40,Magmar,neo1,Pokémon,Basic,70,Fire,,Colorless|Colorless,Water,Uncommon,"[{""name"": ""Tail Slap"", ""cost"": [""Colorless"", ""Colorless""], ""damage"": ""20"", ""text"": """"}, {""name"": ""Magma Punch"", ""cost"": [""Fire"", ""Fire"", ""Colorless""], ""damage"": ""40"", ""text"": """"}]",[],"It dislikes cold places, so it blows scorching flames to make the environment suitable for itself."
neo1-41,Miltank,neo1,Pokémon,Basic,70,Colorless,,Colorless|Colorless,Fighting,Uncommon,"[{""name"": ""Milk Drink"", ""cost"": [""Colorless""], ""damage"": """", ""text"": ""Flip 2 coins. Remove 2 damage counters times the number of heads from Miltank. If it has fewer damage counters than that, remove all of them.""}, {""name"": ""Body Slam"", ""cost"": [""Colorless"", ""Colorless"", ""Colorless""], ""damage"": ""20"", ""text"": ""Flip a coin. If heads, the Defending Pokémon is now Paralyzed.""}]",[],"Its milk is packed with nutrition, making it the ultimate beverage for the sick or weary."
neo1-42,Noctowl,neo1,Pokémon,Stage 1,60,Colorless,Hoothoot,,Lightning,Uncommon,"[{""name"": ""Wing Attack"", ""cost"": [""Colorless"", ""Colorless"", ""Colorless""], ""damage"": ""30"", ""text"": """"}]","[{""name"": ""Glaring Gaze"", ""type"": ""Pokémon Power"", ""text"": ""Once during your turn (before your attack), you may flip a coin. If heads, look at your opponent's hand. If your opponent has any Trainer cards there, choose 1 of them. Your opponent shuffles that card into his or her deck. This power can't be used if Noctowl is Asleep, Confused, or Paralyzed.""}]",Its eyes are specially adapted. They concentrate even faint light and enable it to see in the dark.
neo1-43,Phanpy,neo1,Pokémon,Basic,40,Fighting,,Colorless,Grass,Uncommon,"[{""name"": ""Tackle"", ""cost"": [""Colorless""], ""damage"": ""10"", ""text"": """"}, {""name"": ""Endure"", ""cost"": [""Fighting""], ""damage"": """", ""text"": ""Flip a coin. If heads, then if, during your opponent's next turn, Phanpy would be Knocked Out by an attack, Phanpy isn't Knocked Out and its remaining HP become 10 instead.""}]",[],"It swings its long snout around playfully, but, because it is so strong, that can be dangerous."
neo1-44,Piloswine,neo1,Pokémon,Stage 1,80,Water,Swinub,Colorless|Colorless|Colorless,Grass,Uncommon,"[{""name"": ""Freeze"", ""cost"": [""Water"", ""Water""], ""damage"": ""10"", ""text"": ""Flip a coin. If heads, the Defending Pokémon can't attack. (Benching or evolving the Defending Pokémon ends this effect.)""}, {""name"": ""Blizzard"", ""cost"": [""Water"", ""Water"", ""Water""], ""damage"": ""30"", ""text"": ""Flip a coin. If heads, this attack does 10 damage to each of your opponent's Benched Pokémon; if tails, this attack does 10 damage to each of your own Benched Pokémon. (Don't apply Weakness and Resistance for Benched Pokémon.)""}]",[],"Because the long hair all over its body obscures its sight, it just keeps charging repeatedly."
neo1-45,Quagsire,neo1,Pokémon,Stage 1,70,Water,Wooper,Colorless|Colorless,Grass,Uncommon,"[{""name"": ""Surf"", ""cost"": [""Water"", ""Water""], ""damage"": ""30"", ""text"": """"}, {""name"": ""Earthquake"", ""cost"": [""Fighting"", ""Fighting"", ""Colorless"", ""Colorless""], ""damage"": ""60"", ""text"": ""Does 10 damage to each of your own Benched Pokémon. (Don't apply Weakness and Resistance for Benched Pokémon.)""}]",[],"Due to its relaxed and carefree attitude, it often bumps its head on boulders and boat hulls as it swims."
neo1-46,Quilava,neo1,Pokémon,Stage 1,60,Fire,Cyndaquil,Colorless,Water,Uncommon,"[{""name"": ""Ember"", ""cost"": [""Fire"", ""Colorless""], ""damage"": ""30"", ""text"": ""Discard 1 Fire Energy card attached to Quilava in order to use this attack.""}, {""name"": ""Fire Wind"", ""cost"": [""Fire"", ""Fire""], ""damage"": ""20"", ""text"": ""If your opponent has any Benched Pokémon, choose 1 of them. Flip 2 coins. For each heads, this attack does 10 damage to that Pokémon. (Don't apply Weakness and Resistance.)""}]",[],This Pokémon is fully covered by nonflammable fur. It can withstand any kind of fire attack.
neo1-47,Quilava,neo1,Pokémon,Stage 1,70,Fire,Cyndaquil,Colorless,Water,Uncommon,"[{""name"": ""Smokescreen"", ""cost"": [""Fire"", ""Fire""], ""damage"": ""20"", ""text"": ""If the Defending Pokémon tries to attack during your opponent's next turn, your opponent flips a coin. If tails, that attack does nothing.""}, {""name"": ""Char"", ""cost"": [""Fire"", ""Fire"", ""Fire""], ""damage"": ""30"", ""text"": ""If the Defending Pokémon doesn't have a Char counter on it, flip a coin. If heads, put a Char counter on it. A Char counter requires your opponent to flip a coin after every turn. If tails, put 2 damage counters on the Pokémon with that Char counter. (Char counters stay on the Pokémon as long as it's in play.)""}]",[],Be careful if it turns its back during battle. It means that it will attack with the fire on its back.
neo1-48,Seadra,neo1,Pokémon,Stage 1,70,Water,Horsea,Colorless,Lightning,Uncommon,"[{""name"": ""Bubble"", ""cost"": [""Water""], ""damage"": ""10"", ""text"": ""Flip a coin. If heads, the Defending Pokémon is now Paralyzed.""}, {""name"": ""Mud Splash"", ""cost"": [""Water"", ""Water""], ""damage"": ""30"", ""text"": ""If your opponent has any Benched Pokémon, choose 1 of them and flip a coin. If heads, this attack does 10 damage to that Pokémon. (Don't apply Weakness and Resistance for Benched Pokémon.)""}]",[],An examination of its cells revealed the presence of a gene not found in Horsea. It became a hot topic.
neo1-49,Skiploom,neo1,Pokémon,Stage 1,60,Grass,Hoppip,,Fire,Uncommon,"[{""name"": ""Poisonpowder"", ""cost"": [""Grass""], ""damage"": ""10"", ""text"": ""The Defending Pokémon is now Poisoned.""}, {""name"": ""Stun Spore"", ""cost"": [""Grass""], ""damage"": ""10"", ""text"": ""Flip a coin. If heads, the Defending Pokémon is now Paralyzed.""}]",[],The bloom on top of its head opens and closes as the temperature fluctuates up and down.
neo1-50,Sunflora,neo1,Pokémon,Stage 1,70,Grass,Sunkern,Colorless,Fire,Uncommon,"[{""name"": ""Petal Dance"", ""cost"": [""Grass"", ""Grass"", ""Grass""], ""damage"": ""30×"", ""text"": ""Flip 3 coins. This attack does 30 damage times the number of heads. Sunflora is now Confused (after doing damage).""}]",[],"It converts sunlight into energy. In the darkness after sunset, it closes its petals and becomes still."
neo1-51,Togepi,neo1,Pokémon,Basic,40,Colorless,,Colorless,,Uncommon,"[{""name"": ""Poison Barb"", ""cost"": [""Colorless"", ""Colorless""], ""damage"": ""10"", ""text"": ""The Defending Pokémon is now Poisoned.""}]",[],A proverb claims that happiness will come to anyone who can make a sleeping Togepi stand up.
neo1-52,Xatu,neo1,Pokémon,Stage 1,80,Psychic,Natu,Colorless,Psychic,Uncommon,"[{""name"": ""Prophecy"", ""cost"": [""Psychic""], ""damage"": """", ""text"": ""Look at the top 3 cards of either player's deck and rearrange them as you like.""}, {""name"": ""Confuse Ray"", ""cost"": [""Psychic"", ""Psychic"", ""Psychic""], ""damage"": ""30"", ""text"": ""Flip a coin. If heads, the Defending Pokémon is now Confused.""}]",[],They say that it stays still and quiet because it is seeing both the past and future at the same time.
neo1-53,Chikorita,neo1,Pokémon,Basic,40,Grass,,Colorless,Fire,Common,"[{""name"": ""Tackle"", ""cost"": [""Colorless""], ""damage"": ""10"", ""text"": """"}, {""name"": ""Deflector"", ""cost"": [""Grass""], ""damage"": """", ""text"": ""During your opponent's next turn, whenever Chikorita takes damage, divide that damage in half (rounded down to the nearest 10). (Any other effects still happen.)""}]",[],A sweet aroma gently wafts from the leaf on its head. It is docile and loves to soak up the sun's rays.
neo1-54,Chikorita,neo1,Pokémon,Basic,50,Grass,,Colorless,Fire,Common,"[{""name"": ""Growl"", ""cost"": [""Colorless""], ""damage"": """", ""text"": ""If the Defending Pokémon attacks Chikorita during your opponent's next turn, any damage done to Chikorita is reduced by 10 (before applying Weakness and Resistance). (Benching or evolving either Pokémon ends this effect.)""}, {""name"": ""Razor Leaf"", ""cost"": [""Grass"", ""Colorless""], ""damage"": ""20"", ""text"": """"}]",[],Its pleasantly aromatic leaf has the ability to check the humidity and temperature.
neo1-55,Chinchou,neo1,Pokémon,Basic,50,Lightning,,Colorless,Fighting,Common,"[{""name"": ""Supersonic"", ""cost"": [""Lightning""], ""damage"": """", ""text"": ""Flip a coin. If heads, the Defending Pokémon is now Confused.""}, {""name"": ""Flail"", ""cost"": [""Water""], ""damage"": ""10×"", ""text"": ""Does 10 damage times the number of damage counters on Chinchou.""}]",[],It shoots positive and negative electricity between the tips of its two antennae and zaps its enemies.
neo1-56,Cyndaquil,neo1,Pokémon,Basic,40,Fire,,Colorless,Water,Common,"[{""name"": ""Leer"", ""cost"": [""Colorless""], ""damage"": """", ""text"": ""Flip a coin. If heads, the Defending Pokémon can't attack Cyndaquil during your opponent's next turn. (Benching or evolving either Pokémon ends this effect.)""}, {""name"": ""Swift"", ""cost"": [""Fire"", ""Colorless""], ""damage"": ""20"", ""text"": ""This attack's damage isn't affected by Weakness, Resistance, Pokémon Powers, or any other effects on the Defending Pokémon.""}]",[],"It usually stays hunched over. If it is angry or surprised, it shoots flames out of its back."
neo1-57,Cyndaquil,neo1,Pokémon,Basic,50,Fire,,Colorless,Water,Common,"[{""name"": ""Fireworks"", ""cost"": [""Fire""], ""damage"": ""20"", ""text"": ""Flip a coin. If tails, discard 1 Energy card attached to Cyndaquil.""}, {""name"": ""Quick Attack"", ""cost"": [""Colorless"", ""Colorless""], ""damage"": ""10+"", ""text"": ""Flip a coin. If heads, this attack does 10 damage plus 20 more damage; if tails, this attack does 10 damage.""}]",[],"It is timid and always curls itself up in a ball. If attacked, it flares up its back for protection."
neo1-58,Girafarig,neo1,Pokémon,Basic,60,Psychic,,Colorless,,Common,"[{""name"": ""Agility"", ""cost"": [""Colorless"", ""Colorless""], ""damage"": ""10"", ""text"": ""Flip a coin. If heads, during your opponent's next turn, prevent all effects of attacks, including damage, done to Girafarig.""}, {""name"": ""Psybeam"", ""cost"": [""Psychic"", ""Psychic""], ""damage"": ""20"", ""text"": ""Flip a coin. If heads, the Defending Pokémon is now Confused.""}]",[],"Its tail has a small brain of its own. Beware! If you get close, it may react to your scent and bite."
neo1-59,Gligar,neo1,Pokémon,Basic,60,Fighting,,,Grass,Common,"[{""name"": ""Poison Sting"", ""cost"": [""Fighting""], ""damage"": ""10"", ""text"": ""Flip a coin. If heads, the Defending Pokémon is now Poisoned.""}, {""name"": ""Slash"", ""cost"": [""Colorless"", ""Colorless""], ""damage"": ""20"", ""text"": """"}]",[],"It flies straight at its target's face, then clamps down on the startled victim to inject poison."
neo1-60,Hoothoot,neo1,Pokémon,Basic,50,Colorless,,Colorless,Lightning,Common,"[{""name"": ""Hypnosis"", ""cost"": [""Colorless""], ""damage"": """", ""text"": ""The Defending Pokémon is now Asleep.""}, {""name"": ""Peck"", ""cost"": [""Colorless"", ""Colorless""], ""damage"": ""20"", ""text"": """"}]",[],It always stands on one foot. It changes feet so fast that the movement can rarely be seen.
neo1-61,Hoppip,neo1,Pokémon,Basic,50,Grass,,,Fire,Common,"[{""name"": ""Hop"", ""cost"": [""Colorless""], ""damage"": ""10"", ""text"": """"}, {""name"": ""Sprout"", ""cost"": [""Grass""], ""damage"": """", ""text"": ""Search your deck for a Basic Pokémon named Hoppip and put it onto your Bench. Shuffle your deck afterward. (You can't use this attack if your Bench is full.)""}]",[],"To keep from being blown away by the wind, they gather in clusters. They do enjoy gentle breezes, though."
neo1-62,Horsea,neo1,Pokémon,Basic,50,Water,,,Lightning,Common,"[{""name"": ""Fin Slap"", ""cost"": [""Water"", ""Water""], ""damage"": ""20+"", ""text"": ""If an attack damaged Horsea during your opponent's last turn, this attack does 20 damage plus 10 more damage. If not, this attack does 20 damage.""}]",[],"If attacked by a larger enemy, it quickly swims to safety by adeptly controlling its dorsal fin."
neo1-63,Ledyba,neo1,Pokémon,Basic,40,Grass,,,Fire,Common,"[{""name"": ""Supersonic"", ""cost"": [""Grass""], ""damage"": """", ""text"": ""Flip a coin. If heads, the Defending Pokémon is now Confused.""}, {""name"": ""Comet Punch"", ""cost"": [""Grass"", ""Grass""], ""damage"": """", ""text"": ""Flip 4 coins. This attack does 10 damage times the number of heads.""}]",[],"It is very timid. It's afraid to move if alone, but it's active if in a group."
neo1-64,Mantine,neo1,Pokémon,Basic,60,Water,,Colorless,Lightning,Common,"[{""name"": ""Undulate"", ""cost"": [""Water"", ""Water""], ""damage"": ""20"", ""text"": ""Flip a coin. If heads, during your opponent's next turn, prevent all effects of attacks, including damage, done to Mantine.""}]",[],"Swimming freely in open seas, it may fly out of the water and over the waves if it builds up enough speed."
neo1-65,Mareep,neo1,Pokémon,Basic,40,Lightning,,Colorless,Fighting,Common,"[{""name"": ""Static Electricity"", ""cost"": [""Lightning""], ""damage"": """", ""text"": ""For each Mareep in play, you may search your deck for a Lightning Energy card and attach it to Mareep. Shuffle your deck afterward.""}, {""name"": ""Thundershock"", ""cost"": [""Lightning"", ""Lightning""], ""damage"": ""20"", ""text"": ""Flip a coin. If heads, the Defending Pokémon is now Paralyzed.""}]",[],"If static electricity builds in its body, its fleece doubles in volume. Touching it will shock you."
neo1-66,Marill,neo1,Pokémon,Basic,40,Water,,Colorless,Lightning,Common,"[{""name"": ""Defense Curl"", ""cost"": [""Colorless""], ""damage"": """", ""text"": ""Flip a coin. If heads, prevent all damage done to Marill during your opponent's next turn. (Any other effects of attacks still happen.)""}, {""name"": ""Bubble Bomb"", ""cost"": [""Water"", ""Water""], ""damage"": ""30"", ""text"": ""Flip a coin. If heads, the Defending Pokémon is now Paralyzed. If tails, Marill does 10 damage to itself.""}]",[],"The end of its tail serves as a buoy that keeps it from drowning, even in a vicious current."
neo1-67,Natu,neo1,Pokémon,Basic,30,Psychic,,,Psychic,Common,"[{""name"": ""Peck"", ""cost"": [""Colorless""], ""damage"": ""10"", ""text"": """"}, {""name"": ""Telekinesis"", ""cost"": [""Psychic"", ""Psychic""], ""damage"": """", ""text"": ""Choose 1 of your opponent's Pokémon. This attack does 20 damage to that Pokémon. Don't apply Weakness and Resistance for this attack. (Any other effects that would happen after applying Weakness and Resistance still happen.)""}]",[],"Because its wings aren't yet fully grown, it has to hop to get around. It is always staring at something."
neo1-68,Oddish,neo1,Pokémon,Basic,40,Grass,,Colorless,Fire,Common,"[{""name"": ""Hide"", ""cost"": [""Colorless""], ""damage"": """", ""text"": ""Flip a coin. If heads, during your opponent's next turn, prevent all effects of attacks, including damage, done to Oddish.""}, {""name"": ""Absorb"", ""cost"": [""Grass"", ""Grass""], ""damage"": ""20"", ""text"": ""Remove a number of damage counters from Oddish equal to half the damage done to the Defending Pokémon (after applying Weakness and Resistance) (rounded up to the nearest 10). If Oddish has fewer damage counters than that, remove all of them.""}]",[],"Awakened by moonlight, it roams actively at night. In the day it stays quietly underground."
neo1-69,Onix,neo1,Pokémon,Basic,60,Fighting,,Colorless|Colorless,Grass,Common,"[{""name"": ""Screech"", ""cost"": [""Colorless""], ""damage"": """", ""text"": ""Until the end of your next turn, if an attack damages the Defending Pokémon (after applying Weakness and Resistance), that attack does 20 more damage to the Defending Pokémon.""}, {""name"": ""Rage"", ""cost"": [""Fighting"", ""Fighting""], ""damage"": ""10+"", ""text"": ""Does 10 damage plus 10 more damage for each damage counter on Onix.""}]",[],It twists and squirms through the ground. The thunderous roar of its tunneling echoes a long way.
neo1-70,Pikachu,neo1,Pokémon,Basic,50,Lightning,,Colorless,Fighting,Common,"[{""name"": ""Quick Attack"", ""cost"": [""Colorless""], ""damage"": ""10+"", ""text"": ""Flip a coin. If heads, this attack does 10 damage plus 20 more damage; if tails, this attack does 10 damage.""}, {""name"": ""Agility"", ""cost"": [""Lightning"", ""Lightning"", ""Colorless""], ""damage"": ""20"", ""text"": ""Flip a coin. If heads, during your opponent's next turn, prevent all effects of attacks, including damage, done to Pikachu.""}]",[],It raises its tail to check its surroundings. The tail is sometimes struck by lightning in this pose.
neo1-71,Sentret,neo1,Pokémon,Basic,40,Colorless,,Colorless,Fighting,Common,"[{""name"": ""Fury Swipes"", ""cost"": [""Colorless""], ""damage"": ""10×"", ""text"": ""Flip 3 coins. This attack does 10 damage times the number of heads.""}]",[],"A very cautious Pokémon, it raises itself up using its tail to get a better view of its surroundings."
neo1-72,Shuckle,neo1,Pokémon,Basic,50,Grass,,Colorless,Fire,Common,"[{""name"": ""Withdraw"", ""cost"": [""Grass""], ""damage"": """", ""text"": ""Flip a coin. If heads, prevent all damage done to Shuckle during your opponent's next turn. (Any other effects of attacks still happen.)""}, {""name"": ""Wrap"", ""cost"": [""Grass"", ""Grass""], ""damage"": ""20"", ""text"": ""Flip a coin. If heads, the Defending Pokémon is now Paralyzed.""}]",[],The Berries it stores in its vaselike shell decompose and become a gooey liquid.
neo1-73,Slowpoke,neo1,Pokémon,Basic,50,Psychic,,Colorless,Psychic,Common,"[{""name"": ""Psyshock"", ""cost"": [""Psychic""], ""damage"": ""10"", ""text"": ""Flip a coin. If heads, the Defending Pokémon is now Paralyzed.""}, {""name"": ""Water Gun"", ""cost"": [""Water""], ""damage"": ""10+"", ""text"": ""Does 10 damage plus 10 more damage for each Water Energy attached to Slowpoke but not used to pay for this attack's Energy cost. You can't add more than 20 damage in this way.""}]",[],"It lazes vacantly near water. If something bites its tail, it won't even notice for a whole day."
neo1-74,Snubbull,neo1,Pokémon,Basic,50,Colorless,,Colorless,Fighting,Common,"[{""name"": ""Roar"", ""cost"": [""Colorless""], ""damage"": """", ""text"": ""Flip a coin. If heads and if your opponent has any Benched Pokémon, he of she chooses 1 of them and switches it with the Defending Pokémon. (Do the damage before switching the Pokémon.)""}, {""name"": ""Lick"", ""cost"": [""Colorless"", ""Colorless""], ""damage"": ""10"", ""text"": ""Flip a coin. If heads, the Defending Pokémon is now Paralyzed.""}]",[],"Although it looks frightening, it is actually kind and affectionate. It is very popular."
neo1-75,Spinarak,neo1,Pokémon,Basic,40,Grass,,Colorless,Fire,Common,"[{""name"": ""Scary Face"", ""cost"": [""Colorless""], ""damage"": """", ""text"": ""Flip a coin. If heads, until the end of your opponent's next turn, the Defending Pokémon can't attack or retreat.""}, {""name"": ""String Shot"", ""cost"": [""Grass""], ""damage"": ""10"", ""text"": ""Flip a coin. If heads, the Defending Pokémon is now Paralyzed.""}]",[],"It lies still in the same pose for days in its web, waiting for its unsuspecting prey to wander close."
neo1-76,Stantler,neo1,Pokémon,Basic,60,Colorless,,Colorless|Colorless,Fighting,Common,"[{""name"": ""Stomp"", ""cost"": [""Colorless"", ""Colorless""], ""damage"": ""20+"", ""text"": ""Flip a coin. If heads, this attack does 20 damage plus 10 more damage; if tails, this attack does 20 damage.""}, {""name"": ""Mystifying Horns"", ""cost"": [""Colorless"", ""Colorless"", ""Colorless""], ""damage"": ""20"", ""text"": ""Flip a coin. If heads, the Defending Pokémon is now Confused.""}]",[],The curved antlers subtly change the flow of air to create a strange space where reality is distorted.
neo1-77,Sudowoodo,neo1,Pokémon,Basic,60,Fighting,,Colorless|Colorless|Colorless,Water,Common,"[{""name"": ""Flail"", ""cost"": [""Fighting""], ""damage"": ""10×"", ""text"": ""Does 10 damage times the number of damage counters on Sudowoodo.""}, {""name"": ""Rock Throw"", ""cost"": [""Fighting"", ""Colorless""], ""damage"": ""30"", ""text"": """"}]",[],"Although it always pretends to be a tree, its composition appears to be closer to a rock than a plant."
neo1-78,Sunkern,neo1,Pokémon,Basic,40,Grass,,Colorless|Colorless,Fire,Common,"[{""name"": ""Growth"", ""cost"": [""Grass""], ""damage"": """", ""text"": ""Flip a coin. If heads, you may attach up to 2 Grass Energy cards from your hand to Sunkern.""}, {""name"": ""Mega Drain"", ""cost"": [""Grass"", ""Grass"", ""Grass""], ""damage"": ""30"", ""text"": ""Remove a number of damage counters from Sunkern equal to half the damage done to the Defending Pokémon (after applying Weakness and Resistance) (rounded up to the nearest 10). If Sunkern has fewer damage counters than that, remove all of them.""}]",[],"It may drop out of the sky suddenly. If attacked by a Spearow, it violently shakes its leaves."
neo1-79,Swinub,neo1,Pokémon,Basic,40,Water,,Colorless,Grass,Common,"[{""name"": ""Powder Snow"", ""cost"": [""Water""], ""damage"": ""10"", ""text"": ""The Defending Pokémon is now Asleep.""}]",[],It rubs its snout on the ground to find and dig up food. It sometimes discovers hot springs.
neo1-80,Totodile,neo1,Pokémon,Basic,40,Water,,Colorless,Grass,Common,"[{""name"": ""Bite"", ""cost"": [""Colorless""], ""damage"": ""10"", ""text"": """"}, {""name"": ""Rage"", ""cost"": [""Water"", ""Colorless""], ""damage"": ""10+"", ""text"": ""Does 10 damage plus 10 more damage for each damage counter on Totodile.""}]",[],It is small but rough and tough. It won't hesitate to take a bite out of anything that moves.
neo1-81,Totodile,neo1,Pokémon,Basic,50,Water,,Colorless,Grass,Common,"[{""name"": ""Leer"", ""cost"": [""Colorless""], ""damage"": """", ""text"": ""Flip a coin. If heads, the Defending Pokémon can't attack Totodile during your opponent's next turn. (Benching or evolving either Pokémon ends this effect.)""}, {""name"": ""Fury Swipes"", ""cost"": [""Water""], ""damage"": ""10×"", ""text"": ""Flip 3 coins. This attack does 10 damage times the number of heads.""}]",[],Its well-developed jaws are powerful and capable of crushing anything. Even its trainer must be careful.
neo1-82,Wooper,neo1,Pokémon,Basic,50,Water,,Colorless,Grass,Common,"[{""name"": ""Amnesia"", ""cost"": [""Water""], ""damage"": """", ""text"": ""Choose 1 of the Defending Pokémon's attacks. That Pokémon can't use that attack during your opponent's next turn.""}, {""name"": ""Slam"", ""cost"": [""Colorless"", ""Colorless""], ""damage"": ""20×"", ""text"": ""Flip 2 coins. This attack does 20 damage times the number of heads.""}]",[],This Pokémon lives in cold water. It leaves the water to search for food when it gets cold outside.
neo1-83,Arcade Game,neo1,Trainer,Goldenrod Game Corner,,,,,,Rare,[],[],
neo1-84,Ecogym,neo1,Trainer,Stadium,,,,,,Rare,[],[],
neo1-85,Energy Charge,neo1,Trainer,,,,,,,Rare,[],[],
neo1-86,Focus Band,neo1,Trainer,Pokémon Tool,,,,,,Rare,[],[],
neo1-87,Mary,neo1,Trainer,,,,,,,Rare,[],[],
neo1-88,PokéGear,neo1,Trainer,,,,,,,Rare,[],[],
neo1-89,Super Energy Retrieval,neo1,Trainer,,,,,,,Rare,[],[],
neo1-90,Time Capsule,neo1,Trainer,,,,,,,Rare,[],[],
neo1-91,Bill's Teleporter,neo1,Trainer,,,,,,,Uncommon,[],[],
neo1-92,Card-Flip Game,neo1,Trainer,Goldenrod Game Corner,,,,,,Uncommon,[],[],
neo1-93,Gold Berry,neo1,Trainer,Pokémon Tool,,,,,,Uncommon,[],[],
neo1-94,Miracle Berry,neo1,Trainer,Pokémon Tool,,,,,,Uncommon,[],[],
neo1-95,New Pokédex,neo1,Trainer,,,,,,,Uncommon,[],[],
neo1-96,Professor Elm,neo1,Trainer,,,,,,,Uncommon,[],[],
neo1-97,Sprout Tower,neo1,Trainer,Stadium,,,,,,Uncommon,[],[],
neo1-98,Super Scoop Up,neo1,Trainer,,,,,,,Uncommon,[],[],
neo1-99,Berry,neo1,Trainer,Pokémon Tool,,,,,,Common,[],[],
neo1-100,Double Gust,neo1,Trainer,,,,,,,Common,[],[],
neo1-101,Moo-Moo Milk,neo1,Trainer,,,,,,,Common,[],[],
neo1-102,Pokémon March,neo1,Trainer,,,,,,,Common,[],[],
neo1-103,Super Rod,neo1,Trainer,,,,,,,Common,[],[],
neo1-104,Darkness Energy,neo1,Energy,Special,,,,,,Rare,[],[],
neo1-105,Recycle Energy,neo1,Energy,Special,,,,,,Rare,[],[],
neo1-106,Fighting Energy,neo1,Energy,Basic,,,,,,,[],[],
neo1-107,Fire Energy,neo1,Energy,Basic,,,,,,,[],[],
neo1-108,Grass Energy,neo1,Energy,Basic,,,,,,,[],[],
neo1-109,Lightning Energy,neo1,Energy,Basic,,,,,,,[],[],
neo1-110,Psychic Energy,neo1,Energy,Basic,,,,,,,[],[],
neo1-111,Water Energy,neo1,Energy,Basic,,,,,,,[],[],
