card_id,name,set_code,supertype,subtypes,types,rarity,hp,retreat_count,is_basic,is_stage1,is_stage2,flavor_text,num_attacks,max_damage,min_cost,max_cost,avg_dpe,has_ability,num_abilities,txt_draw,txt_search,txt_heal,txt_status,txt_accel,txt_discard,txt_coin,txt_counter,txt_switch,txt_prevent,attack_text
base1-1,Alakazam,base1,Pokémon,Stage 2,Psychic,Rare Holo,80.0,3,0,0,1,Its brain can outperform a supercomputer. Its intelligence quotient is said to be 5000.,1,30,3,3,10.0,1,1,0,0,0,1,0,0,1,1,0,0,"Flip a coin. If heads, the Defending Pokémon is now Confused. As often as you like during your turn (before your attack), you may move 1 damage counter from 1 of your Pokémon to another as long as you don't Knock Out that Pokémon. This power can't be used if Alakazam is Asleep, Confused, or Paralyzed. Damage Swap"
base1-2,Blastoise,base1,Pokémon,Stage 2,Water,Rare Holo,100.0,3,0,0,1,A brutal Pokémon with pressurized water jets on its shell. They are used for high-speed tackles.,1,40,3,3,13.333333333333334,1,1,0,0,0,1,1,0,0,0,0,0,"Does 40 damage plus 10 more damage for each Water Energy attached to Blastoise but not used to pay for this attack's Energy cost. Extra Water Energy after the 2nd doesn't count. As often as you like during your turn (before your attack), you may attach 1 Water Energy card to 1 of your Water Pokémon. (This doesn't use up your 1 Energy card attachment for the turn.) This power can't be used if Blastoise is Asleep, Confused, or Paralyzed. Rain Dance"
base1-3,Chansey,base1,Pokémon,Basic,Colorless,Rare Holo,120.0,1,1,0,0,A rare and elusive Pokémon that is said to bring happiness to those who manage to catch it.,2,80,2,4,10.0,0,0,0,0,0,0,0,0,1,0,0,1,"Flip a coin. If heads, prevent all damage done to Chansey during your opponent's next turn. (Any other effects of attacks still happen.) Chansey does 80 damage to itself. "
base1-4,Charizard,base1,Pokémon,Stage 2,Fire,Rare Holo,120.0,3,0,0,1,Spits fire that is hot enough to melt boulders. Known to unintentionally cause forest fires.,1,100,4,4,25.0,1,1,0,0,0,1,0,1,0,0,0,0,"Discard 2 Energy cards attached to Charizard in order to use this attack. As often as you like during your turn (before your attack), you may turn all Energy attached to Charizard into Fire Energy for the rest of the turn. This power can't be used if Charizard is Asleep, Confused, or Paralyzed. Energy Burn"
base1-5,Clefairy,base1,Pokémon,Basic,Colorless,Rare Holo,40.0,1,1,0,0,Its magical and cute appeal has many admirers. It is rare and found only in certain areas.,2,0,1,3,0.0,0,0,0,0,0,1,0,1,1,0,0,0,"Flip a coin. If heads, the Defending Pokémon is now Asleep. Choose 1 of the Defending Pokémon's attacks. Metronome copies that attack except for its Energy costs and anything else required in order to use that attack, such as discarding Energy cards. (No matter what type the Defending Pokémon is, Clefairy's type is still Colorless.) "
base1-6,Gyarados,base1,Pokémon,Stage 1,Water,Rare Holo,100.0,3,0,1,0,"Rarely seen in the wild. Huge and vicious, it is capable of destroying entire cities in a rage.",2,50,3,4,13.333333333333334,0,0,0,0,0,1,0,0,1,0,0,0," Flip a coin. If heads, the Defending Pokémon is now Paralyzed. "
base1-7,Hitmonchan,base1,Pokémon,Basic,Fighting,Rare Holo,70.0,2,1,0,0,"While seeming to do nothing, it fires punches in lightning-fast volleys that are impossible to see.",2,40,1,3,16.666666666666668,0,0,0,0,0,0,0,0,0,0,0,0,  
base1-8,Machamp,base1,Pokémon,Stage 2,Fighting,Rare Holo,100.0,3,0,0,1,"Using its amazing muscles, it throws powerful punches that can knock its victim clear over the horizon.",1,60,4,4,15.0,1,1,0,0,0,1,0,0,0,0,0,0," Whenever your opponent's attack damages Machamp (even if Machamp is Knocked Out), this power does 10 damage to the attacking Pokémon. (Don't apply Weakness and Resistance.) This power can't be used if Machamp is Asleep, Confused, or Paralyzed when your opponent attacks. Strikes Back"
base1-9,Magneton,base1,Pokémon,Stage 1,Lightning,Rare Holo,60.0,1,0,1,0,Formed by several Magnemites linked together. It frequently appears when sunspots flare up.,2,80,3,4,15.0,0,0,0,0,0,1,0,0,1,0,0,0,"Flip a coin. If heads, the Defending Pokémon is now Paralyzed. Does 20 damage to each Pokémon on each player's Bench. (Don't apply Weakness and Resistance for Benched Pokémon.) Magneton does 80 damage to itself. "
base1-10,Mewtwo,base1,Pokémon,Basic,Psychic,Rare Holo,60.0,3,1,0,0,A scientist created this Pokémon after years of horrific gene-splicing and DNA engineering experiments.,2,10,2,2,2.5,0,0,0,0,0,0,0,1,0,0,0,1,"Does 10 damage plus 10 more damage for each Energy card attached to the Defending Pokémon. Discard 1 Psychic Energy card attached to Mewtwo in order to prevent all effects of attacks, including damage, done to Mewtwo during your opponent's next turn. "
base1-11,Nidoking,base1,Pokémon,Stage 2,Grass,Rare Holo,90.0,3,0,0,1,"Uses its powerful tail in battle to smash, constrict, then break its prey's bones.",2,30,3,3,8.333333333333334,0,0,0,0,0,1,0,0,1,0,0,0,"Flip a coin. If heads, this attack does 30 damage plus 10 more damage; if tails, this attack does 30 damage and Nidoking does 10 damage to itself. The Defending Pokémon is now Poisoned. It now takes 20 Poison damage instead of 10 after each player's turn (even if it was already Poisoned). "
base1-12,Ninetales,base1,Pokémon,Stage 1,Fire,Rare Holo,80.0,1,0,1,0,"Very smart and very vengeful. Grabbing one of its many tails could result in a 1,000-year curse.",2,80,2,4,10.0,0,0,0,0,0,0,0,1,0,0,1,0,"If your opponent has any Benched Pokémon, choose 1 of them and switch it with his or her Active Pokémon. Discard 1 Fire Energy card attached to Ninetales in order to use this attack. "
base1-13,Poliwrath,base1,Pokémon,Stage 2,Water,Rare Holo,90.0,3,0,0,1,An adept swimmer at both the front crawl and breaststroke. Easily overtakes the best human swimmers.,2,40,3,4,10.0,0,0,0,0,0,0,0,1,0,0,0,0,"Does 30 damage plus 10 more damage for each Water Energy attached to Poliwrath but not used to pay for this attack's Energy cost. Extra Water Energy after the 2nd doesn't count. If the Defending Pokémon has any Energy cards attached to it, choose 1 of them and discard it. "
base1-14,Raichu,base1,Pokémon,Stage 1,Lightning,Rare Holo,80.0,1,0,1,0,Its long tail serves as a ground to protect itself from its own high-voltage power.,2,60,3,4,10.833333333333334,0,0,0,0,0,0,0,0,1,0,0,1,"Flip a coin. If heads, during your opponent's next turn, prevent all effects of attacks, including damage, done to Raichu. Flip a coin. If tails, Raichu does 30 damage to itself. "
base1-15,Venusaur,base1,Pokémon,Stage 2,Grass,Rare Holo,100.0,2,0,0,1,This plant blooms when it is absorbing solar energy. It stays on the move to seek sunlight.,1,60,4,4,15.0,1,1,0,0,0,1,0,0,0,0,0,0," As often as you like during your turn (before your attack), you may take 1 Grass Energy card attached to 1 of your Pokémon and attach it to a different one. This power can't be used if Venusaur is Asleep, Confused, or Paralyzed. Energy Trans"
base1-16,Zapdos,base1,Pokémon,Basic,Lightning,Rare Holo,90.0,3,1,0,0,A legendary bird Pokémon said to appear from clouds while wielding enormous lightning bolts.,2,100,4,4,20.0,0,0,0,0,0,0,0,1,1,0,0,0,"Flip a coin. If tails, Zapdos does 30 damage to itself. Discard all Energy cards attached to Zapdos in order to use this attack. "
base1-17,Beedrill,base1,Pokémon,Stage 2,Grass,Rare,80.0,0,0,0,1,"Flies at high speed and attacks using the large, venomous stingers on its forelegs and tail.",2,40,3,3,11.666666666666668,0,0,0,0,0,1,0,0,1,0,0,0,"Flip 2 coins. This attack does 30 damage times the number of heads. Flip a coin. If heads, the Defending Pokémon is now Poisoned. "
base1-18,Dragonair,base1,Pokémon,Stage 1,Colorless,Rare,80.0,2,0,1,0,A mystical Pokémon that exudes a gentle aura. Has the ability to change climate conditions.,2,30,3,4,7.5,0,0,0,0,0,0,0,1,0,0,0,0,"Flip 2 coins. This attack does 30 damage times the number of heads. If the Defending Pokémon has any Energy cards attached to it, choose 1 of them and discard it. "
base1-19,Dugtrio,base1,Pokémon,Stage 1,Fighting,Rare,70.0,2,0,1,0,A team of Diglett triplets. It triggers huge earthquakes by burrowing 60 miles underground.,2,70,3,4,15.416666666666668,0,0,0,0,0,0,0,0,0,0,0,0, Does 10 damage to each of your own Benched Pokémon. (Don't apply Weakness and Resistance for Benched Pokémon.) 
base1-20,Electabuzz,base1,Pokémon,Basic,Lightning,Rare,70.0,2,1,0,0,"Normally found near power plants, it can wander away and cause major blackouts in cities.",2,30,1,2,12.5,0,0,0,0,0,1,0,0,1,0,0,0,"Flip a coin. If heads, the Defending Pokémon is now Paralyzed. Flip a coin. If heads, this attack does 30 damage plus 10 more damage; if tails, this attack does 30 damage plus Electabuzz does 10 damage to itself. "
base1-21,Electrode,base1,Pokémon,Stage 1,Lightning,Rare,80.0,1,0,1,0,It stores electrical energy under very high pressure. It often explodes with little or no provocation.,1,50,3,3,16.666666666666668,1,1,0,0,0,1,0,0,1,0,0,0,"Flip a coin. If tails, Electrode does 10 damage to itself. At any time during your turn (before your attack), you may Knock Out Electrode and attach it to 1 of your other Pokémon. If you do, choose a type of Energy. Electrode is now an Energy card (instead of a Pokémon) that provides 2 energy of that type. You can't use this power if Electrode is Asleep, Confused, or Paralyzed. Buzzap"
base1-22,Pidgeotto,base1,Pokémon,Stage 1,Colorless,Rare,60.0,1,0,1,0,"Very protective of its sprawling territory, this Pokémon will fiercely peck at any intruder.",2,20,2,3,5.0,0,0,0,0,0,0,0,0,0,0,1,0,"If your opponent has any Benched Pokémon, he or she chooses 1 of them and switches it with the Defending Pokémon. (Do the damage before switching the Pokémon.) If Pidgeotto was attacked last turn, do the final result of that attack on Pidgeotto to the Defending Pokémon. "
base1-23,Arcanine,base1,Pokémon,Stage 1,Fire,Uncommon,100.0,3,0,1,0,"A Pokémon that has been long admired for its beauty. It runs gracefully, as if on wings.",2,80,3,4,18.333333333333336,0,0,0,0,0,0,0,1,0,0,0,0,Discard 1 Fire Energy card attached to Arcanine in order to use this attack. Arcanine does 30 damage to itself. 
base1-24,Charmeleon,base1,Pokémon,Stage 1,Fire,Uncommon,80.0,1,0,1,0,"When it swings its burning tail, it raises the temperature to unbearably high levels.",2,50,3,3,13.333333333333334,0,0,0,0,0,0,0,1,0,0,0,0, Discard 1 Fire Energy card attached to Charmeleon in order to use this attack. 
base1-25,Dewgong,base1,Pokémon,Stage 1,Water,Uncommon,80.0,3,0,1,0,Stores thermal energy in its body. Swims at a steady 8 knots even in intensely cold waters.,2,50,3,4,12.083333333333334,0,0,0,0,0,1,0,0,1,0,0,0," Flip a coin. If heads, the Defending Pokémon is now Paralyzed. "
base1-26,Dratini,base1,Pokémon,Basic,Colorless,Uncommon,40.0,1,1,0,0,"Long considered a mythical Pokémon until recently, when a small colony was found living underwater.",1,10,1,1,10.0,0,0,0,0,0,0,0,0,0,0,0,0, 
base1-27,Farfetch'd,base1,Pokémon,Basic,Colorless,Uncommon,50.0,1,1,0,0,The sprig of green onions it holds is its weapon. This sprig is used much like a metal sword.,2,30,1,3,20.0,0,0,0,0,0,0,0,0,1,0,0,0,"Flip a coin. If tails, this attack does nothing. Either way, you can't use this attack again as long as Farfetch'd stays in play (even putting Farfetch'd on the Bench won't let you use it again).  "
base1-28,Growlithe,base1,Pokémon,Basic,Fire,Uncommon,60.0,1,1,0,0,Very protective of its territory. It will bark and bite to repel intruders from its space.,1,20,2,2,10.0,0,0,0,0,0,0,0,0,0,0,0,0, 
base1-29,Haunter,base1,Pokémon,Stage 1,Psychic,Uncommon,60.0,1,0,1,0,"Because of its ability to slip through block walls, it is said to be from another dimension.",2,50,1,2,12.5,0,0,0,0,0,1,0,0,0,0,0,0,The Defending Pokémon is now Asleep. You can't use this attack unless the Defending Pokémon is Asleep. 
base1-30,Ivysaur,base1,Pokémon,Stage 1,Grass,Uncommon,60.0,1,0,1,0,"When the bulb on its back grows large, the Pokémon seems to lose the ability to stand on its hind legs.",2,30,3,3,8.333333333333334,0,0,0,0,0,1,0,0,0,0,0,0, The Defending Pokémon is now Poisoned. 
base1-31,Jynx,base1,Pokémon,Basic,Psychic,Uncommon,70.0,2,1,0,0,"Merely by meditating, the Pokémon launches a powerful psychic energy attack.",2,20,1,3,8.333333333333334,0,0,0,0,0,0,0,0,0,1,0,0,Flip 2 coins. This attack does 10 damage times the number of heads. Does 20 damage plus 10 more damage for each damage counter on the Defending Pokémon. 
base1-32,Kadabra,base1,Pokémon,Stage 1,Psychic,Uncommon,60.0,3,0,1,0,It emits special alpha waves from its body that induce headaches even to those just nearby.,2,50,2,3,8.333333333333334,0,0,0,0,1,0,0,1,0,1,0,0,Discard 1 Psychic Energy card attached to Kadabra in order to use this attack. Remove all damage counters from Kadabra.  
base1-33,Kakuna,base1,Pokémon,Stage 1,Grass,Uncommon,80.0,2,0,1,0,"Almost incapable of moving, this Pokémon can only harden its shell to protect itself from predators.",2,20,2,2,5.0,0,0,0,0,0,1,0,0,1,0,0,1,"Flip a coin. If heads, prevent all damage done to Kakuna during your opponent's next turn. (Any other effects of attacks still happen.) Flip a coin. If heads, the Defending Pokémon is now Poisoned. "
base1-34,Machoke,base1,Pokémon,Stage 1,Fighting,Uncommon,80.0,3,0,1,0,Its muscular body is so powerful that it must wear a power-save belt to help regulate its motions.,2,60,3,4,15.833333333333334,0,0,0,0,0,0,0,0,0,1,0,0,Does 50 damage minus 10 damage for each damage counter on Machoke. Machoke does 20 damage to itself. 
base1-35,Magikarp,base1,Pokémon,Basic,Water,Uncommon,30.0,1,1,0,0,"In the distant past, it was stronger than its horribly weak descendants that exist today.",2,10,1,1,10.0,0,0,0,0,0,0,0,0,0,1,0,0, Does 10 damage times the number of damage counters on Magikarp. 
base1-36,Magmar,base1,Pokémon,Basic,Fire,Uncommon,50.0,2,1,0,0,Its body always burns with an orange glow that enables it to hide perfectly among flames.,2,50,2,3,15.833333333333334,0,0,0,0,0,0,0,1,0,0,0,0, Discard 1 Fire Energy card attached to Magmar in order to use this attack. 
base1-37,Nidorino,base1,Pokémon,Stage 1,Grass,Uncommon,60.0,1,0,1,0,An aggressive Pokémon that is quick to attack. The horn on its head secretes a powerful venom.,2,50,3,4,11.25,0,0,0,0,0,0,0,0,0,0,0,0,Flip 2 coins. This attack does 30 damage times the number of heads.  
base1-38,Poliwhirl,base1,Pokémon,Stage 1,Water,Uncommon,60.0,1,0,1,0,"Capable of living in or out of water. When out of water, it sweats to keep its body slimy.",2,30,2,3,5.0,0,0,0,0,0,0,0,0,0,0,0,0,Choose 1 of the Defending Pokémon's attacks. That Pokémon can't use that attack during your opponent's next turn. Flip 2 coins. This attack does 30 damage times the number of heads. 
base1-39,Porygon,base1,Pokémon,Basic,Colorless,Uncommon,30.0,1,1,0,0,A Pokémon that consists entirely of programming code. Capable of moving freely in cyberspace.,2,0,1,2,0.0,0,0,0,0,0,0,0,0,0,0,0,0,"If the Defending Pokémon has a Weakness, you may change it to a type of your choice other than Colorless. Change Porygon's Resistance to a type of your choice other than Colorless. "
base1-40,Raticate,base1,Pokémon,Stage 1,Colorless,Uncommon,60.0,1,0,1,0,It uses its whiskers to maintain its balance. It seems to slow down if they are cut off.,2,20,1,3,10.0,0,0,0,0,0,0,0,0,0,0,0,0, Does damage to the Defending Pokémon equal to half the Defending Pokémon's remaining HP (rounded up to the nearest 10). 
base1-41,Seel,base1,Pokémon,Basic,Water,Uncommon,60.0,1,1,0,0,The protruding horn on its head is very hard. This horn is used for bashing through thick ice.,1,10,1,1,10.0,0,0,0,0,0,0,0,0,0,0,0,0, 
base1-42,Wartortle,base1,Pokémon,Stage 1,Water,Uncommon,70.0,1,0,1,0,"Often hides in water to stalk unweary prey. When swimming quickly, it moves its ears to maintain balance.",2,40,2,3,6.666666666666667,0,0,0,0,0,0,0,0,1,0,0,1,"Flip a coin. If heads, prevent all damage done to Wartortle during your opponent's next turn. (Any other effects of attacks still happen.)  "
base1-43,Abra,base1,Pokémon,Basic,Psychic,Common,30.0,0,1,0,0,"Using its ability to read minds, it will identify impending danger and teleport to safety.",1,10,1,1,10.0,0,0,0,0,0,1,0,0,1,0,0,0,"Flip a coin. If heads, the Defending Pokémon is now Paralyzed. "
base1-44,Bulbasaur,base1,Pokémon,Basic,Grass,Common,40.0,1,1,0,0,"A strange seed was planted on its back at birth. Thus, a plant sprouted and now grows with this Pokémon.",1,20,2,2,10.0,0,0,0,0,1,0,0,0,0,1,0,1,"Unless all damage from this attack is prevented, you may remove 1 damage counter from Bulbasaur. "
base1-45,Caterpie,base1,Pokémon,Basic,Grass,Common,40.0,1,1,0,0,Its short feet are tipped with suction pads that enable it to tirelessly climb slopes and walls.,1,10,1,1,10.0,0,0,0,0,0,1,0,0,1,0,0,0,"Flip a coin. If heads, the Defending Pokémon is now Paralyzed. "
base1-46,Charmander,base1,Pokémon,Basic,Fire,Common,50.0,1,1,0,0,"Obviously prefers hot places. If it gets caught in the rain, steam is said to spout from the tip of its tail.",2,30,1,2,12.5,0,0,0,0,0,0,0,1,0,0,0,0, Discard 1 Fire Energy card attached to Charmander in order to use this attack. 
base1-47,Diglett,base1,Pokémon,Basic,Fighting,Common,30.0,0,1,0,0,"Lives about three feet underground, where it feeds on plant roots. It sometimes appears above ground.",2,30,1,2,12.5,0,0,0,0,0,0,0,0,0,0,0,0,  
base1-48,Doduo,base1,Pokémon,Basic,Colorless,Common,50.0,0,1,0,0,A bird that makes up for its poor flying with its fast foot speed. Leaves giant footprints.,1,10,1,1,10.0,0,0,0,0,0,0,0,0,0,0,0,0,Flip 2 coins. This attack does 10 damage times the number of heads. 
base1-49,Drowzee,base1,Pokémon,Basic,Psychic,Common,50.0,1,1,0,0,"Puts enemies to sleep, then eats their dreams. Occasionally gets sick from eating bad dreams.",2,10,1,2,7.5,0,0,0,0,0,1,0,0,1,0,0,0," Flip a coin. If heads, the Defending Pokémon is now Confused. "
base1-50,Gastly,base1,Pokémon,Basic,Psychic,Common,30.0,0,1,0,0,"Almost invisible, this gaseous Pokémon cloaks the target and puts it to sleep without notice.",2,0,1,2,0.0,0,0,0,0,0,1,0,1,1,0,0,0,"Flip a coin. If heads, the Defending Pokémon is now Asleep. Discard 1 Psychic Energy card attached to Gastly in order to use this attack. If a Pokémon Knocks Out Gastly during your opponent's next turn, Knock Out that Pokémon. "
base1-51,Koffing,base1,Pokémon,Basic,Grass,Common,50.0,1,1,0,0,"Because it stores several kinds of toxic gases in its body, it is prone to exploding without warning.",1,10,2,2,5.0,0,0,0,0,0,1,0,0,1,0,0,0,"Flip a coin. If heads, the Defending Pokémon is now Poisoned; if tails, it is now Confused. "
base1-52,Machop,base1,Pokémon,Basic,Fighting,Common,50.0,1,1,0,0,Loves to build its muscles. It trains in all styles of martial arts to become even stronger.,1,20,1,1,20.0,0,0,0,0,0,0,0,0,0,0,0,0, 
base1-53,Magnemite,base1,Pokémon,Basic,Lightning,Common,40.0,1,1,0,0,Uses anti-gravity to stay suspended. Appears without warning and uses attacks like Thunder Wave.,2,40,1,2,15.0,0,0,0,0,0,1,0,0,1,0,0,0,"Flip a coin. If heads, the Defending Pokémon is now Paralyzed. Does 10 damage to each Pokémon on each player's Bench. (Don't apply Weakness and Resistance for Benched Pokémon.) Magnemite does 40 damage to itself. "
base1-54,Metapod,base1,Pokémon,Stage 1,Grass,Common,70.0,2,0,1,0,"It is vulnerable to attack because its shell is soft, exposing its weak and tender body.",2,20,2,2,5.0,0,0,0,0,0,1,0,0,1,0,0,1,"Flip a coin. If heads, prevent all damage done to Metapod during your opponent's next turn. (Any other effects of attacks still happen.) Flip a coin. If heads, the Defending Pokémon is now Paralyzed. "
base1-55,Nidoran ♂,base1,Pokémon,Basic,Grass,Common,40.0,1,1,0,0,"Stiffens its ears to sense danger. The larger, more powerful of its horns secretes venom.",1,30,1,1,30.0,0,0,0,0,0,0,0,0,1,0,0,0,"Flip a coin. If tails, this attack does nothing. "
base1-56,Onix,base1,Pokémon,Basic,Fighting,Common,90.0,3,1,0,0,"As it grows, the stone portions of its body harden to become similar to a diamond, though colored black.",2,10,1,2,5.0,0,0,0,0,0,0,0,0,0,0,0,1," During your opponent's next turn, whenever 30 or less damage is done to Onix (after applying Weakness and Resistance), prevent that damage. (Any other effects of attacks still happen.) "
base1-57,Pidgey,base1,Pokémon,Basic,Colorless,Common,40.0,1,1,0,0,A common sight in forests and woods. It flaps its wings at ground level to kick up blinding sand.,1,10,2,2,5.0,0,0,0,0,0,0,0,0,0,0,1,0,"If your opponent has any Benched Pokémon, he or she chooses 1 of them and switches it with the Defending Pokémon. (Do the damage before switching the Pokémon.) "
base1-58,Pikachu,base1,Pokémon,Basic,Lightning,Common,40.0,1,1,0,0,"When several of these Pokémon gather, their electricity can cause lightning storms.",2,30,1,2,12.5,0,0,0,0,0,0,0,0,1,0,0,0," Flip a coin. If tails, Pikachu does 10 damage to itself. "
base1-59,Poliwag,base1,Pokémon,Basic,Water,Common,40.0,1,1,0,0,Its newly grown legs prevent it from running. It appears to prefer swimming over trying to stand.,1,10,1,1,10.0,0,0,0,0,0,0,0,0,0,0,0,0,Does 10 damage plus 10 more damage for each Water Energy attached to Poliwag but not used to pay for this attack's Energy cost. Extra Water Energy after the 2nd don't count. 
base1-60,Ponyta,base1,Pokémon,Basic,Fire,Common,40.0,1,1,0,0,Its hooves are 10 times harder than diamonds. It can trample anything flat in moments.,2,30,2,2,12.5,0,0,0,0,0,0,0,0,0,0,0,0,  
base1-61,Rattata,base1,Pokémon,Basic,Colorless,Common,30.0,0,1,0,0,"Bites anything when it attacks. Small and very quick, it is a common sight in many places.",1,20,1,1,20.0,0,0,0,0,0,0,0,0,0,0,0,0, 
base1-62,Sandshrew,base1,Pokémon,Basic,Fighting,Common,40.0,1,1,0,0,Burrows deep underground in arid locations far from water. It only emerges to hunt for food.,1,10,1,1,10.0,0,0,0,0,0,0,0,0,0,0,0,0,"If the Defending Pokémon tries to attack during your opponent's next turn, your opponent flips a coin. If tails, that attack does nothing. "
base1-63,Squirtle,base1,Pokémon,Basic,Water,Common,40.0,1,1,0,0,"After birth, its back swells and hardens into a shell. It powerfully sprays foam from its mouth.",2,10,1,2,5.0,0,0,0,0,0,1,0,0,1,0,0,1,"Flip a coin. If heads, the Defending Pokémon is now Paralyzed. Flip a coin. If heads, prevent all damage done to Squirtle during your opponent's next turn. (Any other effects of attacks still happen.) "
base1-64,Starmie,base1,Pokémon,Stage 1,Water,Common,60.0,1,0,1,0,Its central core glows with the seven colors of the rainbow. Some people value this core as a gem.,2,20,2,3,3.3333333333333335,0,0,0,0,1,1,0,1,1,1,0,0,"Discard 1 Water Energy card attached to Starmie in order to use this attack. Remove all damage counters from Starmie. Flip a coin. If heads, the Defending Pokémon is now Paralyzed. "
base1-65,Staryu,base1,Pokémon,Basic,Water,Common,40.0,1,1,0,0,An enigmatic Pokémon that can effortlessly regenerate any appendage it loses in battle.,1,20,1,1,20.0,0,0,0,0,0,0,0,0,0,0,0,0, 
base1-66,Tangela,base1,Pokémon,Basic,Grass,Common,50.0,2,1,0,0,Its whole body is swathed with wide vines that are similar to seaweed. These vines shake as it walks.,2,20,2,3,8.333333333333334,0,0,0,0,0,1,0,0,1,0,0,0,"Flip a coin. If heads, the Defending Pokémon is now Paralyzed. The Defending Pokémon is now Poisoned. "
base1-67,Voltorb,base1,Pokémon,Basic,Lightning,Common,40.0,1,1,0,0,"Usually found in power plants. Easily mistaken for a Monster Ball, it has zapped many people.",1,10,1,1,10.0,0,0,0,0,0,0,0,0,0,0,0,0, 
base1-68,Vulpix,base1,Pokémon,Basic,Fire,Common,50.0,1,1,0,0,"At the time of birth, it has just one tail. Its tail splits from the tip as it grows older.",1,10,2,2,5.0,0,0,0,0,0,1,0,0,1,0,0,0,"Flip a coin. If heads, the Defending Pokémon is now Confused. "
base1-69,Weedle,base1,Pokémon,Basic,Grass,Common,40.0,1,1,0,0,"Often found in forests, eating leaves. It has a sharp, venomous stinger on its head.",1,10,1,1,10.0,0,0,0,0,0,1,0,0,1,0,0,0,"Flip a coin. If heads, the Defending Pokémon is now Poisoned. "
base1-70,Clefairy Doll,base1,Trainer,,,Rare,10.0,0,0,0,0,,0,0,0,0,0.0,0,0,0,0,0,0,0,0,0,0,0,0, 
base1-71,Computer Search,base1,Trainer,,,Rare,,0,0,0,0,,0,0,0,0,0.0,0,0,0,0,0,0,0,0,0,0,0,0, 
base1-72,Devolution Spray,base1,Trainer,,,Rare,,0,0,0,0,,0,0,0,0,0.0,0,0,0,0,0,0,0,0,0,0,0,0, 
base1-73,Impostor Professor Oak,base1,Trainer,,,Rare,,0,0,0,0,,0,0,0,0,0.0,0,0,0,0,0,0,0,0,0,0,0,0, 
base1-74,Item Finder,base1,Trainer,,,Rare,,0,0,0,0,,0,0,0,0,0.0,0,0,0,0,0,0,0,0,0,0,0,0, 
base1-75,Lass,base1,Trainer,,,Rare,,0,0,0,0,,0,0,0,0,0.0,0,0,0,0,0,0,0,0,0,0,0,0, 
base1-76,Pokémon Breeder,base1,Trainer,,,Rare,,0,0,0,0,,0,0,0,0,0.0,0,0,0,0,0,0,0,0,0,0,0,0, 
base1-77,Pokémon Trader,base1,Trainer,,,Rare,,0,0,0,0,,0,0,0,0,0.0,0,0,0,0,0,0,0,0,0,0,0,0, 
base1-78,Scoop Up,base1,Trainer,,,Rare,,0,0,0,0,,0,0,0,0,0.0,0,0,0,0,0,0,0,0,0,0,0,0, 
base1-79,Super Energy Removal,base1,Trainer,,,Rare,,0,0,0,0,,0,0,0,0,0.0,0,0,0,0,0,0,0,0,0,0,0,0, 
base1-80,Defender,base1,Trainer,,,Uncommon,,0,0,0,0,,0,0,0,0,0.0,0,0,0,0,0,0,0,0,0,0,0,0, 
base1-81,Energy Retrieval,base1,Trainer,,,Uncommon,,0,0,0,0,,0,0,0,0,0.0,0,0,0,0,0,0,0,0,0,0,0,0, 
base1-82,Full Heal,base1,Trainer,,,Uncommon,,0,0,0,0,,0,0,0,0,0.0,0,0,0,0,0,0,0,0,0,0,0,0, 
base1-83,Maintenance,base1,Trainer,,,Uncommon,,0,0,0,0,,0,0,0,0,0.0,0,0,0,0,0,0,0,0,0,0,0,0, 
base1-84,PlusPower,base1,Trainer,,,Uncommon,,0,0,0,0,,0,0,0,0,0.0,0,0,0,0,0,0,0,0,0,0,0,0, 
base1-85,Pokémon Center,base1,Trainer,,,Uncommon,,0,0,0,0,,0,0,0,0,0.0,0,0,0,0,0,0,0,0,0,0,0,0, 
base1-86,Pokémon Flute,base1,Trainer,,,Uncommon,,0,0,0,0,,0,0,0,0,0.0,0,0,0,0,0,0,0,0,0,0,0,0, 
base1-87,Pokédex,base1,Trainer,,,Uncommon,,0,0,0,0,,0,0,0,0,0.0,0,0,0,0,0,0,0,0,0,0,0,0, 
base1-88,Professor Oak,base1,Trainer,,,Uncommon,,0,0,0,0,,0,0,0,0,0.0,0,0,0,0,0,0,0,0,0,0,0,0, 
base1-89,Revive,base1,Trainer,,,Uncommon,,0,0,0,0,,0,0,0,0,0.0,0,0,0,0,0,0,0,0,0,0,0,0, 
base1-90,Super Potion,base1,Trainer,,,Uncommon,,0,0,0,0,,0,0,0,0,0.0,0,0,0,0,0,0,0,0,0,0,0,0, 
base1-91,Bill,base1,Trainer,,,Common,,0,0,0,0,,0,0,0,0,0.0,0,0,0,0,0,0,0,0,0,0,0,0, 
base1-92,Energy Removal,base1,Trainer,,,Common,,0,0,0,0,,0,0,0,0,0.0,0,0,0,0,0,0,0,0,0,0,0,0, 
base1-93,Gust of Wind,base1,Trainer,,,Common,,0,0,0,0,,0,0,0,0,0.0,0,0,0,0,0,0,0,0,0,0,0,0, 
base1-94,Potion,base1,Trainer,,,Common,,0,0,0,0,,0,0,0,0,0.0,0,0,0,0,0,0,0,0,0,0,0,0, 
base1-95,Switch,base1,Trainer,,,Common,,0,0,0,0,,0,0,0,0,0.0,0,0,0,0,0,0,0,0,0,0,0,0, 
base1-96,Double Colorless Energy,base1,Energy,Special,,Uncommon,,0,0,0,0,,0,0,0,0,0.0,0,0,0,0,0,0,0,0,0,0,0,0, 
base1-97,Fighting Energy,base1,Energy,Basic,,,,0,1,0,0,,0,0,0,0,0.0,0,0,0,0,0,0,0,0,0,0,0,0, 
base1-98,Fire Energy,base1,Energy,Basic,,,,0,1,0,0,,0,0,0,0,0.0,0,0,0,0,0,0,0,0,0,0,0,0, 
base1-99,Grass Energy,base1,Energy,Basic,,,,0,1,0,0,,0,0,0,0,0.0,0,0,0,0,0,0,0,0,0,0,0,0, 
base1-100,Lightning Energy,base1,Energy,Basic,,,,0,1,0,0,,0,0,0,0,0.0,0,0,0,0,0,0,0,0,0,0,0,0, 
base1-101,Psychic Energy,base1,Energy,Basic,,,,0,1,0,0,,0,0,0,0,0.0,0,0,0,0,0,0,0,0,0,0,0,0, 
base1-102,Water Energy,base1,Energy,Basic,,,,0,1,0,0,,0,0,0,0,0.0,0,0,0,0,0,0,0,0,0,0,0,0, 
base2-1,Clefable,base2,Pokémon,Stage 1,Colorless,Rare Holo,70.0,2,0,1,0,A timid Fairy Pokémon that is rarely seen. It will run and hide the moment it senses people.,2,0,1,2,0.0,0,0,0,0,0,0,0,1,0,0,0,1,"Choose 1 of the Defending Pokémon's attacks. Metronome copies that attack except for its Energy costs and anything else required in order to use that attack, such as discarding Energy cards. (No matter what type the Defending Pokémon is, Clefable's type is still Colorless.) All damage done by attacks to Clefable during your opponent's next turn is reduced by 20 (after applying Weakness and Resistance). "
base2-2,Electrode,base2,Pokémon,Stage 1,Lightning,Rare Holo,90.0,1,0,1,0,It stores electrical energy under very high pressure. It often explodes with little or no provocation.,2,20,2,3,8.333333333333334,0,0,0,0,0,0,0,0,0,0,0,0," If the Defending Pokémon isn't Colorless, this attack does 10 damage to each Benched Pokémon of the same type as the Defending Pokémon (including your own). "
base2-3,Flareon,base2,Pokémon,Stage 1,Fire,Rare Holo,70.0,1,0,1,0,"When storing thermal energy in its body, its temperature could soar to over 1600 degrees.",2,60,2,4,10.0,0,0,0,0,0,0,0,1,1,0,0,0,"Flip a coin. If heads, this attack does 10 damage plus 20 more damage; if tails, this attack does 10 damage. Discard 1 Fire Energy card attached to Flareon in order to use this attack. "
base2-4,Jolteon,base2,Pokémon,Stage 1,Lightning,Rare Holo,70.0,1,0,1,0,"It accumulates negative ions from the atmosphere to blast out 10,000-volt lightning bolts.",2,20,2,3,5.833333333333334,0,0,0,0,0,0,0,0,1,0,0,0,"Flip a coin. If heads, this attack does 10 damage plus 20 more damage; if tails, this attack does 10 damage. Flip 4 coins. This attack does 20 damage times the number of heads. "
base2-5,Kangaskhan,base2,Pokémon,Basic,Colorless,Rare Holo,90.0,3,1,0,0,The infant rarely ventures out of its mother's protective pouch until it is three years old.,2,20,1,4,2.5,0,0,1,0,0,0,0,0,0,0,0,0,Draw a card. Flip 4 coins. This attack does 20 damage times the number of heads. 
base2-6,Mr. Mime,base2,Pokémon,Basic,Psychic,Rare Holo,40.0,1,1,0,0,"If interrupted while miming, it will slap around the enemy with its broad hands.",1,10,2,2,5.0,1,1,0,0,0,1,0,0,0,1,0,1,"Does 10 damage plus 10 more damage for each damage counter on the Defending Pokémon. Whenever an attack (including your own) does 30 or more damage to Mr. Mime (after applying Weakness and Resistance), prevent that damage. (Any other effects of attacks still happen.) This power can't be used if Mr. Mime is Asleep, Confused, or Paralyzed. Invisible Wall"
base2-7,Nidoqueen,base2,Pokémon,Stage 2,Grass,Rare Holo,90.0,3,0,0,1,Its hard scales provide strong protection. It uses its hefty bulk to execute powerful moves.,2,50,2,4,11.25,0,0,0,0,0,0,0,0,0,0,0,0,Does 20 damage plus 20 more damage for each Nidoking you have in play.  
base2-8,Pidgeot,base2,Pokémon,Stage 2,Colorless,Rare Holo,80.0,0,0,0,1,"When hunting, it skims the surface of water at high speed to pick off unwary prey such as Magikarp.",2,30,2,3,10.0,0,0,0,0,0,0,0,0,0,0,0,0," Unless this attack Knocks Out the Defending Pokémon, return the Defending Pokémon and all cards attached to it to your opponent's hand. "
base2-9,Pinsir,base2,Pokémon,Basic,Grass,Rare Holo,60.0,1,1,0,0,"If it fails to crush the victim in its pincers, it will swing its victim around and toss it hard.",2,50,2,4,11.25,0,0,0,0,0,1,0,0,1,0,0,0,"Flip a coin. If heads, the Defending Pokémon is now Paralyzed.  "
base2-10,Scyther,base2,Pokémon,Basic,Grass,Rare Holo,70.0,0,1,0,0,"With ninja-like agility and speed, it can create the illusion that there is more than one of it.",2,30,1,3,5.0,0,0,0,0,0,0,0,0,0,0,0,0,"During your next turn, Scyther's Slash attack's base damage is 60 instead of 30.  "
base2-11,Snorlax,base2,Pokémon,Basic,Colorless,Rare Holo,90.0,4,1,0,0,"Very lazy. Just eats and sleeps. As its rotund bulk builds, it becomes steadily more slothful.",1,30,4,4,7.5,1,1,0,0,0,1,0,0,1,0,0,0,"Flip a coin. If heads, the Defending Pokémon is now Paralyzed. Snorlax can't become Asleep, Confused, Paralyzed, or Poisoned. This power can't be used if Snorlax is already Asleep, Confused, or Paralyzed. Thick Skinned"
base2-12,Vaporeon,base2,Pokémon,Stage 1,Water,Rare Holo,80.0,1,0,1,0,Lives close to water. Its long tail is ridged with a fin that is often mistaken for a mermaid's.,2,30,2,3,7.5,0,0,0,0,0,0,0,0,1,0,0,0,"Flip a coin. If heads, this attack does 10 damage plus 20 more damage; if tails, this attack does 10 damage. Does 30 damage plus 10 more damage for each Water Energy attached to Vaporeon but not used to pay for this attack's Energy cost. Extra Water Energy after the 2nd doesn't count. "
base2-13,Venomoth,base2,Pokémon,Stage 1,Grass,Rare Holo,70.0,0,0,1,0,The dust-like scales covering its wings are color coded to indicate the kinds of poison it has.,1,10,2,2,5.0,1,1,0,0,0,1,0,0,1,0,0,0,"Flip a coin. If heads, the Defending Pokémon is now Confused and Poisoned. Once during your turn (before your attack), you may change the type of Venomoth to the type of any other Pokémon in play other than Colorless. This power can't be used if Venomoth is Asleep, Confused, or Paralyzed. Shift"
base2-14,Victreebel,base2,Pokémon,Stage 2,Grass,Rare Holo,80.0,2,0,0,1,"Said to live in huge colonies deep in jungles, although no one has ever returned from there.",2,20,1,2,5.0,0,0,0,0,0,0,0,0,1,0,1,0,"If your opponent has any Benched Pokémon, choose 1 of them and switch it with his or her Active Pokémon. Flip a coin. If heads, the Defending Pokémon can't retreat during your next turn. "
base2-15,Vileplume,base2,Pokémon,Stage 2,Grass,Rare Holo,80.0,2,0,0,1,"The larger its petals, the more toxic pollen it contains. Its big head is heavy and hard to hold up.",1,40,3,3,13.333333333333334,1,1,0,0,1,1,0,0,1,1,0,0,"Flip 3 coins. This attack does 40 damage times the number of heads. Vileplume is now Confused (after doing damage). Once during your turn (before your attack), you may flip a coin. If heads, remove 1 damage counter from 1 of your Pokémon. This power can't be used if Vileplume is Asleep, Confused, or Paralyzed. Heal"
base2-16,Wigglytuff,base2,Pokémon,Stage 1,Colorless,Rare Holo,80.0,2,0,1,0,"The body is soft and rubbery. When angered, it will suck in air and inflate itself to an enormous size.",2,10,1,3,1.6666666666666667,0,0,0,0,0,1,0,0,0,0,0,0,The Defending Pokémon is now Asleep. Does 10 damage plus 10 more damage for each of your Benched Pokémon. 
base2-17,Clefable,base2,Pokémon,Stage 1,Colorless,Rare,70.0,2,0,1,0,A timid Fairy Pokémon that is rarely seen. It will run and hide the moment it senses people.,2,0,1,2,0.0,0,0,0,0,0,0,0,1,0,0,0,1,"Choose 1 of the Defending Pokémon's attacks. Metronome copies that attack except for its Energy costs and anything else required in order to use that attack, such as discarding Energy cards. (No matter what type the Defending Pokémon is, Clefable's type is still Colorless.) All damage done by attacks to Clefable during your opponent's next turn is reduced by 20 (after applying Weakness and Resistance). "
base2-18,Electrode,base2,Pokémon,Stage 1,Lightning,Rare,90.0,1,0,1,0,It stores electrical energy under very high pressure. It often explodes with little or no provocation.,2,20,2,3,8.333333333333334,0,0,0,0,0,0,0,0,0,0,0,0," If the Defending Pokémon isn't Colorless, this attack does 10 damage to each Benched Pokémon of the same type as the Defending Pokémon (including your own). "
base2-19,Flareon,base2,Pokémon,Stage 1,Fire,Rare,70.0,1,0,1,0,"When storing thermal energy in its body, its temperature could soar to over 1600 degrees.",2,60,2,4,10.0,0,0,0,0,0,0,0,1,1,0,0,0,"Flip a coin. If heads, this attack does 10 damage plus 20 more damage; if tails, this attack does 10 damage. Discard 1 Fire Energy card attached to Flareon in order to use this attack. "
base2-20,Jolteon,base2,Pokémon,Stage 1,Lightning,Rare,70.0,1,0,1,0,"It accumulates negative ions from the atmosphere to blast out 10,000-volt lightning bolts.",2,20,2,3,5.833333333333334,0,0,0,0,0,0,0,0,1,0,0,0,"Flip a coin. If heads, this attack does 10 damage plus 20 more damage; if tails, this attack does 10 damage. Flip 4 coins. This attack does 20 damage times the number of heads. "
base2-21,Kangaskhan,base2,Pokémon,Basic,Colorless,Rare,90.0,3,1,0,0,The infant rarely ventures out of its mother's protective pouch until it is three years old.,2,20,1,4,2.5,0,0,1,0,0,0,0,0,0,0,0,0,Draw a card. Flip 4 coins. This attack does 20 damage times the number of heads. 
base2-22,Mr. Mime,base2,Pokémon,Basic,Psychic,Rare,40.0,1,1,0,0,"If interrupted while miming, it will slap around the enemy with its broad hands.",1,10,2,2,5.0,1,1,0,0,0,1,0,0,0,1,0,1,"Does 10 damage plus 10 more damage for each damage counter on the Defending Pokémon. Whenever an attack (including your own) does 30 or more damage to Mr. Mime (after applying Weakness and Resistance), prevent that damage. (Any other effects of attacks still happen.) This power can't be used if Mr. Mime is Asleep, Confused, or Paralyzed. Invisible Wall"
base2-23,Nidoqueen,base2,Pokémon,Stage 2,Grass,Rare,90.0,3,0,0,1,Its hard scales provide strong protection. It uses its hefty bulk to execute powerful moves.,2,50,2,4,11.25,0,0,0,0,0,0,0,0,0,0,0,0,Does 20 damage plus 20 more damage for each Nidoking you have in play.  
base2-24,Pidgeot,base2,Pokémon,Stage 2,Colorless,Rare,80.0,0,0,0,1,"When hunting, it skims the surface of water at high speed to pick off unwary prey such as Magikarp.",2,30,2,3,10.0,0,0,0,0,0,0,0,0,0,0,0,0," Unless this attack Knocks Out the Defending Pokémon, return the Defending Pokémon and all cards attached to it to your opponent's hand. "
base2-25,Pinsir,base2,Pokémon,Basic,Grass,Rare,60.0,1,1,0,0,"If it fails to crush the victim in its pincers, it will swing its victim around and toss it hard.",2,50,2,4,11.25,0,0,0,0,0,1,0,0,1,0,0,0,"Flip a coin. If heads, the Defending Pokémon is now Paralyzed.  "
base2-26,Scyther,base2,Pokémon,Basic,Grass,Rare,70.0,0,1,0,0,"With ninja-like agility and speed, it can create the illusion that there is more than one of it.",2,30,1,3,5.0,0,0,0,0,0,0,0,0,0,0,0,0,"During your next turn, Scyther's Slash attack's base damage is 60 instead of 30.  "
base2-27,Snorlax,base2,Pokémon,Basic,Colorless,Rare,90.0,4,1,0,0,"Very lazy. Just eats and sleeps. As its rotund bulk builds, it becomes steadily more slothful.",1,30,4,4,7.5,1,1,0,0,0,1,0,0,1,0,0,0,"Flip a coin. If heads, the Defending Pokémon is now Paralyzed. Snorlax can't become Asleep, Confused, Paralyzed, or Poisoned. This power can't be used if Snorlax is already Asleep, Confused, or Paralyzed. Thick Skinned"
base2-28,Vaporeon,base2,Pokémon,Stage 1,Water,Rare,80.0,1,0,1,0,Lives close to water. Its long tail is ridged with a fin that is often mistaken for a mermaid's.,2,30,2,3,7.5,0,0,0,0,0,0,0,0,1,0,0,0,"Flip a coin. If heads, this attack does 10 damage plus 20 more damage; if tails, this attack does 10 damage. Does 30 damage plus 10 more damage for each Water Energy attached to Vaporeon but not used to pay for this attack's Energy cost. Extra Water Energy after the 2nd doesn't count. "
base2-29,Venomoth,base2,Pokémon,Stage 1,Grass,Rare,70.0,0,0,1,0,The dust-like scales covering its wings are color coded to indicate the kinds of poison it has.,1,10,2,2,5.0,1,1,0,0,0,1,0,0,1,0,0,0,"Flip a coin. If heads, the Defending Pokémon is now Confused and Poisoned. Once during your turn (before your attack), you may change the type of Venomoth to the type of any other Pokémon in play other than Colorless. This power can't be used if Venomoth is Asleep, Confused, or Paralyzed. Shift"
base2-30,Victreebel,base2,Pokémon,Stage 2,Grass,Rare,80.0,2,0,0,1,"Said to live in huge colonies deep in jungles, although no one has ever returned from there.",2,20,1,2,5.0,0,0,0,0,0,0,0,0,1,0,1,0,"If your opponent has any Benched Pokémon, choose 1 of them and switch it with his or her Active Pokémon. Flip a coin. If heads, the Defending Pokémon can't retreat during your next turn. "
base2-31,Vileplume,base2,Pokémon,Stage 2,Grass,Rare,80.0,2,0,0,1,"The larger its petals, the more toxic pollen it contains. Its big head is heavy and hard to hold up.",1,40,3,3,13.333333333333334,1,1,0,0,1,1,0,0,1,1,0,0,"Flip 3 coins. This attack does 40 damage times the number of heads. Vileplume is now Confused (after doing damage). Once during your turn (before your attack), you may flip a coin. If heads, remove 1 damage counter from 1 of your Pokémon. This power can't be used if Vileplume is Asleep, Confused, or Paralyzed. Heal"
base2-32,Wigglytuff,base2,Pokémon,Stage 1,Colorless,Rare,80.0,2,0,1,0,"The body is soft and rubbery. When angered, it will suck in air and inflate itself to an enormous size.",2,10,1,3,1.6666666666666667,0,0,0,0,0,1,0,0,0,0,0,0,The Defending Pokémon is now Asleep. Does 10 damage plus 10 more damage for each of your Benched Pokémon. 
base2-33,Butterfree,base2,Pokémon,Stage 2,Grass,Uncommon,70.0,0,0,0,1,"In battle, it flaps its wings at high speed to release highly toxic dust into the air.",2,40,2,4,10.0,0,0,0,0,0,0,0,0,0,1,1,0,"If your opponent has any Benched Pokémon, he or she chooses 1 of them and switches it with the Defending Pokémon. (Do the damage before switching the Pokémon.) Remove a number of damage counters from Butterfree equal to half the damage done to the Defending Pokémon (after applying Weakness and Resistance) (rounded up to the nearest 10). "
base2-34,Dodrio,base2,Pokémon,Stage 1,Colorless,Uncommon,70.0,0,0,1,0,"Uses its three brains to execute complex plans. While two heads sleep, one head stays awake.",1,10,3,3,3.3333333333333335,1,1,0,0,0,0,0,0,0,1,0,0,"Does 10 damage plus 10 more damage for each damage counter on Dodrio. As long as Dodrio is Benched, pay Colorless less to retreat your Active Pokémon. Retreat Aid"
base2-35,Exeggutor,base2,Pokémon,Stage 1,Grass,Uncommon,80.0,3,0,1,0,"Legend has it that on rare occasions, one of its heads will drop off and continue on as an Exeggcute.",2,20,1,1,10.0,0,0,0,0,0,0,0,0,0,0,1,0,Switch Exeggutor with 1 of your Benched Pokémon. Flip a number of coins equal to the number of Energy attached to Exeggutor. This attack does 20 damage times the number of heads. 
base2-36,Fearow,base2,Pokémon,Stage 1,Colorless,Uncommon,70.0,0,0,1,0,"With its huge and magnificent wings, it can keep aloft without ever having to land for rest.",2,40,3,4,8.333333333333334,0,0,0,0,0,0,0,0,1,0,0,1,"Flip a coin. If heads, during your opponent's next turn, prevent all effects of attacks, including damage, done to Fearow.  "
base2-37,Gloom,base2,Pokémon,Stage 1,Grass,Uncommon,60.0,1,0,1,0,The fluid that oozes from its mouth isn't drool; it is a nectar that is used to attract prey.,2,20,1,2,5.0,0,0,0,0,0,1,0,0,0,0,0,0,The Defending Pokémon is now Poisoned. Both the Defending Pokémon and Gloom are now Confused (after doing damage). 
base2-38,Lickitung,base2,Pokémon,Basic,Colorless,Uncommon,90.0,3,1,0,0,Its tongue can be extended like a chameleon's. It leaves a stinging sensation when it licks enemies.,2,10,1,2,5.0,0,0,0,0,0,1,0,0,1,0,0,0,"Flip a coin. If heads, the Defending Pokémon is now Paralyzed. Flip a coin. If heads, the Defending Pokémon is now Confused. "
base2-39,Marowak,base2,Pokémon,Stage 1,Fighting,Uncommon,60.0,1,0,1,0,The bone it holds is its key weapon. It throws the bone skillfully like a boomerang to K.O. targets.,2,30,2,3,7.5,0,0,0,1,0,0,0,0,0,0,0,0,Flip 2 coins. This attack does 30 damage times the number of heads. Search your deck for a Fighting Basic Pokémon card and put it onto your Bench. Shuffle your deck afterward. (You can't use this attack if your Bench is full.) 
base2-40,Nidorina,base2,Pokémon,Stage 1,Grass,Uncommon,70.0,1,0,1,0,The female's horn develops slowly. Prefers physical attacks such as clawing and biting.,2,30,1,3,5.0,0,0,0,0,0,1,0,0,1,0,0,0,"Flip a coin. If heads, the Defending Pokémon is now Confused. Flip 2 coins. This attack does 30 damage times the number of heads. "
base2-41,Parasect,base2,Pokémon,Stage 1,Grass,Uncommon,60.0,1,0,1,0,A host-parasite pair in which the parasite mushroom has taken over the host bug. Prefers damp places.,2,30,2,3,5.0,0,0,0,0,0,1,0,0,0,0,0,0,The Defending Pokémon is now Asleep.  
base2-42,Persian,base2,Pokémon,Stage 1,Colorless,Uncommon,70.0,0,0,1,0,"Although its fur has many admirers, it is tough to raise as a pet because of its fickle meanness.",2,30,2,3,10.0,0,0,0,0,0,0,0,0,0,0,0,1," If the Defending Pokémon attacks Persian during your next turn, any damage done by the attack is reduced by 10 (after applying Weakness and Resistance). (Benching either Pokémon ends this effect.) "
base2-43,Primeape,base2,Pokémon,Stage 1,Fighting,Uncommon,70.0,1,0,1,0,Always furious and tenacious to boot. It will not abandon chasing its quarry until its quarry is caught.,2,50,2,3,13.333333333333334,0,0,0,0,0,1,0,0,1,0,0,0,"Flip 3 coins. This attack does 20 damage times the number of heads. Flip a coin. If tails, Primeape is now Confused (after doing damage). "
base2-44,Rapidash,base2,Pokémon,Stage 1,Fire,Uncommon,70.0,0,0,1,0,"Very competitive, this Pokémon will chase anything that moves fast in the hopes of racing it.",2,30,2,3,10.0,0,0,0,0,0,0,0,0,1,0,0,1,"Flip a coin. If heads, this attack does 20 damage plus 10 more damage; if tails, this attack does 20 damage. Flip a coin. If heads, during your opponent's next turn, prevent all effects of attacks, including damage, done to Rapidash. "
base2-45,Rhydon,base2,Pokémon,Stage 1,Fighting,Uncommon,100.0,3,0,1,0,"Protected by an armor-like hide, it is capable of living in molten lava of 3600 degrees.",2,50,3,4,11.25,0,0,0,0,0,0,0,0,0,0,1,0," Rhydon does 20 damage to itself. If your opponent has any Benched Pokémon, he or she chooses 1 of them and switches it with the Defending Pokémon. (Do the damage before switching the Pokémon. Switch the Pokémon even if Rhydon is knocked out.) "
base2-46,Seaking,base2,Pokémon,Stage 1,Water,Uncommon,70.0,1,0,1,0,"In the autumn spawning season, they can be seen swimming powerfully up rivers and creeks.",2,30,1,2,12.5,0,0,0,0,0,0,0,0,0,0,0,0,  
base2-47,Tauros,base2,Pokémon,Basic,Colorless,Uncommon,60.0,2,1,0,0,"When it targets an enemy, it charges furiously while whipping its body with its long tails.",2,20,2,3,8.333333333333334,0,0,0,0,0,1,0,0,1,1,0,0,"Flip a coin. If heads, this attack does 20 damage plus 10 more damage; if tails, this attack does 20 damage. Does 20 damage plus 10 more damage for each damage counter on Tauros. Flip a coin. If tails, Tauros is now Confused (after doing damage). "
base2-48,Weepinbell,base2,Pokémon,Stage 1,Grass,Uncommon,70.0,1,0,1,0,"It spits out poisonpowder to immobilize the enemy, and then finishes the enemy with a spray of acid.",2,30,1,2,12.5,0,0,0,0,0,1,0,0,1,0,0,0,"Flip a coin. If heads, the Defending Pokémon is now Poisoned.  "
base2-49,Bellsprout,base2,Pokémon,Basic,Grass,Common,40.0,1,1,0,0,A carnivorous Pokémon that traps and eats bugs. It uses its root feet to soak up needed moisture.,2,10,1,1,5.0,0,0,0,1,0,0,0,0,0,0,0,0, Search your deck for a Basic Pokémon named Bellsprout and put it onto your Bench. Shuffle your deck afterward. (You can't use this attack if your Bench is full.) 
base2-50,Cubone,base2,Pokémon,Basic,Fighting,Common,40.0,1,1,0,0,"Because it never removes its skull helmet, no one has ever seen this Pokémon's real face.",2,10,1,2,2.5,0,0,0,0,0,0,0,0,0,1,0,1,"If the Defending Pokémon attacks Cubone during your opponent's next turn, any damage done by the attack is reduced by 20 (after applying Weakness and Resistance). (Benching either Pokémon ends this effect.) Does 10 damage plus 10 more damage for each damage counter on Cubone. "
base2-51,Eevee,base2,Pokémon,Basic,Colorless,Common,50.0,1,1,0,0,Its genetic code is irregular. It may mutate if it is exposed to radiation from elemental stones.,2,10,1,2,2.5,0,0,0,0,0,0,0,0,1,0,0,0,"Flip a coin. If heads, the Defending Pokémon can't attack Eevee during your opponent's next turn. (Benching either Pokémon ends this effect.) Flip a coin. If heads, this attack does 10 damage plus 20 more damage; if tails, this attack does 10 damage. "
base2-52,Exeggcute,base2,Pokémon,Basic,Grass,Common,50.0,1,1,0,0,"Often mistaken for eggs. When disturbed, they quickly gather and attack in swarms.",2,20,1,2,5.0,0,0,0,0,1,1,0,0,0,1,0,1,"The Defending Pokémon is now Asleep. Unless all damage from this attack is prevented, you may remove 1 damage counter from Exeggcute. "
base2-53,Goldeen,base2,Pokémon,Basic,Water,Common,40.0,0,1,0,0,"Its tail fin billows like an elegant ballroom dress, giving it the nickname ""Water Queen.""",1,10,1,1,10.0,0,0,0,0,0,0,0,0,0,0,0,0, 
base2-54,Jigglypuff,base2,Pokémon,Basic,Colorless,Common,60.0,1,1,0,0,"When its huge eyes light up, it sings a mysteriously soothing melody that lulls its enemies to sleep.",2,20,1,2,5.0,0,0,0,0,0,1,0,0,0,0,0,0,The Defending Pokémon is now Asleep.  
base2-55,Mankey,base2,Pokémon,Basic,Fighting,Common,30.0,0,1,0,0,"Extremely quick to anger. It could be docile one moment, then thrashing away the next.",1,10,1,1,10.0,1,1,0,0,0,1,0,0,0,0,0,0," Once during your turn (before your attack), you may look at one of the following: the top card of either player's deck, a random card from your opponent's hand, or one of either player's Prizes. This power can't be used if Mankey is Asleep, Confused, or Paralyzed. Peek"
base2-56,Meowth,base2,Pokémon,Basic,Colorless,Common,50.0,1,1,0,0,Adores circular objects. Wanders the streets on a nightly basis to look for dropped loose change.,1,10,2,2,5.0,0,0,1,0,0,0,0,0,1,0,0,0,"Flip a coin. If heads, draw a card. "
base2-57,Nidoran ♀,base2,Pokémon,Basic,Grass,Common,60.0,1,1,0,0,"Although small, its venomous barbs make this Pokémon dangerous. The female has smaller horns.",2,10,1,2,5.0,0,0,0,1,0,0,0,0,0,0,0,0,Flip 3 coins. This attack does 10 damage times the number of heads. Search your deck for a Basic Pokémon named Nidoran ♂ or Nidoran ♀ and put it onto your Bench. Shuffle your deck afterward. (You can't use this attack if your Bench is full.) 
base2-58,Oddish,base2,Pokémon,Basic,Grass,Common,50.0,1,1,0,0,"During the day, it keeps its face buried in the ground. At night, it wanders around sowing its seeds.",2,10,1,2,5.0,0,0,0,1,0,1,0,0,1,0,0,0,"Flip a coin. If heads, the Defending Pokémon is now Paralyzed. Search your deck for a Basic Pokémon named Oddish and put it onto your Bench. Shuffle your deck afterward. (You can't use this attack if your Bench is full.) "
base2-59,Paras,base2,Pokémon,Basic,Grass,Common,40.0,1,1,0,0,Burrows to suck tree roots. The mushrooms on its back grow by drawing nutrients from the bug host.,2,20,2,2,5.0,0,0,0,0,0,1,0,0,0,0,0,0, The Defending Pokémon is now Asleep. 
base2-60,Pikachu,base2,Pokémon,Basic,Lightning,Common,50.0,1,1,0,0,"When several of these Pokémon gather, their electricity can build and cause lightning storms.",1,20,2,2,10.0,0,0,0,0,0,0,0,0,0,0,0,0,"If your opponent has any Benched Pokémon, choose 1 of them and this attack does 10 damage to it. (Don't apply Weakness and Resistance for Benched Pokémon.) "
base2-61,Rhyhorn,base2,Pokémon,Basic,Fighting,Common,70.0,3,1,0,0,"Its massive bones are 1,000 times harder than human bones. It can easily knock a trailer flying.",2,30,1,3,5.0,0,0,0,0,0,0,0,0,1,0,0,0,"Flip a coin. If heads, the Defending Pokémon can't attack Rhyhorn during your opponent's next turn. (Benching either Pokémon ends this effect.)  "
base2-62,Spearow,base2,Pokémon,Basic,Colorless,Common,50.0,0,1,0,0,Eats bugs in grassy areas. It has to flap its short wings at high speeds to stay airborne.,2,10,1,3,5.0,0,0,0,0,0,0,0,0,0,0,0,0," If Spearow was attacked last turn, do the final result of that attack on Spearow to the Defending Pokémon. "
base2-63,Venonat,base2,Pokémon,Basic,Grass,Common,40.0,1,1,0,0,Lives in the shadows of tall trees where it eats insects. It is attracted by light at night.,2,10,1,2,7.5,0,0,0,0,0,1,0,0,1,1,0,0,"Flip a coin. If heads, the Defending Pokémon is now Paralyzed. Remove a number of damage counters from Venonat equal to the damage done to the Defending Pokémon (after applying Weakness and Resistance). "
base2-64,Poké Ball,base2,Trainer,,,Common,,0,0,0,0,,0,0,0,0,0.0,0,0,0,0,0,0,0,0,0,0,0,0, 
base3-1,Aerodactyl,base3,Pokémon,Stage 1,Fighting,Rare Holo,60.0,2,0,1,0,A ferocious prehistoric Pokémon that goes for the enemy's throat with its serrated saw-like fangs.,1,30,3,3,10.0,1,1,0,0,0,1,0,0,0,0,0,0," No more Evolution cards can be played. This power stops working while Aerodactyl is Asleep, Confused, or Paralyzed. Prehistoric Power"
base3-2,Articuno,base3,Pokémon,Basic,Water,Rare Holo,70.0,2,1,0,0,A legendary bird Pokémon that is said to appear to doomed people who are lost in icy mountains.,2,50,3,4,11.25,0,0,0,0,0,1,0,0,1,0,0,0,"Flip a coin. If heads, the Defending Pokémon is now Paralyzed. Flip a coin. If heads, this attack does 10 damage to each of your opponent's Benched Pokémon. If tails, this attack does 10 damage to each of your own Benched Pokémon. (Don't apply Weakness and Resistance for Benched Pokémon.) "
base3-3,Ditto,base3,Pokémon,Basic,Colorless,Rare Holo,50.0,1,1,0,0,Capable of copying an enemy's genetic code to instantly transform itself into a duplicate of the enemy.,0,0,0,0,0.0,1,1,0,0,0,1,0,0,0,0,0,0," If Ditto is your Active Pokémon, treat it as if it were the same card as the Defending Pokémon, including type, Hit Points, Weakness, and so on, except Ditto can't evolve, always has this Pokémon Power, and you may treat any Energy attached to Ditto as Energy of any type. Ditto isn't a copy of any other Pokémon while Ditto is Asleep, Confused, or Paralyzed. Transform"
base3-4,Dragonite,base3,Pokémon,Stage 2,Colorless,Rare Holo,100.0,1,0,0,1,An extremely rarely seen marine Pokémon. Its intelligence is said to match that of humans.,1,40,4,4,10.0,1,1,0,0,0,0,0,0,0,0,1,0,"Flip 2 coins. This attack does 40 damage times the number of heads. Once during your turn (before your attack), if Dragonite is on your Bench, you may switch it with your Active Pokémon. Step In"
base3-5,Gengar,base3,Pokémon,Stage 2,Psychic,Rare Holo,80.0,1,0,0,1,"Under a full moon, this Pokémon likes to mimic the shadows of people and laugh at their fright.",1,30,3,3,10.0,1,1,0,0,0,1,0,0,0,1,0,0,"If your opponent has any Benched Pokémon, choose 1 of them and this attack does 10 damage to it. (Don't apply Weakness and Resistance for Benched Pokémon.) Once during your turn (before your attack), you may move 1 damage counter from 1 of your opponent's Pokémon to another (even if it would Knock Out the other Pokémon). This power can't be used if Gengar is Asleep, Confused, or Paralyzed. Curse"
base3-6,Haunter,base3,Pokémon,Stage 1,Psychic,Rare Holo,50.0,0,0,1,0,"Because of its ability to slip through block walls, it is said to be from another dimension.",1,10,2,2,5.0,1,1,0,0,0,1,0,0,1,0,0,1,"The Defending Pokémon is now Asleep. Whenever an attack does anything to Haunter, flip a coin. If heads, prevent all effects of that attack, including damage, done to Haunter. This power stops working while Haunter is Asleep, Confused, or Paralyzed. Transparency"
base3-7,Hitmonlee,base3,Pokémon,Basic,Fighting,Rare Holo,60.0,1,1,0,0,"When in a hurry, its legs lengthen progressively. It runs smoothly with extra long, loping strides.",2,50,2,3,8.333333333333334,0,0,0,0,0,0,0,0,0,0,0,0,"If your opponent has any Benched Pokémon, choose 1 of them and this attack does 20 damage to it. (Don't apply Weakness and Resistance for Benched Pokémon.)  "
base3-8,Hypno,base3,Pokémon,Stage 1,Psychic,Rare Holo,90.0,2,0,1,0,"When it locks eyes with an enemy, it will use a mix of psi moves such as Hypnosis and Confusion.",2,30,1,3,5.0,0,0,0,0,0,0,0,0,0,0,0,0,"Look at up to 3 cards from the top of either player's deck and rearrange them as you like. If your opponent has any Benched Pokémon, choose 1 of them and this attack does 10 damage to it. (Don't apply Weakness and Resistance for Benched Pokémon.) "
base3-9,Kabutops,base3,Pokémon,Stage 2,Fighting,Rare Holo,60.0,1,0,0,1,Its sleek shape is perfect for swimming. It slashes prey with its claws and drains the body fluids.,2,40,2,4,12.5,0,0,0,0,0,0,0,0,0,1,0,0," Remove a number of damage counters from Kabutops equal to half the damage done to the Defending Pokémon (after applying Weakness and Resistance) (rounded up to the nearest 10). If Kabutops has fewer damage counters than that, remove all of them. "
base3-10,Lapras,base3,Pokémon,Basic,Water,Rare Holo,80.0,2,1,0,0,A Pokémon that has been overhunted almost to extinction. It can ferry people across water.,2,10,1,2,7.5,0,0,0,0,0,1,0,0,1,0,0,0,"Does 10 damage plus 10 more damage for each Water Energy attached to Lapras but not used to pay for this attack's Energy cost. You can't add more than 20 damage in this way. Flip a coin. If heads, the Defending Pokémon is now Confused. "
base3-11,Magneton,base3,Pokémon,Stage 1,Lightning,Rare Holo,80.0,2,0,1,0,Formed by several Magnemites linked together. They frequently appear when sunspots flare up.,2,100,2,4,17.5,0,0,0,0,0,0,0,0,0,0,0,0,Don't apply Weakness and Resistance for this attack. (Any other effects that would happen after applying Weakness and Resistance still happen.) Does 20 damage to each Pokémon on each player's Bench. (Don't apply Weakness and Resistance for Benched Pokémon.) Magneton does 100 damage to itself. 
base3-12,Moltres,base3,Pokémon,Basic,Fire,Rare Holo,70.0,2,1,0,0,Known as the legendary bird of fire. Every flap of its wings creates a dazzling flash of flames.,2,80,1,4,10.0,0,0,0,0,0,0,0,1,1,0,0,0,"You may discard any number of Fire Energy cards attached to Moltres when you use this attack. If you do, discard that many cards from the top of your opponent's deck. Flip a coin. If tails, this attack does nothing. "
base3-13,Muk,base3,Pokémon,Stage 1,Grass,Rare Holo,70.0,2,0,1,0,"Thickly covered with a filthy, vile sludge. It is so toxic, even its footprints contain poison.",1,30,3,3,10.0,1,1,0,0,0,1,0,0,1,0,0,0,"Flip a coin. If heads, the Defending Pokémon is now Poisoned. Ignore all Pokémon Powers other than Toxic Gases. This power stops working while Muk is Asleep, Confused, or Paralyzed. Toxic Gas"
base3-14,Raichu,base3,Pokémon,Stage 1,Lightning,Rare Holo,90.0,1,0,1,0,Its long tail serves as a ground to protect itself from its own high-voltage power.,1,30,4,4,7.5,0,0,0,0,0,0,0,0,0,0,0,0,"Choose 3 of your opponent's Benched Pokémon and this attack does 10 damage to each of them. (Don't apply Weakness and Resistance for Benched Pokémon.) If your opponent has fewer than 3 Benched Pokémon, do the damage to each of them. "
base3-15,Zapdos,base3,Pokémon,Basic,Lightning,Rare Holo,80.0,2,1,0,0,A legendary thunderbird Pokémon whose anger is said to cause storms. Some say it has lived above the clouds for thousands of years.,1,40,4,4,10.0,0,0,0,0,0,0,0,0,1,0,0,0,"For each of your opponent's Benched Pokémon, flip a coin. If heads, this attack does 20 damage to that Pokémon. (Don't apply Weakness and Resistance for Benched Pokémon.) Then, Zapdos does 10 damage times the number of tails to itself. "
base3-16,Aerodactyl,base3,Pokémon,Stage 1,Fighting,Rare,60.0,2,0,1,0,A ferocious prehistoric Pokémon that goes for the enemy's throat with its serrated saw-like fangs.,1,30,3,3,10.0,1,1,0,0,0,1,0,0,0,0,0,0," No more Evolution cards can be played. This power stops working while Aerodactyl is Asleep, Confused, or Paralyzed. Prehistoric Power"
base3-17,Articuno,base3,Pokémon,Basic,Water,Rare,70.0,2,1,0,0,A legendary bird Pokémon that is said to appear to doomed people who are lost in icy mountains.,2,50,3,4,11.25,0,0,0,0,0,1,0,0,1,0,0,0,"Flip a coin. If heads, the Defending Pokémon is now Paralyzed. Flip a coin. If heads, this attack does 10 damage to each of your opponent's Benched Pokémon. If tails, this attack does 10 damage to each of your own Benched Pokémon. (Don't apply Weakness and Resistance for Benched Pokémon.) "
base3-18,Ditto,base3,Pokémon,Basic,Colorless,Rare,50.0,1,1,0,0,Capable of copying an enemy's genetic code to instantly transform itself into a duplicate of the enemy.,0,0,0,0,0.0,1,1,0,0,0,1,0,0,0,0,0,0," If Ditto is your Active Pokémon, treat it as if it were the same card as the Defending Pokémon, including type, Hit Points, Weakness, and so on, except Ditto can't evolve, always has this Pokémon Power, and you may treat any Energy attached to Ditto as Energy of any type. Ditto isn't a copy of any other Pokémon while Ditto is Asleep, Confused, or Paralyzed. Transform"
base3-19,Dragonite,base3,Pokémon,Stage 2,Colorless,Rare,100.0,1,0,0,1,An extremely rarely seen marine Pokémon. Its intelligence is said to match that of humans.,1,40,4,4,10.0,1,1,0,0,0,0,0,0,0,0,1,0,"Flip 2 coins. This attack does 40 damage times the number of heads. Once during your turn (before your attack), if Dragonite is on your Bench, you may switch it with your Active Pokémon. Step In"
base3-20,Gengar,base3,Pokémon,Stage 2,Psychic,Rare,80.0,1,0,0,1,"Under a full moon, this Pokémon likes to mimic the shadows of people and laugh at their fright.",1,30,3,3,10.0,1,1,0,0,0,1,0,0,0,1,0,0,"If your opponent has any Benched Pokémon, choose 1 of them and this attack does 10 damage to it. (Don't apply Weakness and Resistance for Benched Pokémon.) Once during your turn (before your attack), you may move 1 damage counter from 1 of your opponent's Pokémon to another (even if it would Knock Out the other Pokémon). This power can't be used if Gengar is Asleep, Confused, or Paralyzed. Curse"
base3-21,Haunter,base3,Pokémon,Stage 1,Psychic,Rare,50.0,0,0,1,0,"Because of its ability to slip through block walls, it is said to be from another dimension.",1,10,2,2,5.0,1,1,0,0,0,1,0,0,1,0,0,1,"The Defending Pokémon is now Asleep. Whenever an attack does anything to Haunter, flip a coin. If heads, prevent all effects of that attack, including damage, done to Haunter. This power stops working while Haunter is Asleep, Confused, or Paralyzed. Transparency"
base3-22,Hitmonlee,base3,Pokémon,Basic,Fighting,Rare,60.0,1,1,0,0,"When in a hurry, its legs lengthen progressively. It runs smoothly with extra long, loping strides.",2,50,2,3,8.333333333333334,0,0,0,0,0,0,0,0,0,0,0,0,"If your opponent has any Benched Pokémon, choose 1 of them and this attack does 20 damage to it. (Don't apply Weakness and Resistance for Benched Pokémon.)  "
base3-23,Hypno,base3,Pokémon,Stage 1,Psychic,Rare,90.0,2,0,1,0,"When it locks eyes with an enemy, it will use a mix of psi moves such as Hypnosis and Confusion.",2,30,1,3,5.0,0,0,0,0,0,0,0,0,0,0,0,0,"Look at up to 3 cards from the top of either player's deck and rearrange them as you like. If your opponent has any Benched Pokémon, choose 1 of them and this attack does 10 damage to it. (Don't apply Weakness and Resistance for Benched Pokémon.) "
base3-24,Kabutops,base3,Pokémon,Stage 2,Fighting,Rare,60.0,1,0,0,1,Its sleek shape is perfect for swimming. It slashes prey with its claws and drains the body fluids. ,2,40,2,4,12.5,0,0,0,0,0,0,0,0,0,1,0,0," Remove a number of damage counters from Kabutops equal to half the damage done to the Defending Pokémon (after applying Weakness and Resistance) (rounded up to the nearest 10). If Kabutops has fewer damage counters than that, remove all of them. "
base3-25,Lapras,base3,Pokémon,Basic,Water,Rare,80.0,2,1,0,0,A Pokémon that has been overhunted almost to extinction. It can ferry people across water.,2,10,1,2,7.5,0,0,0,0,0,1,0,0,1,0,0,0,"Does 10 damage plus 10 more damage for each Water Energy attached to Lapras but not used to pay for this attack's Energy cost. You can't add more than 20 damage in this way. Flip a coin. If heads, the Defending Pokémon is now Confused. "
base3-26,Magneton,base3,Pokémon,Stage 1,Lightning,Rare,80.0,2,0,1,0,Formed by several Magnemites linked together. They frequently appear when sunspots flare up.,2,100,2,4,17.5,0,0,0,0,0,0,0,0,0,0,0,0,Don't apply Weakness and Resistance for this attack. (Any other effects that would happen after applying Weakness and Resistance still happen.) Does 20 damage to each Pokémon on each player's Bench. (Don't apply Weakness and Resistance for Benched Pokémon.) Magneton does 100 damage to itself. 
base3-27,Moltres,base3,Pokémon,Basic,Fire,Rare,70.0,2,1,0,0,Known as the legendary bird of fire. Every flap of its wings creates a dazzling flash of flames.,2,80,1,4,10.0,0,0,0,0,0,0,0,1,1,0,0,0,"You may discard any number of Fire Energy cards attached to Moltres when you use this attack. If you do, discard that many cards from the top of your opponent's deck. Flip a coin. If tails, this attack does nothing. "
base3-28,Muk,base3,Pokémon,Stage 1,Grass,Rare,70.0,2,0,1,0,"Thickly covered with a filthy, vile sludge. It is so toxic, even its footprints contain poison.",1,30,3,3,10.0,1,1,0,0,0,1,0,0,1,0,0,0,"Flip a coin. If heads, the Defending Pokémon is now Poisoned. Ignore all Pokémon Powers other than Toxic Gases. This power stops working while Muk is Asleep, Confused, or Paralyzed. Toxic Gas"
base3-29,Raichu,base3,Pokémon,Stage 1,Lightning,Rare,90.0,1,0,1,0,Its long tail serves as a ground to protect itself from its own high voltage power.,1,30,4,4,7.5,0,0,0,0,0,0,0,0,0,0,0,0,"Choose 3 of your opponent's Benched Pokémon and this attack does 10 damage to each of them. (Don't apply Weakness and Resistance for Benched Pokémon.) If your opponent has fewer than 3 Benched Pokémon, do that damage to each of them. "
base3-30,Zapdos,base3,Pokémon,Basic,Lightning,Rare,80.0,2,1,0,0,A legendary thunderbird Pokémon whose anger is said to cause storms. Some say it has lived above the clouds for thousands of years.,1,40,4,4,10.0,0,0,0,0,0,0,0,0,1,0,0,0,"For each of your opponent's Benched Pokémon, flip a coin. If heads, this attack does 20 damage to that Pokémon. (Don't apply Weakness and Resistance for Benched Pokémon.) Then, Zapdos does 10 damage times the number of tails to itself. "
base3-31,Arbok,base3,Pokémon,Stage 1,Grass,Uncommon,60.0,2,0,1,0,It is rumored that the ferocious warning markings on its belly differ from area to area.,2,20,1,3,8.333333333333334,0,0,0,0,0,1,0,0,1,0,1,0,"Flip a coin. If heads and if your opponent has any Benched Pokémon, he or she chooses 1 of them and switches it with the Defending Pokémon. (Do the damage before switching the Pokémon.) The Defending Pokémon is now Poisoned. "
base3-32,Cloyster,base3,Pokémon,Stage 1,Water,Uncommon,50.0,2,0,1,0,"When attacked, it launches its horns in quick volleys. Its innards have never been seen.",2,30,2,2,15.0,0,0,0,0,0,1,0,0,1,0,0,0,"Flip a coin. If heads, the Defending Pokémon is now Paralyzed. If tails, this attack does nothing (not even damage). Flip 2 coins. This attack does 30 damage times the number of heads. "
base3-33,Gastly,base3,Pokémon,Basic,Psychic,Uncommon,50.0,0,1,0,0,"A mysterious Pokémon. Some say it is a lifeform from another dimension, while other believe it is formed from smog.",2,10,1,2,5.0,0,0,0,0,0,1,0,1,1,0,0,0,"Flip a coin. If heads, the Defending Pokémon is now Paralyzed. Put up to 2 Energy cards from your discard pile into your hand. Gastly does 10 damage to itself. "
base3-34,Golbat,base3,Pokémon,Stage 1,Grass,Uncommon,60.0,0,0,1,0,"Once it strikes, it will not stop draining energy from the victim even if it gets too heavy to fly.",2,30,3,3,8.333333333333334,0,0,0,0,0,0,0,0,0,1,0,0," Remove a number of damage counters from Golbat equal to the damage done to the Defending Pokémon (after applying Weakness and Resistance). If Golbat has fewer damage counters than that, remove all of them. "
base3-35,Golduck,base3,Pokémon,Stage 1,Water,Uncommon,70.0,1,0,1,0,"Often seen swimming elegantly by lake shores. It is often mistaken for the Japanese monster, Kappa.",2,20,1,3,8.333333333333334,0,0,0,0,0,1,0,1,1,0,0,0,"Flip a coin. If heads, the Defending Pokémon is now Paralyzed. If the Defending Pokémon has any Energy cards attached to it, choose 1 of them and discard it. "
base3-36,Golem,base3,Pokémon,Stage 2,Fighting,Uncommon,80.0,4,0,0,1,Its boulder-like body is extremely hard. It can easily withstand dynamite blasts without damage.,2,100,4,4,20.0,0,0,0,0,0,0,0,0,0,0,0,0, Does 20 damage to each Pokémon on each player's Bench. (Don't apply Weakness and Resistance for Benched Pokémon.) Golem does 100 damage to itself. 
base3-37,Graveler,base3,Pokémon,Stage 1,Fighting,Uncommon,60.0,2,0,1,0,Rolls down slopes to move. It rolls over any obstacle without slowing or changing its direction.,2,40,2,3,6.666666666666667,0,0,0,0,0,0,0,0,0,0,0,1,"During your opponent's next turn, whenever 30 or less damage is done to Graveler (after applying Weakness and Resistance), prevent that damage. (Any other effects of attacks still happen.)  "
base3-38,Kingler,base3,Pokémon,Stage 1,Water,Uncommon,60.0,3,0,1,0,"The large pincer has 10,000 horsepower of crushing power. However, its huge size makes it unwieldy to use.",2,40,1,3,11.666666666666668,0,0,0,0,0,0,0,0,0,1,0,0,Does 10 damage times the number of damage counters on Kingler.  
base3-39,Magmar,base3,Pokémon,Basic,Fire,Uncommon,70.0,1,1,0,0,Found at the mouths of volcanoes and extremely hard to spot. There are very few instances of capturing this Pokémon.,2,20,1,2,10.0,0,0,0,0,0,1,0,0,1,0,0,0,"If the Defending Pokémon tries to attack during your opponent's next turn, your opponent flips a coin. If tails, that attack does nothing. Flip a coin. If heads, the Defending Pokémon is now Poisoned. "
base3-40,Omastar,base3,Pokémon,Stage 2,Water,Uncommon,70.0,1,0,0,1,A prehistoric Pokémon that died out when its heavy shell made it impossible for it to catch prey.,2,30,2,2,12.5,0,0,0,0,0,0,0,0,0,0,0,0,Does 20 damage plus 10 more damage for each Water Energy attached to Omastar but not used to pay for this attack's Energy cost. You can't add more than 20 damage in this way. Flip 2 coins. This attack does 30 damage times the number of heads. 
base3-41,Sandslash,base3,Pokémon,Stage 1,Fighting,Uncommon,70.0,1,0,1,0,Curls up into a spiny ball when threatened. It can roll while curled up to attack or escape.,2,20,2,2,10.0,0,0,0,0,0,0,0,0,0,0,0,0, Flip 3 coins. This attack does 20 damage times the number of heads. 
base3-42,Seadra,base3,Pokémon,Stage 1,Water,Uncommon,60.0,1,0,1,0,Capable of swimming backward by rapidly flapping its wing-like pectoral fins and stout tail.,2,20,2,3,8.333333333333334,0,0,0,0,0,0,0,0,1,0,0,1,"Does 20 damage plus 10 more damage for each Water Energy attached to Seadra but not used to pay for this attack's Energy cost. You can't add more than 20 damage in this way. Flip a coin. If heads, during your opponent's next turn, prevent all effects of attacks, including damage, done to Seadra. "
base3-43,Slowbro,base3,Pokémon,Stage 1,Psychic,Uncommon,60.0,1,0,1,0,The Shellder that is latched onto Slowpoke's tail is said to feed on the host's left-over scraps.,1,20,2,2,10.0,1,1,0,0,0,1,0,0,1,1,0,0,"Flip a coin. If heads, the Defending Pokémon is now Paralyzed. As often as you like during your turn (before your attack), you may move 1 damage counter from 1 of your Pokémon to Slowbro as long as you don't Knock Out Slowbro. This power can't be used if Slowbro is Asleep, Confused, or Paralyzed. Strange Behavior"
base3-44,Tentacruel,base3,Pokémon,Stage 1,Water,Uncommon,60.0,0,0,1,0,"The tentacles are normally kept short. On hunts, they are extended to ensnare and immobilize prey.",2,10,1,2,2.5,0,0,0,0,0,1,0,0,1,0,0,0,"Flip a coin. If heads, the Defending Pokémon is now Confused. The Defending Pokémon is now Poisoned. "
base3-45,Weezing,base3,Pokémon,Stage 1,Grass,Uncommon,60.0,1,0,1,0,"Where two kinds of poison gases meet, two Koffings can fuse into a Weezing over many years.",2,60,2,3,15.0,0,0,0,0,0,1,0,0,1,0,0,0,"Flip a coin. If heads, the Defending Pokémon is now Poisoned. Does 10 damage to each Pokémon on each player's Bench. (Don't apply Weakness and Resistance for Benched Pokémon.) Weezing does 60 damage to itself. "
base3-46,Ekans,base3,Pokémon,Basic,Grass,Common,40.0,1,1,0,0,Moves silently and stealthily. Eats the eggs of birds such as Pidgey and Spearow whole.,2,20,1,2,5.0,0,0,0,0,0,1,0,0,1,0,0,0,"Flip a coin. If heads, the Defending Pokémon is now Poisoned. Flip a coin. If heads, the Defending Pokémon is now Paralyzed. "
base3-47,Geodude,base3,Pokémon,Basic,Fighting,Common,50.0,1,1,0,0,"Found in fields and mountains. Mistaking them for boulders, people often step or trip on them.",1,10,2,2,5.0,0,0,0,0,0,0,0,0,1,0,0,0,Flip a coin until you get tails. This attack does 10 damage times the number of heads. 
base3-48,Grimer,base3,Pokémon,Basic,Grass,Common,50.0,1,1,0,0,Appears in filthy areas. Thrives by sucking up polluted sludge that is pumped out of factories.,2,10,1,1,5.0,0,0,0,0,0,1,0,0,1,0,0,1,"Flip a coin. If heads, the Defending Pokémon is now Paralyzed. All damage done by attacks to Grimer during your opponent's next turn is reduced by 20 (after applying Weakness and Resistance). "
base3-49,Horsea,base3,Pokémon,Basic,Water,Common,40.0,0,1,0,0,Known to shoot down flying bugs with precision blasts of ink from the surface of the water.,1,10,1,1,10.0,0,0,0,0,0,0,0,0,0,0,0,0,"If the Defending Pokémon tries to attack during your opponent's next turn, your opponent flips a coin. If tails, that attack does nothing. "
base3-50,Kabuto,base3,Pokémon,Stage 1,Fighting,Common,30.0,1,0,1,0,A Pokémon that was resurrected from a fossil found in what was once the ocean floor eons ago.,1,10,1,1,10.0,1,1,0,0,0,1,0,0,0,0,0,0," Whenever an attack (even your own) does damage to Kabuto (after applying Weakness and Resistance), that attack does half the damage to Kabuto (rounded down to the nearest 10). (Any other effects of attacks still happen.) This power stops working while Kabuto is Asleep, Confused, or Paralyzed. Kabuto Armor"
base3-51,Krabby,base3,Pokémon,Basic,Water,Common,50.0,2,1,0,0,"Its pincers are not only powerful weapons, they are used for balance when walking sideways.",2,20,1,2,5.0,0,0,0,1,0,0,0,0,0,0,0,0,Search your deck for a Basic Pokémon named Krabby and put it onto your Bench. Shuffle your deck afterward. (You can't use this attack if your Bench if full.)  
base3-52,Omanyte,base3,Pokémon,Stage 1,Water,Common,40.0,1,0,1,0,"Although long extinct, in rare cases, it can be genetically resurrected from fossils.",1,10,1,1,10.0,1,1,0,0,0,1,0,0,0,0,0,0,"Does 10 damage plus 10 more damage for each Water Energy attached to Omanyte but not used to pay for this attack's Energy cost. You can't add more than 20 damage in this way. Your opponent plays with his or her hand face up. This power stops working while Omanyte is Asleep, Confused, or Paralyzed. Clairvoyance"
base3-53,Psyduck,base3,Pokémon,Basic,Water,Common,50.0,1,1,0,0,"While lulling its enemies with its vacant look, this wily Pokémon will use psychokinetic powers.",2,10,1,1,5.0,0,0,0,0,0,0,0,0,0,0,0,0,Your opponent can't play Trainer cards during his or her next turn. Flip 3 coins. This attack does 10 damage times the number of heads. 
base3-54,Shellder,base3,Pokémon,Basic,Water,Common,30.0,1,1,0,0,Its hard shell repels any kind of attack. It is vulnerable only when its shell is open.,2,0,1,1,0.0,0,0,0,0,0,1,0,0,1,0,0,1,"Flip a coin. If heads, the Defending Pokémon is now Confused. Flip a coin. If heads, prevent all damage done to Shellder during your opponent's next turn. (Any other effects of attacks still happen.) "
base3-55,Slowpoke,base3,Pokémon,Basic,Psychic,Common,50.0,1,1,0,0,Incredibly slow and dopey. It takes 5 seconds for it to feel pain when under attack.,2,0,1,2,0.0,0,0,0,0,1,0,0,1,1,1,0,0,"Flip a coin. If heads, remove a damage counter from Slowpoke. This attack can't be used if Slowpoke has no damage counters on it. Discard 1 Psychic Energy card attached to Slowpoke in order to use this attack. Put a Trainer card from your discard pile into your hand. "
base3-56,Tentacool,base3,Pokémon,Basic,Water,Common,30.0,0,1,0,0,Drifts in shallow seas. Anglers who hook them by accident are often punished by its stinging acid.,1,10,1,1,10.0,1,1,0,0,0,1,0,1,0,0,0,0," At any time during your turn (before your attack), you may return Tentacool to your hand. (Discard all cards attached to Tentacool.) This power can't be used the turn you put Tentacool into play or if Tentacool is Asleep, Confused, or Paralyzed. Cowardice"
base3-57,Zubat,base3,Pokémon,Basic,Grass,Common,40.0,0,1,0,0,Forms colonies in perpetually dark places. Uses ultrasonic waves to identify and approach targets.,2,10,2,2,2.5,0,0,0,0,0,1,0,0,1,1,0,0,"Flip a coin. If heads, the Defending Pokémon is now Confused. Remove a number of damage counters from Zubat equal to the damage done to the Defending Pokémon (after applying Weakness and Resistance). If Zubat has fewer damage counters than that, remove all of them. "
base3-58,Mr. Fuji,base3,Trainer,,,Uncommon,,0,0,0,0,,0,0,0,0,0.0,0,0,0,0,0,0,0,0,0,0,0,0, 
base3-59,Energy Search,base3,Trainer,,,Common,,0,0,0,0,,0,0,0,0,0.0,0,0,0,0,0,0,0,0,0,0,0,0, 
base3-60,Gambler,base3,Trainer,,,Common,,0,0,0,0,,0,0,0,0,0.0,0,0,0,0,0,0,0,0,0,0,0,0, 
base3-61,Recycle,base3,Trainer,,,Common,,0,0,0,0,,0,0,0,0,0.0,0,0,0,0,0,0,0,0,0,0,0,0, 
base3-62,Mysterious Fossil,base3,Trainer,,,Common,10.0,0,0,0,0,,0,0,0,0,0.0,0,0,0,0,0,0,0,0,0,0,0,0, 
base4-1,Alakazam,base4,Pokémon,Stage 2,Psychic,Rare Holo,80.0,3,0,0,1,Its brain can outperform a supercomputer. Its intelligence quotient is said to be 5000.,1,30,3,3,10.0,1,1,0,0,0,1,0,0,1,1,0,0,"Flip a coin. If heads, the Defending Pokémon is now Confused. As often as you like during your turn (before your attack), you may move 1 damage counter from 1 of your Pokémon to another as long as you don't Knock Out that Pokémon. This power can't be used if Alakazam is Asleep, Confused, or Paralyzed. Damage Swap"
base4-2,Blastoise,base4,Pokémon,Stage 2,Water,Rare Holo,100.0,3,0,0,1,A brutal Pokémon with pressurized water jets on its shell. They are used for high-speed tackles.,1,40,3,3,13.333333333333334,1,1,0,0,0,1,1,0,0,0,0,0,"Does 40 damage plus 10 more damage for each Water Energy attached to Blastoise but not used to pay for this attack's Energy cost. You can't add more than 20 damage in this way. As often as you like during your turn (before your attack), you may attach 1 Water Energy card to 1 of your Water Pokémon. (This doesn't use up your 1 Energy card attachment for the turn.) This power can't be used if Blastoise is Asleep, Confused, or Paralyzed. Rain Dance"
base4-3,Chansey,base4,Pokémon,Basic,Colorless,Rare Holo,120.0,1,1,0,0,A rare and elusive Pokémon that is said to bring happiness to those who manage to catch it.,2,80,2,4,10.0,0,0,0,0,0,0,0,0,1,0,0,1,"Flip a coin. If heads, prevent all damage done to Chansey during your opponent's next turn. (Any other effects of attacks still happen.) Chansey does 80 damage to itself. "
base4-4,Charizard,base4,Pokémon,Stage 2,Fire,Rare Holo,120.0,3,0,0,1,Spits fire that is hot enough to melt boulders. Known to unintentionally cause forest fires.,1,100,4,4,25.0,1,1,0,0,0,1,0,1,0,0,0,0,"Discard 2 Energy cards attached to Charizard in order to use this attack. As often as you like during your turn (before your attack), you may turn all Energy attached to Charizard into Fire Energy for the rest of the turn. This power can't be used if Charizard is Asleep, Confused, or Paralyzed. Energy Burn"
base4-5,Clefable,base4,Pokémon,Stage 1,Colorless,Rare Holo,70.0,2,0,1,0,A timid Fairy Pokémon that is rarely seen. It will run and hide the moment it senses people.,2,0,1,2,0.0,0,0,0,0,0,0,0,1,0,0,0,1,"Choose 1 of the Defending Pokémon's attacks. Metronome copies that attack except for its Energy costs and anything else required in order to use that attack, such as discarding Energy cards. (No matter what type the Defending Pokémon is, Clefable's type is still Colorless.) All damage done by attacks to Clefable during your opponent's next turn is reduced by 20 (after applying Weakness and Resistance). "
base4-6,Clefairy,base4,Pokémon,Basic,Colorless,Rare Holo,40.0,1,1,0,0,Its magical and cute appeal has many admirers. It is rare and found only in certain areas.,2,0,1,3,0.0,0,0,0,0,0,1,0,1,1,0,0,0,"Flip a coin. If heads, the Defending Pokémon is now Asleep. Choose 1 of the Defending Pokémon's attacks. Metronome copies that attack except for its Energy costs and anything else required in order to use that attack, such as discarding Energy cards. (No matter what type the Defending Pokémon is, Clefairy's type is still Colorless.) "
base4-7,Gyarados,base4,Pokémon,Stage 1,Water,Rare Holo,100.0,3,0,1,0,"Rarely seen in the wild. Huge and vicious, it is capable of destroying entire cities in a rage.",2,50,3,4,13.333333333333334,0,0,0,0,0,1,0,0,1,0,0,0," Flip a coin. If heads, the Defending Pokémon is now Paralyzed. "
base4-8,Hitmonchan,base4,Pokémon,Basic,Fighting,Rare Holo,70.0,2,1,0,0,"While seeming to do nothing, it fires punches in lightning-fast volleys that are impossible to see.",2,40,1,3,16.666666666666668,0,0,0,0,0,0,0,0,0,0,0,0,  
base4-9,Magneton,base4,Pokémon,Stage 1,Lightning,Rare Holo,60.0,1,0,1,0,Formed by several Magnemites linked together. It frequently appears when sunspots flare up.,2,80,3,4,15.0,0,0,0,0,0,1,0,0,1,0,0,0,"Flip a coin. If heads, the Defending Pokémon is now Paralyzed. Does 20 damage to each player's Bench. (Don't apply Weakness and Resistance for Benched Pokémon.) Magneton does 80 damage to itself. "
base4-10,Mewtwo,base4,Pokémon,Basic,Psychic,Rare Holo,60.0,3,1,0,0,A scientist created this Pokémon after years of horrific gene-splicing and DNA engineering experiments.,2,10,2,2,2.5,0,0,0,0,0,0,0,1,0,0,0,1,"Does 10 damage plus 10 more damage for each Energy card attached to the Defending Pokémon. Discard 1 Psychic Energy card attached to Mewtwo in order to use this attack. During your opponent's next turn, prevent all effects of attacks, including damage, done to Mewtwo. "
base4-11,Nidoking,base4,Pokémon,Stage 2,Grass,Rare Holo,90.0,3,0,0,1,"Uses its powerful tail in battle to smash, constrict, then break its prey's bones.",2,30,3,3,8.333333333333334,0,0,0,0,0,1,0,0,1,0,0,0,"Flip a coin. If heads, this attack does 30 damage plus 10 more damage; if tails, this attack does 30 damage and Nidoking does 10 damage to itself. The Defending Pokémon is now Poisoned. It now takes 20 Poison damage instead of 10 after each player's turn (even if it was already Poisoned). "
base4-12,Nidoqueen,base4,Pokémon,Stage 2,Grass,Rare Holo,90.0,3,0,0,1,Its hard scales provide strong protection. It uses its hefty bulk to execute powerful moves.,2,50,2,4,11.25,0,0,0,0,0,0,0,0,0,0,0,0,Does 20 damage plus 20 more damage for each Nidoking you have in play.  
base4-13,Ninetales,base4,Pokémon,Stage 1,Fire,Rare Holo,80.0,1,0,1,0,"Very smart and very vengeful. Grabbing one of its many tails could result in a 1,000-year curse.",2,80,2,4,10.0,0,0,0,0,0,0,0,1,0,0,1,0,"If your opponent has any Benched Pokémon, choose 1 of them and switch it with the Defending Pokémon. Discard 1 Fire Energy card attached to Ninetales in order to use this attack. "
base4-14,Pidgeot,base4,Pokémon,Stage 2,Colorless,Rare Holo,80.0,0,0,0,1,"When hunting, it skims the surface of water at high speed to pick off unwary prey such as Magikarp.",2,30,2,3,10.0,0,0,0,0,0,0,0,0,0,0,0,0," Unless this attack Knocks Out the Defending Pokémon, return the Defending Pokémon and all cards attached to it to your opponent's hand. "
base4-15,Poliwrath,base4,Pokémon,Stage 2,Water,Rare Holo,90.0,3,0,0,1,An adept swimmer at both the front crawl and breaststroke. Easily overtakes the best human swimmers.,2,40,3,4,10.0,0,0,0,0,0,0,0,1,0,0,0,0,"Does 30 damage plus 10 more damage for each Water Energy attached to Poliwrath but not used to pay for this attack's Energy cost. You can't add more than 20 damage in this way. If the Defending Pokémon has any Energy cards attached to it, choose 1 of them and discard it. "
base4-16,Raichu,base4,Pokémon,Stage 1,Lightning,Rare Holo,80.0,1,0,1,0,Its long tail serves as a ground to protect itself from its own high-voltage power.,2,60,3,4,10.833333333333334,0,0,0,0,0,0,0,0,1,0,0,1,"Flip a coin. If heads, during your opponent's next turn, prevent all effects of attacks, including damage, done to Raichu. Flip a coin. If tails, Raichu does 30 damage to itself. "
base4-17,Scyther,base4,Pokémon,Basic,Grass,Rare Holo,70.0,0,1,0,0,"With ninja-like agility and speed, it can create the illusion that there is more than one of it.",2,30,1,3,5.0,0,0,0,0,0,0,0,0,0,0,0,0,"During your next turn, Scyther's Slash attack's base damage is 60 instead of 30.  "
base4-18,Venusaur,base4,Pokémon,Stage 2,Grass,Rare Holo,100.0,2,0,0,1,This plant blooms when it is absorbing solar energy. It stays on the move to seek sunlight.,1,60,4,4,15.0,1,1,0,0,0,1,0,0,0,0,0,0," As often as you like during your turn (before your attack), you may take 1 Grass Energy card attached to 1 of your Pokémon and attach it to a different one. This power can't be used if Venusaur is Asleep, Confused, or Paralyzed. Energy Trans"
base4-19,Wigglytuff,base4,Pokémon,Stage 1,Colorless,Rare Holo,80.0,2,0,1,0,"The body is soft and rubbery. When angered, it will suck in air and inflate itself to an enormous size.",2,10,1,3,1.6666666666666667,0,0,0,0,0,1,0,0,0,0,0,0,The Defending Pokémon is now Asleep. Does 10 damage plus 10 more damage for each of your Benched Pokémon. 
base4-20,Zapdos,base4,Pokémon,Basic,Lightning,Rare Holo,90.0,3,1,0,0,A legendary bird Pokémon said to appear from clouds while wielding enormous lightning bolts.,2,100,4,4,20.0,0,0,0,0,0,0,0,1,1,0,0,0,"Flip a coin. If tails, Zapdos does 30 damage to itself. Discard all Energy cards attached to Zapdos in order to use this attack. "
base4-21,Beedrill,base4,Pokémon,Stage 2,Grass,Rare,80.0,0,0,0,1,"Flies at high speed and attacks using the large, venomous stingers on its forelegs and tail.",2,40,3,3,11.666666666666668,0,0,0,0,0,1,0,0,1,0,0,0,"Flip 2 coins. This attack does 30 damage times the number of heads. Flip a coin. If heads, the Defending Pokémon is now Poisoned. "
base4-22,Dragonair,base4,Pokémon,Stage 1,Colorless,Rare,80.0,2,0,1,0,A mystical Pokémon that exudes a gentle aura. Has the ability to change climate conditions.,2,30,3,4,7.5,0,0,0,0,0,0,0,1,0,0,0,0,"Flip 2 coins. This attack does 30 damage times the number of heads. If the Defending Pokémon has any Energy cards attached to it, choose 1 of them and discard it. "
base4-23,Dugtrio,base4,Pokémon,Stage 1,Fighting,Rare,70.0,2,0,1,0,A team of Diglett triplets. It triggers huge earthquakes by burrowing 60 miles underground.,2,70,3,4,15.416666666666668,0,0,0,0,0,0,0,0,0,0,0,0, Does 10 damage to each of your own Benched Pokémon. (Don't apply Weakness and Resistance for Benched Pokémon.) 
base4-24,Electabuzz,base4,Pokémon,Basic,Lightning,Rare,70.0,2,1,0,0,"Normally found near power plants, it can wander away and cause major blackouts in cities.",2,30,1,2,12.5,0,0,0,0,0,1,0,0,1,0,0,0,"Flip a coin. If heads, the Defending Pokémon is now Paralyzed. Flip a coin. If heads, this attack does 30 damage plus 10 more damage; if tails, this attack does 30 damage and Electabuzz does 10 damage to itself. "
base4-25,Electrode,base4,Pokémon,Stage 1,Lightning,Rare,80.0,1,0,1,0,It stores electrical energy under very high pressure. It often explodes with little or no provocation.,1,50,3,3,16.666666666666668,1,1,0,0,0,1,0,0,1,0,0,0,"Flip a coin. If tails, Electrode does 10 damage to itself. At any time during your turn (before your attack), you may Knock Out Electrode and attach it to 1 of your other Pokémon. If you do, choose a type of Energy. Electrode is now an Energy card of that type (instead of a Pokémon) that provides 2 energy. This power can't be used if Electrode is Asleep, Confused, or Paralyzed. Buzzap"
base4-26,Kangaskhan,base4,Pokémon,Basic,Colorless,Rare,90.0,3,1,0,0,The infant rarely ventures out of its mother's protective pouch until it is three years old.,2,20,1,4,2.5,0,0,1,0,0,0,0,0,0,0,0,0,Draw a card. Flip 4 coins. This attack does 20 damage times the number of heads. 
base4-27,Mr. Mime,base4,Pokémon,Basic,Psychic,Rare,40.0,1,1,0,0,"If interrupted while miming, it will slap around the enemy with its broad hands.",1,10,2,2,5.0,1,1,0,0,0,1,0,0,0,1,0,1,"Does 10 damage plus 10 more damage for each damage counter on the Defending Pokémon. Whenever an attack (including your own) does 30 or more damage to Mr. Mime (after applying Weakness and Resistance), prevent that damage. (Any other effects of attacks still happen.) This power stops working while Mr. Mime is Asleep, Confused, or Paralyzed. Invisible Wall"
base4-28,Pidgeotto,base4,Pokémon,Stage 1,Colorless,Rare,60.0,1,0,1,0,"Very protective of its sprawling territory, this Pokémon will fiercely peck at any intruder.",2,20,2,3,5.0,0,0,0,0,0,0,0,0,0,0,1,0,"If your opponent has any Benched Pokémon, he or she chooses 1 of them and switches it with the Defending Pokémon. (Do the damage before switching the Pokémon.) If Pidgeotto was attacked last turn, do the final result of that attack on Pidgeotto to the Defending Pokémon. "
base4-29,Pinsir,base4,Pokémon,Basic,Grass,Rare,60.0,1,1,0,0,"If it fails to crush the victim in its pincers, it will swing its victim around and toss it hard.",2,50,2,4,11.25,0,0,0,0,0,1,0,0,1,0,0,0,"Flip a coin. If heads, the Defending Pokémon is now Paralyzed.  "
base4-30,Snorlax,base4,Pokémon,Basic,Colorless,Rare,90.0,4,1,0,0,"Very lazy. Just eats and sleeps. As its rotund bulk builds, it becomes steadily more slothful.",1,30,4,4,7.5,1,1,0,0,0,1,0,0,1,0,0,0,"Flip a coin. If heads, the Defending Pokémon is now Paralyzed. Snorlax can't become Asleep, Confused, Paralyzed, or Poisoned. This power can't be used if Snorlax is already Asleep, Confused, or Paralyzed. Thick Skinned"
base4-31,Venomoth,base4,Pokémon,Stage 1,Grass,Rare,70.0,0,0,1,0,The dust-like scales covering its wings are color coded to indicate the kinds of poison it has.,1,10,2,2,5.0,1,1,0,0,0,1,0,0,1,0,0,0,"Flip a coin. If heads, the Defending Pokémon is now Confused and Poisoned. Once during your turn (before your attack), you may change the type of Venomoth to the type of any other Pokémon in play other than Colorless. This power can't be used if Venomoth is Asleep, Confused, or Paralyzed. Shift"
base4-32,Victreebel,base4,Pokémon,Stage 2,Grass,Rare,80.0,2,0,0,1,"Said to live in huge colonies deep in jungles, although no one has ever returned from there.",2,20,1,2,5.0,0,0,0,0,0,0,0,0,1,0,1,0,"If your opponent has any Benched Pokémon, choose 1 of them and switch it with his or her Active Pokémon. Flip a coin. If heads, the Defending Pokémon can't retreat during your next turn. "
base4-33,Arcanine,base4,Pokémon,Stage 1,Fire,Uncommon,100.0,3,0,1,0,"A Pokémon that has been long admired for its beauty. It runs gracefully, as if on wings.",2,80,3,4,18.333333333333336,0,0,0,0,0,0,0,1,0,0,0,0,Discard 1 Fire Energy card attached to Arcanine in order to use this attack. Arcanine does 30 damage to itself. 
base4-34,Butterfree,base4,Pokémon,Stage 2,Grass,Uncommon,70.0,0,0,0,1,"In battle, it flaps its wings at high speed to release highly toxic dust into the air.",2,40,2,4,10.0,0,0,0,0,0,0,0,0,0,1,1,0,"If your opponent has any Benched Pokémon, he or she chooses 1 of them and switches it with the Defending Pokémon. (Do the damage before switching the Pokémon.) Remove a number of damage counters from Butterfree equal to half the damage done to the Defending Pokémon (after applying Weakness and Resistance) (rounded up to the nearest 10). If Butterfree has fewer damage counters than that, remove all of them. "
base4-35,Charmeleon,base4,Pokémon,Stage 1,Fire,Uncommon,80.0,1,0,1,0,"When it swings its burning tail, it raises the temperature to unbearably high levels.",2,50,3,3,13.333333333333334,0,0,0,0,0,0,0,1,0,0,0,0, Discard 1 Fire Energy card attached to Charmeleon in order to use this attack. 
base4-36,Dewgong,base4,Pokémon,Stage 1,Water,Uncommon,80.0,3,0,1,0,Stores thermal energy in its body. Swims at a steady 8 knots even in intensely cold waters.,2,50,3,4,12.083333333333334,0,0,0,0,0,1,0,0,1,0,0,0," Flip a coin. If heads, the Defending Pokémon is now Paralyzed. "
base4-37,Dodrio,base4,Pokémon,Stage 1,Colorless,Uncommon,70.0,0,0,1,0,"Uses its three brains to execute complex plans. While two heads sleep, one head stays awake.",1,10,3,3,3.3333333333333335,1,1,0,0,0,0,0,0,0,1,0,0,"Does 10 damage plus 10 more damage for each damage counter on Dodrio. As long as Dodrio is Benched, pay Colorless less to retreat your Active Pokémon. Retreat Aid"
base4-38,Dratini,base4,Pokémon,Basic,Colorless,Uncommon,40.0,1,1,0,0,"Long considered a mythical Pokémon until recently, when a small colony was found living underwater.",1,10,1,1,10.0,0,0,0,0,0,0,0,0,0,0,0,0, 
base4-39,Exeggutor,base4,Pokémon,Stage 1,Grass,Uncommon,80.0,3,0,1,0,"Legend has it that on rare occasions, one of its heads will drop off and continue on as an Exeggcute.",2,20,1,1,10.0,0,0,0,0,0,0,0,0,0,0,1,0,Switch Exeggutor with 1 of your Benched Pokémon. Flip a number of coins equal to the number of Energy attached to Exeggutor. This attack does 20 damage times the number of heads. 
base4-40,Farfetch'd,base4,Pokémon,Basic,Colorless,Uncommon,50.0,1,1,0,0,The sprig of green onions it holds is its weapon. This sprig is used much like a metal sword.,2,30,1,3,20.0,0,0,0,0,0,0,0,0,1,0,0,0,"Flip a coin. If tails, this attack does nothing. Either way, you can't use this attack again as long as Farfetch'd stays in play (even putting Farfetch'd on the Bench won't let you use it again).  "
base4-41,Fearow,base4,Pokémon,Stage 1,Colorless,Uncommon,70.0,0,0,1,0,"With its huge and magnificent wings, it can keep aloft without ever having to land for rest.",2,40,3,4,8.333333333333334,0,0,0,0,0,0,0,0,1,0,0,1,"Flip a coin. If heads, during your opponent's next turn, prevent all effects of attacks, including damage, done to Fearow.  "
base4-42,Growlithe,base4,Pokémon,Basic,Fire,Uncommon,60.0,1,1,0,0,Very protective of its territory. It will bark and bite to repel intruders from its space.,1,20,2,2,10.0,0,0,0,0,0,0,0,0,0,0,0,0, 
base4-43,Haunter,base4,Pokémon,Stage 1,Psychic,Uncommon,60.0,1,0,1,0,"Because of its ability to slip through block walls, it is said to be from another dimension.",2,50,1,2,12.5,0,0,0,0,0,1,0,0,0,0,0,0,The Defending Pokémon is now Asleep. You can't use this attack unless the Defending Pokémon is Asleep. 
base4-44,Ivysaur,base4,Pokémon,Stage 1,Grass,Uncommon,60.0,1,0,1,0,"When the bulb on its back grows large, the Pokémon seems to lose the ability to stand on its hind legs.",2,30,3,3,8.333333333333334,0,0,0,0,0,1,0,0,0,0,0,0, The Defending Pokémon is now Poisoned. 
base4-45,Jynx,base4,Pokémon,Basic,Psychic,Uncommon,70.0,2,1,0,0,"Merely by meditating, the Pokémon launches a powerful psychic energy attack.",2,20,1,3,8.333333333333334,0,0,0,0,0,0,0,0,0,1,0,0,Flip 2 coins. This attack does 10 damage times the number of heads. Does 20 damage plus 10 more damage for each damage counter on the Defending Pokémon. 
base4-46,Kadabra,base4,Pokémon,Stage 1,Psychic,Uncommon,60.0,3,0,1,0,It emits special alpha waves from its body that induce headaches even to those just nearby.,2,50,2,3,8.333333333333334,0,0,0,0,1,0,0,1,0,1,0,0,Discard 1 Psychic Energy card attached to Kadabra in order to use this attack. Remove all damage counters from Kadabra.  
base4-47,Kakuna,base4,Pokémon,Stage 1,Grass,Uncommon,80.0,2,0,1,0,"Almost incapable of moving, this Pokémon can only harden its shell to protect itself from predators.",2,20,2,2,5.0,0,0,0,0,0,1,0,0,1,0,0,1,"Flip a coin. If heads, prevent all damage done to Kakuna during your opponent's next turn. (Any other effects of attacks still happen.) Flip a coin. If heads, the Defending Pokémon is now Poisoned. "
base4-48,Lickitung,base4,Pokémon,Basic,Colorless,Uncommon,90.0,3,1,0,0,Its tongue can be extended like a chameleon's. It leaves a stinging sensation when it licks enemies.,2,10,1,2,5.0,0,0,0,0,0,1,0,0,1,0,0,0,"Flip a coin. If heads, the Defending Pokémon is now Paralyzed. Flip a coin. If heads, the Defending Pokémon is now Confused. "
base4-49,Machoke,base4,Pokémon,Stage 1,Fighting,Uncommon,80.0,3,0,1,0,Its muscular body is so powerful that it must wear a power-save belt to help regulate its motions.,2,60,3,4,15.833333333333334,0,0,0,0,0,0,0,0,0,1,0,0,Does 50 damage minus 10 damage for each damage counter on Machoke. Machoke does 20 damage to itself. 
base4-50,Magikarp,base4,Pokémon,Basic,Water,Uncommon,30.0,1,1,0,0,"In the distant past, it was stronger than its horribly weak descendants that exist today.",2,10,1,1,10.0,0,0,0,0,0,0,0,0,0,1,0,0, Does 10 damage times the number of damage counters on Magikarp. 
base4-51,Magmar,base4,Pokémon,Basic,Fire,Uncommon,50.0,2,1,0,0,Its body always burns with an orange glow that enables it to hide perfectly among flames.,2,50,2,3,15.833333333333334,0,0,0,0,0,0,0,1,0,0,0,0, Discard 1 Fire Energy card attached to Magmar in order to use this attack. 
base4-52,Marowak,base4,Pokémon,Stage 1,Fighting,Uncommon,60.0,1,0,1,0,The bone it holds is its key weapon. It throws the bone skillfully like a boomerang to K.O. targets.,2,30,2,3,7.5,0,0,0,1,0,0,0,0,0,0,0,0,Flip 2 coins. This attack does 30 damage times the number of heads. Search your deck for a Fighting Basic Pokémon card and put it onto your Bench. Shuffle your deck afterward. (You can't use this attack if your Bench is full.) 
base4-53,Nidorina,base4,Pokémon,Stage 1,Grass,Uncommon,70.0,1,0,1,0,The female's horn develops slowly. Prefers physical attacks such as clawing and biting.,2,30,1,3,5.0,0,0,0,0,0,1,0,0,1,0,0,0,"Flip a coin. If heads, the Defending Pokémon is now Confused. Flip 2 coins. This attack does 30 damage times the number of heads. "
base4-54,Nidorino,base4,Pokémon,Stage 1,Grass,Uncommon,60.0,1,0,1,0,An aggressive Pokémon that is quick to attack. The horn on its head secretes a powerful venom.,2,50,3,4,11.25,0,0,0,0,0,0,0,0,0,0,0,0,Flip 2 coins. This attack does 30 damage times the number of heads.  
base4-55,Parasect,base4,Pokémon,Stage 1,Grass,Uncommon,60.0,1,0,1,0,A host-parasite pair in which the parasite mushroom has taken over the host bug. Prefers damp places.,2,30,2,3,5.0,0,0,0,0,0,1,0,0,0,0,0,0,The Defending Pokémon is now Asleep.  
base4-56,Persian,base4,Pokémon,Stage 1,Colorless,Uncommon,70.0,0,0,1,0,"Although its fur has many admirers, it is tough to raise as a pet because of its fickle meanness.",2,30,2,3,10.0,0,0,0,0,0,0,0,0,0,0,0,1," If the Defending Pokémon attacks Persian during your next turn, any damage done by the attack is reduced by 10 (after applying Weakness and Resistance). (Benching either Pokémon ends this effect.) "
base4-57,Poliwhirl,base4,Pokémon,Stage 1,Water,Uncommon,60.0,1,0,1,0,"Capable of living in or out of water. When out of water, it sweats to keep its body slimy.",2,30,2,3,5.0,0,0,0,0,0,0,0,0,0,0,0,0,Choose 1 of the Defending Pokémon's attacks. That Pokémon can't use that attack during your opponent's next turn. Flip 2 coins. This attack does 30 damage times the number of heads. 
base4-58,Raticate,base4,Pokémon,Stage 1,Colorless,Uncommon,60.0,1,0,1,0,It uses its whiskers to maintain its balance. It seems to slow down if they are cut off.,2,20,1,3,10.0,0,0,0,0,0,0,0,0,0,0,0,0, Does damage to the Defending Pokémon equal to half the Defending Pokémon's remaining HP (rounded up to the nearest 10). 
base4-59,Rhydon,base4,Pokémon,Stage 1,Fighting,Uncommon,100.0,3,0,1,0,"Protected by an armor-like hide, it is capable of living in molten lava of 3600 degrees.",2,50,3,4,11.25,0,0,0,0,0,0,0,0,0,0,1,0," Rhydon does 20 damage to itself. If your opponent has any Benched Pokémon, he or she chooses 1 of them and switches it with the Defending Pokémon. (Do the damage before switching the Pokémon. Switch the Pokémon even if Rhydon is knocked out.) "
base4-60,Seaking,base4,Pokémon,Stage 1,Water,Uncommon,70.0,1,0,1,0,"In the autumn spawning season, they can be seen swimming powerfully up rivers and creeks.",2,30,1,2,12.5,0,0,0,0,0,0,0,0,0,0,0,0,  
base4-61,Seel,base4,Pokémon,Basic,Water,Uncommon,60.0,1,1,0,0,The protruding horn on its head is very hard. This horn is used for bashing through thick ice.,1,10,1,1,10.0,0,0,0,0,0,0,0,0,0,0,0,0, 
base4-62,Tauros,base4,Pokémon,Basic,Colorless,Uncommon,60.0,2,1,0,0,"When it targets an enemy, it charges furiously while whipping its body with its long tails.",2,20,2,3,8.333333333333334,0,0,0,0,0,1,0,0,1,1,0,0,"Flip a coin. If heads, this attack does 20 damage plus 10 more damage; if tails, this attack does 20 damage. Does 20 damage plus 10 more damage for each damage counter on Tauros. Flip a coin. If tails, Tauros is now Confused (after doing damage). "
base4-63,Wartortle,base4,Pokémon,Stage 1,Water,Uncommon,70.0,1,0,1,0,"Often hides in water to stalk unweary prey. When swimming quickly, it moves its ears to maintain balance.",2,40,2,3,6.666666666666667,0,0,0,0,0,0,0,0,1,0,0,1,"Flip a coin. If heads, prevent all damage done to Wartortle during your opponent's next turn. (Any other effects of attacks still happen.)  "
base4-64,Weepinbell,base4,Pokémon,Stage 1,Grass,Uncommon,70.0,1,0,1,0,"It spits out poisonpowder to immobilize the enemy, and then finishes the enemy with a spray of acid.",2,30,1,2,12.5,0,0,0,0,0,1,0,0,1,0,0,0,"Flip a coin. If heads, the Defending Pokémon is now Poisoned.  "
base4-65,Abra,base4,Pokémon,Basic,Psychic,Common,30.0,0,1,0,0,"Using its ability to read minds, it will identify impending danger and teleport to safety.",1,10,1,1,10.0,0,0,0,0,0,1,0,0,1,0,0,0,"Flip a coin. If heads, the Defending Pokémon is now Paralyzed. "
base4-66,Bellsprout,base4,Pokémon,Basic,Grass,Common,40.0,1,1,0,0,A carnivorous Pokémon that traps and eats bugs. It uses its root feet to soak up needed moisture.,2,10,1,1,5.0,0,0,0,1,0,0,0,0,0,0,0,0, Search your deck for a Basic Pokémon named Bellsprout and put it onto your Bench. Shuffle your deck afterward. (You can't use this attack if your Bench is full.) 
base4-67,Bulbasaur,base4,Pokémon,Basic,Grass,Common,40.0,1,1,0,0,"A strange seed was planted on its back at birth. Thus, a plant sprouted and now grows with this Pokémon.",1,20,2,2,10.0,0,0,0,0,1,0,0,0,0,1,0,1,"Unless all damage from this attack is prevented, you may remove 1 damage counter from Bulbasaur. "
base4-68,Caterpie,base4,Pokémon,Basic,Grass,Common,40.0,1,1,0,0,Its short feet are tipped with suction pads that enable it to tirelessly climb slopes and walls.,1,10,1,1,10.0,0,0,0,0,0,1,0,0,1,0,0,0,"Flip a coin. If heads, the Defending Pokémon is now Paralyzed. "
base4-69,Charmander,base4,Pokémon,Basic,Fire,Common,50.0,1,1,0,0,"Obviously prefers hot places. If it gets caught in the rain, steam is said to spout from the tip of its tail.",2,30,1,2,12.5,0,0,0,0,0,0,0,1,0,0,0,0, Discard 1 Fire Energy card attached to Charmander in order to use this attack. 
base4-70,Cubone,base4,Pokémon,Basic,Fighting,Common,40.0,1,1,0,0,"Because it never removes its skull helmet, no one has ever seen this Pokémon's real face.",2,10,1,2,2.5,0,0,0,0,0,0,0,0,0,1,0,1,"If the Defending Pokémon attacks Cubone during your opponent's next turn, any damage done by the attack is reduced by 20 (after applying Weakness and Resistance). (Benching either Pokémon ends this effect.) Does 10 damage plus 10 more damage for each damage counter on Cubone. "
base4-71,Diglett,base4,Pokémon,Basic,Fighting,Common,30.0,0,1,0,0,"Lives about three feet underground, where it feeds on plant roots. It sometimes appears above ground.",2,30,1,2,12.5,0,0,0,0,0,0,0,0,0,0,0,0,  
base4-72,Doduo,base4,Pokémon,Basic,Colorless,Common,50.0,0,1,0,0,A bird that makes up for its poor flying with its fast foot speed. Leaves giant footprints.,1,10,1,1,10.0,0,0,0,0,0,0,0,0,0,0,0,0,Flip 2 coins. This attack does 10 damage times the number of heads. 
base4-73,Drowzee,base4,Pokémon,Basic,Psychic,Common,50.0,1,1,0,0,"Puts enemies to sleep, then eats their dreams. Occasionally gets sick from eating bad dreams.",2,10,1,2,7.5,0,0,0,0,0,1,0,0,1,0,0,0," Flip a coin. If heads, the Defending Pokémon is now Confused. "
base4-74,Exeggcute,base4,Pokémon,Basic,Grass,Common,50.0,1,1,0,0,"Often mistaken for eggs. When disturbed, they quickly gather and attack in swarms.",2,20,1,2,5.0,0,0,0,0,1,1,0,0,0,1,0,1,"The Defending Pokémon is now Asleep. Unless all damage from this attack is prevented, you may remove 1 damage counter from Exeggcute. "
base4-75,Gastly,base4,Pokémon,Basic,Psychic,Common,30.0,0,1,0,0,"Almost invisible, this gaseous Pokémon cloaks the target and puts it to sleep without notice.",2,0,1,2,0.0,0,0,0,0,0,1,0,1,1,0,0,0,"Flip a coin. If heads, the Defending Pokémon is now Asleep. Discard 1 Psychic Energy card attached to Gastly in order to use this attack. If a Pokémon Knocks Out Gastly during your opponent's next turn, Knock Out that Pokémon. "
base4-76,Goldeen,base4,Pokémon,Basic,Water,Common,40.0,0,1,0,0,"Its tail fin billows like an elegant ballroom dress, giving it the nickname ""Water Queen.""",1,10,1,1,10.0,0,0,0,0,0,0,0,0,0,0,0,0, 
base4-77,Jigglypuff,base4,Pokémon,Basic,Colorless,Common,60.0,1,1,0,0,"When its huge eyes light up, it sings a mysteriously soothing melody that lulls its enemies to sleep.",2,20,1,2,5.0,0,0,0,0,0,1,0,0,0,0,0,0,The Defending Pokémon is now Asleep.  
base4-78,Machop,base4,Pokémon,Basic,Fighting,Common,50.0,1,1,0,0,Loves to build its muscles. It trains in all styles of martial arts to become even stronger.,1,20,1,1,20.0,0,0,0,0,0,0,0,0,0,0,0,0, 
base4-79,Magnemite,base4,Pokémon,Basic,Lightning,Common,40.0,1,1,0,0,Uses anti-gravity to stay suspended. Appears without warning and uses attacks like Thunder Wave.,2,40,1,2,15.0,0,0,0,0,0,1,0,0,1,0,0,0,"Flip a coin. If heads, the Defending Pokémon is now Paralyzed. Does 10 damage to each Pokémon on each player's Bench. (Don't apply Weakness and Resistance for Benched Pokémon.) Magnemite does 40 damage to itself. "
base4-80,Meowth,base4,Pokémon,Basic,Colorless,Common,50.0,1,1,0,0,Adores circular objects. Wanders the streets on a nightly basis to look for dropped loose change.,1,10,2,2,5.0,0,0,1,0,0,0,0,0,1,0,0,0,"Flip a coin. If heads, draw a card. "
base4-81,Metapod,base4,Pokémon,Stage 1,Grass,Common,70.0,2,0,1,0,"It is vulnerable to attack because its shell is soft, exposing its weak and tender body.",2,20,2,2,5.0,0,0,0,0,0,1,0,0,1,0,0,1,"Flip a coin. If heads, prevent all damage done to Metapod during your opponent's next turn. (Any other effects of attacks still happen.) Flip a coin. If heads, the Defending Pokémon is now Paralyzed. "
base4-82,Nidoran ♀,base4,Pokémon,Basic,Grass,Common,60.0,1,1,0,0,"Although small, its venomous barbs make this Pokémon dangerous. The female has smaller horns.",2,10,1,2,5.0,0,0,0,1,0,0,0,0,0,0,0,0,Flip 3 coins. This attack does 10 damage times the number of heads. Search your deck for a Basic Pokémon named Nidoran ♂ or Nidoran ♀ and put it onto your Bench. Shuffle your deck afterward. (You can't use this attack if your Bench is full.) 
base4-83,Nidoran ♂,base4,Pokémon,Basic,Grass,Common,40.0,1,1,0,0,"Stiffens its ears to sense danger. The larger, more powerful of its horns secretes venom.",1,30,1,1,30.0,0,0,0,0,0,0,0,0,1,0,0,0,"Flip a coin. If tails, this attack does nothing. "
base4-84,Onix,base4,Pokémon,Basic,Fighting,Common,90.0,3,1,0,0,"As it grows, the stone portions of its body harden to become similar to a diamond, though colored black.",2,10,1,2,5.0,0,0,0,0,0,0,0,0,0,0,0,1," During your opponent's next turn, whenever 30 or less damage is done to Onix (after applying Weakness and Resistance), prevent that damage. (Any other effects of attacks still happen.) "
base4-85,Paras,base4,Pokémon,Basic,Grass,Common,40.0,1,1,0,0,Burrows to suck tree roots. The mushrooms on its back grow by drawing nutrients from the bug host.,2,20,2,2,5.0,0,0,0,0,0,1,0,0,0,0,0,0, The Defending Pokémon is now Asleep. 
base4-86,Pidgey,base4,Pokémon,Basic,Colorless,Common,40.0,1,1,0,0,A common sight in forests and woods. It flaps its wings at ground level to kick up blinding sand.,1,10,2,2,5.0,0,0,0,0,0,0,0,0,0,0,1,0,"If your opponent has any Benched Pokémon, he or she chooses 1 of them and switches it with the Defending Pokémon. (Do the damage before switching the Pokémon.) "
base4-87,Pikachu,base4,Pokémon,Basic,Lightning,Common,40.0,1,1,0,0,"When several of these Pokémon gather, their electricity can cause lightning storms.",2,30,1,2,12.5,0,0,0,0,0,0,0,0,1,0,0,0," Flip a coin. If tails, Pikachu does 10 damage to itself. "
base4-88,Poliwag,base4,Pokémon,Basic,Water,Common,40.0,1,1,0,0,Its newly grown legs prevent it from running. It appears to prefer swimming over trying to stand.,1,10,1,1,10.0,0,0,0,0,0,0,0,0,0,0,0,0,Does 10 damage plus 10 more damage for each Water Energy attached to Poliwag but not used to pay for this attack's Energy cost. You can't add more than 20 damage in this way. 
base4-89,Rattata,base4,Pokémon,Basic,Colorless,Common,30.0,0,1,0,0,"Bites anything when it attacks. Small and very quick, it is a common sight in many places.",1,20,1,1,20.0,0,0,0,0,0,0,0,0,0,0,0,0, 
base4-90,Rhyhorn,base4,Pokémon,Basic,Fighting,Common,70.0,3,1,0,0,"Its massive bones are 1,000 times harder than human bones. It can easily knock a trailer flying.",2,30,1,3,5.0,0,0,0,0,0,0,0,0,1,0,0,0,"Flip a coin. If heads, the Defending Pokémon can't attack Rhyhorn during your opponent's next turn. (Benching either Pokémon ends this effect.)  "
base4-91,Sandshrew,base4,Pokémon,Basic,Fighting,Common,40.0,1,1,0,0,Burrows deep underground in arid locations far from water. It only emerges to hunt for food.,1,10,1,1,10.0,0,0,0,0,0,0,0,0,0,0,0,0,"If the Defending Pokémon tries to attack during your opponent's next turn, your opponent flips a coin. If tails, that attack does nothing. "
base4-92,Spearow,base4,Pokémon,Basic,Colorless,Common,50.0,0,1,0,0,Eats bugs in grassy areas. It has to flap its short wings at high speeds to stay airborne.,2,10,1,3,5.0,0,0,0,0,0,0,0,0,0,0,0,0," If Spearow was attacked last turn, do the final result of that attack on Spearow to the Defending Pokémon. "
base4-93,Squirtle,base4,Pokémon,Basic,Water,Common,40.0,1,1,0,0,"After birth, its back swells and hardens into a shell. It powerfully sprays foam from its mouth.",2,10,1,2,5.0,0,0,0,0,0,1,0,0,1,0,0,1,"Flip a coin. If heads, the Defending Pokémon is now Paralyzed. Flip a coin. If heads, prevent all damage done to Squirtle during your opponent's next turn. (Any other effects of opponent's attacks still happen.) "
base4-94,Starmie,base4,Pokémon,Stage 1,Water,Common,60.0,1,0,1,0,Its central core glows with the seven colors of the rainbow. Some people value this core as a gem.,2,20,2,3,3.3333333333333335,0,0,0,0,1,1,0,1,1,1,0,0,"Discard 1 Water Energy card attached to Starmie in order to use this attack. Remove all damage counters from Starmie. Flip a coin. If heads, the Defending Pokémon is now Paralyzed. "
base4-95,Staryu,base4,Pokémon,Basic,Water,Common,40.0,1,1,0,0,An enigmatic Pokémon that can effortlessly regenerate any appendage it loses in battle.,1,20,1,1,20.0,0,0,0,0,0,0,0,0,0,0,0,0, 
base4-96,Tangela,base4,Pokémon,Basic,Grass,Common,50.0,2,1,0,0,Its whole body is swathed with wide vines that are similar to seaweed. These vines shake as it walks.,2,20,2,3,8.333333333333334,0,0,0,0,0,1,0,0,1,0,0,0,"Flip a coin. If heads, the Defending Pokémon is now Paralyzed. The Defending Pokémon is now Poisoned. "
base4-97,Venonat,base4,Pokémon,Basic,Grass,Common,40.0,1,1,0,0,Lives in the shadows of tall trees where it eats insects. It is attracted by light at night.,2,10,1,2,7.5,0,0,0,0,0,1,0,0,1,1,0,0,"Flip a coin. If heads, the Defending Pokémon is now Paralyzed. Remove a number of damage counters from Venonat equal to the damage done to the Defending Pokémon (after applying Weakness and Resistance). If Venonat has fewer damage counters than that, remove all of them. "
base4-98,Voltorb,base4,Pokémon,Basic,Lightning,Common,40.0,1,1,0,0,"Usually found in power plants. Easily mistaken for a Poké Ball, it has zapped many people.",1,10,1,1,10.0,0,0,0,0,0,0,0,0,0,0,0,0, 
base4-99,Vulpix,base4,Pokémon,Basic,Fire,Common,50.0,1,1,0,0,"At the time of birth, it has just one tail. Its tail splits from the tip as it grows older.",1,10,2,2,5.0,0,0,0,0,0,1,0,0,1,0,0,0,"Flip a coin. If heads, the Defending Pokémon is now Confused. "
base4-100,Weedle,base4,Pokémon,Basic,Grass,Common,40.0,1,1,0,0,"Often found in forests, eating leaves. It has a sharp, venomous stinger on its head.",1,10,1,1,10.0,0,0,0,0,0,1,0,0,1,0,0,0,"Flip a coin. If heads, the Defending Pokémon is now Poisoned. "
base4-101,Computer Search,base4,Trainer,,,Rare,,0,0,0,0,,0,0,0,0,0.0,0,0,0,0,0,0,0,0,0,0,0,0, 
base4-102,Imposter Professor Oak,base4,Trainer,,,Rare,,0,0,0,0,,0,0,0,0,0.0,0,0,0,0,0,0,0,0,0,0,0,0, 
base4-103,Item Finder,base4,Trainer,,,Rare,,0,0,0,0,,0,0,0,0,0.0,0,0,0,0,0,0,0,0,0,0,0,0, 
base4-104,Lass,base4,Trainer,,,Rare,,0,0,0,0,,0,0,0,0,0.0,0,0,0,0,0,0,0,0,0,0,0,0, 
base4-105,Pokémon Breeder,base4,Trainer,,,Rare,,0,0,0,0,,0,0,0,0,0.0,0,0,0,0,0,0,0,0,0,0,0,0, 
base4-106,Pokémon Trader,base4,Trainer,,,Rare,,0,0,0,0,,0,0,0,0,0.0,0,0,0,0,0,0,0,0,0,0,0,0, 
base4-107,Scoop Up,base4,Trainer,,,Rare,,0,0,0,0,,0,0,0,0,0.0,0,0,0,0,0,0,0,0,0,0,0,0, 
base4-108,Super Energy Removal,base4,Trainer,,,Rare,,0,0,0,0,,0,0,0,0,0.0,0,0,0,0,0,0,0,0,0,0,0,0, 
base4-109,Defender,base4,Trainer,,,Uncommon,,0,0,0,0,,0,0,0,0,0.0,0,0,0,0,0,0,0,0,0,0,0,0, 
base4-110,Energy Retrieval,base4,Trainer,,,Uncommon,,0,0,0,0,,0,0,0,0,0.0,0,0,0,0,0,0,0,0,0,0,0,0, 
base4-111,Full Heal,base4,Trainer,,,Uncommon,,0,0,0,0,,0,0,0,0,0.0,0,0,0,0,0,0,0,0,0,0,0,0, 
base4-112,Maintenance,base4,Trainer,,,Uncommon,,0,0,0,0,,0,0,0,0,0.0,0,0,0,0,0,0,0,0,0,0,0,0, 
base4-113,PlusPower,base4,Trainer,,,Uncommon,,0,0,0,0,,0,0,0,0,0.0,0,0,0,0,0,0,0,0,0,0,0,0, 
base4-114,Pokémon Center,base4,Trainer,,,Uncommon,,0,0,0,0,,0,0,0,0,0.0,0,0,0,0,0,0,0,0,0,0,0,0, 
base4-115,Pokédex,base4,Trainer,,,Uncommon,,0,0,0,0,,0,0,0,0,0.0,0,0,0,0,0,0,0,0,0,0,0,0, 
base4-116,Professor Oak,base4,Trainer,,,Uncommon,,0,0,0,0,,0,0,0,0,0.0,0,0,0,0,0,0,0,0,0,0,0,0, 
base4-117,Super Potion,base4,Trainer,,,Uncommon,,0,0,0,0,,0,0,0,0,0.0,0,0,0,0,0,0,0,0,0,0,0,0, 
base4-118,Bill,base4,Trainer,,,Common,,0,0,0,0,,0,0,0,0,0.0,0,0,0,0,0,0,0,0,0,0,0,0, 
base4-119,Energy Removal,base4,Trainer,,,Common,,0,0,0,0,,0,0,0,0,0.0,0,0,0,0,0,0,0,0,0,0,0,0, 
base4-120,Gust of Wind,base4,Trainer,,,Common,,0,0,0,0,,0,0,0,0,0.0,0,0,0,0,0,0,0,0,0,0,0,0, 
base4-121,Poké Ball,base4,Trainer,,,Common,,0,0,0,0,,0,0,0,0,0.0,0,0,0,0,0,0,0,0,0,0,0,0, 
base4-122,Potion,base4,Trainer,,,Common,,0,0,0,0,,0,0,0,0,0.0,0,0,0,0,0,0,0,0,0,0,0,0, 
base4-123,Switch,base4,Trainer,,,Common,,0,0,0,0,,0,0,0,0,0.0,0,0,0,0,0,0,0,0,0,0,0,0, 
base4-124,Double Colorless Energy,base4,Energy,Special,,Uncommon,,0,0,0,0,,0,0,0,0,0.0,0,0,0,0,0,0,0,0,0,0,0,0, 
base4-125,Fighting Energy,base4,Energy,Basic,,,,0,1,0,0,,0,0,0,0,0.0,0,0,0,0,0,0,0,0,0,0,0,0, 
base4-126,Fire Energy,base4,Energy,Basic,,,,0,1,0,0,,0,0,0,0,0.0,0,0,0,0,0,0,0,0,0,0,0,0, 
base4-127,Grass Energy,base4,Energy,Basic,,,,0,1,0,0,,0,0,0,0,0.0,0,0,0,0,0,0,0,0,0,0,0,0, 
base4-128,Lightning Energy,base4,Energy,Basic,,,,0,1,0,0,,0,0,0,0,0.0,0,0,0,0,0,0,0,0,0,0,0,0, 
base4-129,Psychic Energy,base4,Energy,Basic,,,,0,1,0,0,,0,0,0,0,0.0,0,0,0,0,0,0,0,0,0,0,0,0, 
base4-130,Water Energy,base4,Energy,Basic,,,,0,1,0,0,,0,0,0,0,0.0,0,0,0,0,0,0,0,0,0,0,0,0, 
base5-1,Dark Alakazam,base5,Pokémon,Stage 2,Psychic,Rare Holo,60.0,3,0,0,1,"Almost as if it were being controlled by something else, it never changes expressions, even in the middle of battle.",2,40,3,3,11.666666666666668,0,0,0,0,0,0,0,0,0,0,1,0,You may switch Dark Alakazam with 1 of your Benched Pokémon. (Do the damage before switching the Pokémon.) Don't apply Weakness and Resistance for this attack. (Any other effects that would happen after applying Weakness and Resistance still happen.) 
base5-2,Dark Arbok,base5,Pokémon,Stage 1,Grass,Rare Holo,60.0,2,0,1,0,"Freezes its prey with its stare. If you should encounter one, remember not to look into its eyes.",2,10,2,3,1.6666666666666667,0,0,0,0,0,1,0,0,0,0,0,0,"Choose 1 of your opponent's Pokémon. This attack does 10 damage to that Pokémon. Don't apply Weakness and Resistance for this attack. (Any other effects that would happen after applying Weakness and Resistance still happen.) If that Pokémon has a Pokémon Power, that power stops working until the end of your opponent's next turn. The Defending Pokémon is now Poisoned. This attack does 10 damage to each of your opponent's Benched Pokémon. (Don't apply Weakness and Resistance for Benched Pokémon.) "
base5-3,Dark Blastoise,base5,Pokémon,Stage 2,Water,Rare Holo,70.0,2,0,0,1,An aggressive Pokémon that tackles anything it sees.,2,40,2,3,14.166666666666668,0,0,0,0,0,0,0,0,1,0,0,1,"Does 30 damage plus 20 more damage for each Water Energy attached to Dark Blastoise but not used to pay for this attack. You can't add more than 40 damage in this way. Dark Blastoise does 10 damage to itself. Flip a coin. If heads, prevent all damage done to Dark Blastoise during your opponent's next turn. (Any other effects of attacks still happen.) "
base5-4,Dark Charizard,base5,Pokémon,Stage 2,Fire,Rare Holo,80.0,3,0,0,1,"Seemingly possessed, it spews fire like a volcano, trying to burn all it sees.",2,50,1,2,17.5,0,0,0,0,0,0,0,1,0,0,0,0, Flip a number of coins equal to the number of Fire Energy cards attached to Dark Charizard. This attack does 50 damage times the number of heads. Discard a number of Fire Energy cards attached to Dark Charizard equal to the number of heads. 
base5-5,Dark Dragonite,base5,Pokémon,Stage 2,Colorless,Rare Holo,70.0,2,0,0,1,"Sometimes called ""The God of Destruction."" Its wings are able to support it in spite of its massive weight.",1,70,4,4,17.5,1,1,0,1,0,0,0,0,1,0,0,0,"Flip a coin. If tails, this attack does nothing. When you play Dark Dragonite from your hand, search your deck for up to 2 Basic Pokémon and put them onto your Bench. Shuffle your deck afterward. Summon Minions"
base5-6,Dark Dugtrio,base5,Pokémon,Stage 1,Fighting,Rare Holo,50.0,2,0,1,0,Digs large sinkholes in the ground and tries to trap its enemies in them.,1,20,2,2,10.0,1,1,0,0,0,1,0,0,0,0,0,0,"Your opponent flips a coin. If tails, this attack does 20 damage plus 20 more damage; if heads, this attack does 20 damage. Whenever your opponent's Active Pokémon retreats, your opponent flips a coin. If tails, this power does 20 damage to that Pokémon. (Don't apply Weakness and Resistance.) This power stops working while Dark Dugtrio is Asleep, Confused, or Paralyzed. Sinkhole"
base5-7,Dark Golbat,base5,Pokémon,Stage 1,Grass,Rare Holo,50.0,0,0,1,0,"Sneaks up silently on its prey and attacks it from behind, sometimes killing it with one bite.",1,0,2,2,0.0,1,1,0,0,0,0,0,0,0,0,0,0,"Choose 1 of your opponent's Pokémon. This attack does 20 damage to that Pokémon. Don't apply Weakness and Resistance for this attack. (Any other effects that would happen after applying Weakness and Resistance still happen.) When you play Dark Golbat from your hand, you may choose 1 of your opponent's Pokémon. If you do, Dark Golbat does 10 damage to that Pokémon. Apply Weakness and Resistance. Sneak Attack"
base5-8,Dark Gyarados,base5,Pokémon,Stage 1,Water,Rare Holo,70.0,2,0,1,0,"Normally found only in the deep ocean, it has recently been seen in shallow waters as well.",1,30,3,3,10.0,1,1,0,0,0,1,0,0,1,0,0,0,"Flip a coin. If heads, the Defending Pokémon is now Paralyzed. When Dark Gyarados is Knocked Out by an attack, flip a coin. If heads, this power does 20 damage for each Water Energy attached to Dark Gyarados to the Pokémon that Knocked Out Dark Gyarados. Apply Weakness and Resistance. This power doesn't work if Dark Gyarados is Asleep, Confused, or Paralyzed. Final Beam"
base5-9,Dark Hypno,base5,Pokémon,Stage 1,Psychic,Rare Holo,60.0,2,0,1,0,Carries a pendulum with it always. Sometimes appears near less-traveled roads and schools at dusk.,2,20,1,3,13.333333333333334,0,0,0,0,0,0,0,0,0,0,0,0, Your opponent flips a number of coins equal to the number of Pokémon on his or her Bench. This attack does 20 damage times the number of tails. Don't apply Weakness and Resistance for this attack. (Any other effects that would happen after applying Weakness and Resistance still happen.) 
base5-10,Dark Machamp,base5,Pokémon,Stage 2,Fighting,Rare Holo,70.0,3,0,0,1,It is almost impossible to defend against a Machamp's four powerful arms.,2,30,2,4,7.5,0,0,0,0,0,0,0,0,0,0,0,0, Your opponent shuffles his or her Active Pokémon and all cards attached to it into his or her deck. This attack can't be used if your opponent has no Benched Pokémon. 
base5-11,Dark Magneton,base5,Pokémon,Stage 1,Lightning,Rare Holo,60.0,2,0,1,0,The number of incidents of hackers using Magnetons to damage computer systems is steadily increasing.,2,30,2,2,12.5,0,0,0,0,0,0,1,0,0,0,0,0,"Don't apply Weakness and Resistance for this attack. (Any other effects that would happen after applying Weakness and Resistance still happen.) If the Defending Pokémon has any basic Energy cards attached to it, choose 1 of them. If your opponent has any Benched Pokémon, choose 1 of them and attach that Energy card to it. "
base5-12,Dark Slowbro,base5,Pokémon,Stage 1,Psychic,Rare Holo,60.0,2,0,1,0,"It loves nothing better than to be left alone, and so sometimes ends up being manipulated by unscrupulous people.",1,40,2,2,20.0,1,1,0,0,0,0,0,1,1,0,0,0,"Flip a coin. If tails, this attack does nothing. When you play Dark Slowbro from your hand, choose up to 3 Basic Pokémon and/or Evolution cards from your discard pile and put them into your hand. Reel In"
base5-13,Dark Vileplume,base5,Pokémon,Stage 2,Grass,Rare Holo,60.0,2,0,0,1,"Perhaps because of their strong-smelling pollen, other Pokémon do not approach areas where Vileplumes live.",1,30,3,3,10.0,1,1,0,0,0,1,0,0,1,0,0,0,"Flip a coins. This attack does 30 damage times the number of heads. If you get 2 or more heads, Dark Vileplume is now Confused (after doing damage). No Trainer cards can be played. This power stops working while Dark Vileplume is Asleep, Confused, or Paralyzed. Hay Fever"
base5-14,Dark Weezing,base5,Pokémon,Stage 1,Grass,Rare Holo,60.0,1,0,1,0,Researchers have observed these Pokémon reproducing in industrial waste sites.,2,20,2,3,8.333333333333334,0,0,0,0,0,1,0,0,1,0,0,0,"Does 20 damage times the total number of Koffings, Weezings, and Dark Weezings in play (Apply Weakness and Resistance.). Then, this attack does 20 damage to each Koffing, Weezing, and Dark Weezing (even your own). Don't apply Weakness and Resistance. Flip a coin. If heads, the Defending Pokémon is now Poisoned; if tails, the Defending Pokémon is now Paralyzed. "
base5-15,Here Comes Team Rocket!,base5,Trainer,,,Rare Holo,,0,0,0,0,,0,0,0,0,0.0,0,0,0,0,0,0,0,0,0,0,0,0, 
base5-16,Rocket's Sneak Attack,base5,Trainer,,,Rare Holo,,0,0,0,0,,0,0,0,0,0.0,0,0,0,0,0,0,0,0,0,0,0,0, 
base5-17,Rainbow Energy,base5,Energy,Special,,Rare Holo,,0,0,0,0,,0,0,0,0,0.0,0,0,0,0,0,0,0,0,0,0,0,0, 
base5-18,Dark Alakazam,base5,Pokémon,Stage 2,Psychic,Rare,60.0,3,0,0,1,"Almost as if it were being controlled by something else, it never changes expressions, even in the middle of battle.",2,40,3,3,11.666666666666668,0,0,0,0,0,0,0,0,0,0,1,0,You may switch Dark Alakazam with 1 of your Benched Pokémon. (Do the damage before switching the Pokémon.) Don't apply Weakness and Resistance for this attack. (Any other effects that would happen after applying Weakness and Resistance still happen.) 
base5-19,Dark Arbok,base5,Pokémon,Stage 1,Grass,Rare,60.0,2,0,1,0,"Freezes its prey with its stare. If you should encounter one, remember not to look into its eyes.",2,10,2,3,1.6666666666666667,0,0,0,0,0,1,0,0,0,0,0,0,"Choose 1 of your opponent's Pokémon. This attack does 10 damage to that Pokémon. Don't apply Weakness and Resistance for this attack. (Any other effects that would happen after applying Weakness and Resistance still happen.) If that Pokémon has a Pokémon Power, that power stops working until the end of your opponent's next turn. The Defending Pokémon is now Poisoned. This attack does 10 damage to each of your opponent's Benched Pokémon. (Don't apply Weakness and Resistance for Benched Pokémon.) "
base5-20,Dark Blastoise,base5,Pokémon,Stage 2,Water,Rare,70.0,2,0,0,1,An aggressive Pokémon that tackles anything it sees.,2,40,2,3,14.166666666666668,0,0,0,0,0,0,0,0,1,0,0,1,"Does 30 damage plus 20 more damage for each Water Energy attached to Dark Blastoise but not used to pay for this attack. You can't add more than 40 damage in this way. Dark Blastoise does 10 damage to itself. Flip a coin. If heads, prevent all damage done to Dark Blastoise during your opponent's next turn. (Any other effects of attacks still happen.) "
base5-21,Dark Charizard,base5,Pokémon,Stage 2,Fire,Rare,80.0,3,0,0,1,"Seemingly possessed, it spews fire like a volcano, trying to burn all it sees.",2,50,1,2,17.5,0,0,0,0,0,0,0,1,0,0,0,0, Flip a number of coins equal to the number of Fire Energy cards attached to Dark Charizard. This attack does 50 damage times the number of heads. Discard a number of Fire Energy cards attached to Dark Charizard equal to the number of heads. 
base5-22,Dark Dragonite,base5,Pokémon,Stage 2,Colorless,Rare,70.0,2,0,0,1,"Sometimes called ""The God of Destruction."" Its wings are able to support it in spite of its massive weight.",1,70,4,4,17.5,1,1,0,1,0,0,0,0,1,0,0,0,"Flip a coin. If tails, this attack does nothing. When you play Dark Dragonite from your hand, search your deck for up to 2 Basic Pokémon and put them onto your Bench. Shuffle your deck afterward. Summon Minions"
base5-23,Dark Dugtrio,base5,Pokémon,Stage 1,Fighting,Rare,50.0,2,0,1,0,Digs large sinkholes in the ground and tries to trap its enemies in them.,1,20,2,2,10.0,1,1,0,0,0,1,0,0,0,0,0,0,"Your opponent flips a coin. If tails, this attack does 20 damage plus 20 more damage; if heads, this attack does 20 damage. Whenever your opponent's Active Pokémon retreats, your opponent flips a coin. If tails, this power does 20 damage to that Pokémon. (Don't apply Weakness and Resistance.) This power stops working while Dark Dugtrio is Asleep, Confused, or Paralyzed. Sinkhole"
base5-24,Dark Golbat,base5,Pokémon,Stage 1,Grass,Rare,50.0,0,0,1,0,"Sneaks up silently on its prey and attacks it from behind, sometimes killing it with one bite.",1,0,2,2,0.0,1,1,0,0,0,0,0,0,0,0,0,0,"Choose 1 of your opponent's Pokémon. This attack does 20 damage to that Pokémon. Don't apply Weakness and Resistance for this attack. (Any other effects that would happen after applying Weakness and Resistance still happen.) When you play Dark Golbat from your hand, you may choose 1 of your opponent's Pokémon. If you do, Dark Golbat does 10 damage to that Pokémon. Apply Weakness and Resistance. Sneak Attack"
base5-25,Dark Gyarados,base5,Pokémon,Stage 1,Water,Rare,70.0,2,0,1,0,"Normally found only in the deep ocean, it has recently been seen in shallow waters as well.",1,30,3,3,10.0,1,1,0,0,0,1,0,0,1,0,0,0,"Flip a coin. If heads, the Defending Pokémon is now Paralyzed. When Dark Gyarados is Knocked Out by an attack, flip a coin. If heads, this power does 20 damage for each Water Energy attached to Dark Gyarados to the Pokémon that Knocked Out Dark Gyarados. Apply Weakness and Resistance. This power doesn't work if Dark Gyarados is Asleep, Confused, or Paralyzed. Final Beam"
base5-26,Dark Hypno,base5,Pokémon,Stage 1,Psychic,Rare,60.0,2,0,1,0,Carries a pendulum with it always. Sometimes appears near less-traveled roads and schools at dusk.,2,20,1,3,13.333333333333334,0,0,0,0,0,0,0,0,0,0,0,0, Your opponent flips a number of coins equal to the number of Pokémon on his or her Bench. This attack does 20 damage times the number of tails. Don't apply Weakness and Resistance for this attack. (Any other effects that would happen after applying Weakness and Resistance still happen.) 
base5-27,Dark Machamp,base5,Pokémon,Stage 2,Fighting,Rare,70.0,3,0,0,1,It is almost impossible to defend against a Machamp's four powerful arms.,2,30,2,4,7.5,0,0,0,0,0,0,0,0,0,0,0,0, Your opponent shuffles his or her Active Pokémon and all cards attached to it into his or her deck. This attack can't be used if your opponent has no Benched Pokémon. 
base5-28,Dark Magneton,base5,Pokémon,Stage 1,Lightning,Rare,60.0,2,0,1,0,The number of incidents of hackers using Magnetons to damage computer systems is steadily increasing.,2,30,2,2,12.5,0,0,0,0,0,0,1,0,0,0,0,0,"Don't apply Weakness and Resistance for this attack. (Any other effects that would happen after applying Weakness and Resistance still happen.) If the Defending Pokémon has any basic Energy cards attached to it, choose 1 of them. If your opponent has any Benched Pokémon, choose 1 of them and attach that Energy card to it. "
base5-29,Dark Slowbro,base5,Pokémon,Stage 1,Psychic,Rare,60.0,2,0,1,0,"It loves nothing better than to be left alone, and so sometimes ends up being manipulated by unscrupulous people.",1,40,2,2,20.0,1,1,0,0,0,0,0,1,1,0,0,0,"Flip a coin. If tails, this attack does nothing. When you play Dark Slowbro from your hand, choose up to 3 Basic Pokémon and/or Evolution cards from your discard pile and put them into your hand. Reel In"
base5-30,Dark Vileplume,base5,Pokémon,Stage 2,Grass,Rare,60.0,2,0,0,1,"Perhaps because of their strong-smelling pollen, other Pokémon do not approach areas where Vileplumes live.",1,30,3,3,10.0,1,1,0,0,0,1,0,0,1,0,0,0,"Flip a coins. This attack does 30 damage times the number of heads. If you get 2 or more heads, Dark Vileplume is now Confused (after doing damage). No Trainer cards can be played. This power stops working while Dark Vileplume is Asleep, Confused, or Paralyzed. Hay Fever"
base5-31,Dark Weezing,base5,Pokémon,Stage 1,Grass,Rare,60.0,1,0,1,0,Researchers have observed these Pokémon reproducing in industrial waste sites.,2,20,2,3,8.333333333333334,0,0,0,0,0,1,0,0,1,0,0,0,"Does 20 damage times the total number of Koffings, Weezings, and Dark Weezings in play (Apply Weakness and Resistance.). Then, this attack does 20 damage to each Koffing, Weezing, and Dark Weezing (even your own). Don't apply Weakness and Resistance. Flip a coin. If heads, the Defending Pokémon is now Poisoned; if tails, the Defending Pokémon is now Paralyzed. "
base5-32,Dark Charmeleon,base5,Pokémon,Stage 1,Fire,Uncommon,50.0,2,0,1,0,"Its tail is incredibly strong, able to lift up to 5 adult men.",2,70,2,3,16.666666666666664,0,0,0,0,0,0,0,1,1,0,0,0," Use this attack only if there are any Fire Energy cards attached to Dark Charmeleon. Flip a coin. If heads, discard 1 of those Energy cards. If tails, this attack does nothing (not even damage). "
base5-33,Dark Dragonair,base5,Pokémon,Stage 1,Colorless,Uncommon,60.0,2,0,1,0,"As is fitting for a legendary Pokémon, it has many strange powers, including the ability to make rain or snow fall.",1,20,3,3,6.666666666666667,1,1,0,1,0,1,0,0,1,0,0,0,"Flip a coin. If heads, this attack does 20 damage plus 20 more damage; if tails, this attack does 20 damage. Once during your turn (before your attack), you may search your deck for an Evolution card. Show it to your opponent and put it into your hand. Shuffle your deck afterward. This power can't be used if Dark Dragonair is Asleep, Confused, or Paralyzed. Evolutionary Light"
base5-34,Dark Electrode,base5,Pokémon,Stage 1,Lightning,Uncommon,60.0,1,0,1,0,Some researchers hypothesize that Electrode may actually be a form of energy instead of having an actual body.,2,30,1,2,12.5,0,0,0,0,0,0,0,1,0,0,0,0," Take all Energy cards attached to Dark Electrode and attach them to your Benched Pokémon (in any way you choose). If you have no Benched Pokémon, discard all Energy cards attached to Dark Electrode. "
base5-35,Dark Flareon,base5,Pokémon,Stage 1,Fire,Uncommon,50.0,1,0,1,0,A Pokémon with a hot temper that can't be controlled once it's angered. Capable of breathing flames hotter than 3000°.,2,30,1,2,12.5,0,0,0,0,0,0,0,1,1,1,0,0,"Does 10 damage plus 10 more damage for each damage counter on Dark Flareon. Use this attack only if there are any Fire Energy cards attached to Dark Flareon. Flip a coin. If heads, discard 1 of those Energy cards and this attack does 30 damage plus 20 more damage; if tails, this attack does 30 damage. "
base5-36,Dark Gloom,base5,Pokémon,Stage 1,Grass,Uncommon,50.0,2,0,1,0,Its pollen has such a strong smell that it even confuses itself at times.,1,10,2,2,5.0,1,1,0,0,0,1,0,0,1,0,0,0,"The Defending Pokémon is now Poisoned. Once during your turn (before your attack), you may flip a coin. If heads, the Defending Pokémon is now Confused; if tails, your Active Pokémon is now Confused. This power can't be used if Dark Gloom is Asleep, Confused, or Paralyzed. Pollen Stench"
base5-37,Dark Golduck,base5,Pokémon,Stage 1,Water,Uncommon,60.0,2,0,1,0,"When Psyducks evolve, their headaches disappear and they find themselves in possession of formidable mental powers.",2,50,1,3,8.333333333333334,0,0,1,0,0,0,0,1,0,0,0,0,Discard 1 Energy card attached to Dark Golduck in order to draw up to 3 cards.  
base5-38,Dark Jolteon,base5,Pokémon,Stage 1,Lightning,Uncommon,50.0,1,0,1,0,A dangerous Pokémon when angered. It likes to playfully shock people with the electricity it stores within its body.,2,30,1,3,15.0,0,0,0,0,0,1,0,0,1,0,0,0,"If the Defending Pokémon tries to attack during your opponent's next turn, your opponent flips a coin. If tails, that attack does nothing. Flip a coin. If heads, the Defending Pokémon is now Paralyzed. If tails, Dark Jolteon does 10 damage to itself. "
base5-39,Dark Kadabra,base5,Pokémon,Stage 1,Psychic,Uncommon,50.0,2,0,1,0,Some people say that Kadabras are responsible for many of the mysterious events reported in the news.,1,30,2,2,15.0,1,1,1,0,0,1,0,1,0,0,0,0,"Don't apply Weakness and Resistance for this attack. (Any other effects that would happen after applying Weakness and Resistance still happen.) Once during your turn (before your attack), you may discard a card from your hand in order to draw a card. This power can't be used if Dark Kadabra is Asleep, Confused, or Paralyzed. Matter Exchange"
base5-40,Dark Machoke,base5,Pokémon,Stage 1,Fighting,Uncommon,60.0,2,0,1,0,"While normally peaceful and friendly, the number of incidents involving cruel Machokes is rising.",2,30,3,3,8.333333333333334,0,0,0,0,0,0,0,0,0,0,1,0,"Before doing damage, choose 1 of your opponent's Benched Pokémon and switch it with the Defending Pokémon. Do the damage to the new Defending Pokémon. This attack can't be used if your opponent has no Benched Pokémon. If your opponent has any Benched Pokémon, he or she chooses 1 of them and switches it with the Defending Pokémon. (Do the damage before switching the Pokémon.) "
base5-41,Dark Muk,base5,Pokémon,Stage 1,Grass,Uncommon,60.0,2,0,1,0,"Muks appear suddenly, spreading sludge everywhere. Whenever one appears in a city, panic ensues.",1,20,2,2,10.0,1,1,0,0,0,1,0,0,0,0,0,0,"The Defending Pokémon is now Poisoned. As long as Dark Muk is your Active Pokémon, your opponent pays ColorlessColorless more to retreat his or her Active Pokémon. This power stops working while Dark Muk is Asleep, Confused, or Paralyzed. Sticky Goo"
base5-42,Dark Persian,base5,Pokémon,Stage 1,Colorless,Uncommon,60.0,0,0,1,0,Popular with women because of its beautiful fur. The leader of the Rockets keeps one as a pet.,2,10,1,2,2.5,0,0,0,0,0,1,0,0,1,0,1,0,"Flip a coin. If heads, choose 1 of your opponent's Benched Pokémon and switch it with the Defending Pokémon. This attack can't be used if your opponent has no Benched Pokémon. Flip a coin. If heads, the Defending Pokémon is now Poisoned. "
base5-43,Dark Primeape,base5,Pokémon,Stage 1,Fighting,Uncommon,60.0,1,0,1,0,"Although Primeapes have always been mean, lately they seem to be becoming even more vicious and frenzied.",1,40,2,2,20.0,1,1,0,0,0,1,0,0,0,0,0,0,"Dark Primeape is now Confused (after doing damage). If Dark Primeape does any damage while it's Confused (even to itself), it does 30 more damage. Frenzy"
base5-44,Dark Rapidash,base5,Pokémon,Stage 1,Fire,Uncommon,60.0,0,0,1,0,"A wild, uncontrollable Pokémon. When running, it looks like a comet streaking through the sky.",2,30,2,2,12.5,0,0,0,0,0,0,0,1,0,0,0,0," You may discard 1 Fire Energy card attached to Dark Rapidash when you use this attack. If you do and if your opponent has any Benched Pokémon, choose 1 of them and this attack does 10 damage to it. (Don't apply Weakness and Resistance for Benched Pokémon.) "
base5-45,Dark Vaporeon,base5,Pokémon,Stage 1,Water,Uncommon,60.0,1,0,1,0,"A Pokémon capable of controlling water, so it is capable of creating giant whirlpools.",2,30,3,3,8.333333333333334,0,0,0,0,0,0,0,1,0,0,0,0," If the Defending Pokémon has any Energy cards attached to it, choose 1 of them and discard it. "
base5-46,Dark Wartortle,base5,Pokémon,Stage 1,Water,Uncommon,60.0,1,0,1,0,"A Pokémon with a negative attitude, it hides in its shell whenever it's in a bad mood—which is often.",2,10,1,2,5.0,0,0,0,0,0,0,0,0,0,0,0,0,"Flip 2 coins. This attack does 10 damage times the number of heads. If an attack does damage to Dark Wartortle during your opponent's next turn (even if Dark Wartortle is Knocked Out), Dark Wartortle attacks the Defending Pokémon for an equal amount of damage. "
base5-47,Magikarp,base5,Pokémon,Basic,Water,Uncommon,30.0,1,1,0,0,Recent research has revealed the presence of dragon DNA in this species of Pokémon.,2,10,1,3,5.0,0,0,0,1,0,0,0,0,0,0,0,0, Search your deck for an Evolution card named Gyarados or Dark Gyarados and put it on Magikarp. (This counts as evolving Magikarp.) Shuffle your deck afterward. 
base5-48,Porygon,base5,Pokémon,Basic,Colorless,Uncommon,40.0,0,1,0,0,"More and more people play the slots every day, trying to win a Porygon.",2,20,1,3,3.3333333333333335,0,0,0,0,0,1,0,0,1,0,0,0,"If the Defending Pokémon has a Weakness, you may change it to a type of your choice other than Colorless. Flip a coin. If heads, the Defending Pokémon is now Confused. "
base5-49,Abra,base5,Pokémon,Basic,Psychic,Common,40.0,1,1,0,0,"It teleports itself away from danger, making it difficult to capture.",2,10,1,1,5.0,0,0,0,0,0,1,0,1,1,0,0,0,"Shuffle Abra into your deck. (Discard all cards attached to Abra.) Flip a coin. If heads, the Defending Pokémon is now Paralyzed. "
base5-50,Charmander,base5,Pokémon,Basic,Fire,Common,40.0,1,1,0,0,"Many people find it cute and try to hold it, only to be burned by its tail.",1,20,1,1,20.0,1,1,0,0,0,1,0,0,0,0,0,0," Once during your turn (before your attack), you may take 1 Fire Energy card attached to 1 of your other Pokémon and attach it to Charmander. This power can't be used if Charmander is Asleep, Confused, or Paralyzed. Gather Fire"
base5-51,Dark Raticate,base5,Pokémon,Stage 1,Colorless,Common,50.0,1,0,1,0,A Raticate's front teeth are incredibly powerful; it can destroy a two-story house with them in 5 minutes.,2,50,2,3,13.333333333333334,0,0,0,0,0,0,0,0,1,0,0,0," Flip a coin. If tails, this attack does nothing. "
base5-52,Diglett,base5,Pokémon,Basic,Fighting,Common,40.0,0,1,0,0,"It follows Onixes in their tunnels, looking for scraps of food they have left behind.",2,20,1,2,5.0,0,0,0,0,0,0,0,0,0,0,0,0,Choose 1 of your opponent's Pokémon. This attack does 10 damage to that Pokémon. Don't apply Weakness and Resistance for this attack. (Any other effects that would happen after applying Weakness and Resistance still happen.)  
base5-53,Dratini,base5,Pokémon,Basic,Colorless,Common,40.0,1,1,0,0,The capture of the first Dratini inspired the search for other legendary Pokémon.,1,10,2,2,5.0,0,0,0,0,0,1,0,0,1,0,0,0,"Flip a coin. If heads, the Defending Pokémon is now Paralyzed. "
base5-54,Drowzee,base5,Pokémon,Basic,Psychic,Common,50.0,1,1,0,0,Not popular with girls because of its attitude. Can often be heard muttering to itself in a low voice.,1,10,2,2,5.0,1,1,0,0,0,1,0,0,1,0,0,0,"The Defending Pokémon is now Asleep. Once during your turn (before your attack), you may flip a coin. If heads, the Defending Pokémon is now Asleep; if tails, your Active Pokémon is now Asleep. This power can't be used if Drowzee is Asleep, Confused, or Paralyzed. Long-Distance Hypnosis"
base5-55,Eevee,base5,Pokémon,Basic,Colorless,Common,40.0,1,1,0,0,"A rare and unique Pokémon about which little is known, as few have been captured.",2,10,1,2,7.5,0,0,0,0,0,0,0,0,0,0,0,0," If the Defending Pokémon tries to attack during your opponent's next turn, your opponent flips a coin. If tails, that attack does nothing. "
base5-56,Ekans,base5,Pokémon,Basic,Grass,Common,50.0,1,1,0,0,A carnivore that swallows its prey whole. Pidgeys and Spearows are its favorite food.,2,20,1,2,10.0,0,0,0,0,0,1,0,0,1,0,0,0," Flip a coin. If heads, the Defending Pokémon is now Poisoned. "
base5-57,Grimer,base5,Pokémon,Basic,Grass,Common,40.0,1,1,0,0,"It has recently been found that Grimers are formed in waste-processing plants, and can move into towns via sewers.",2,10,1,2,2.5,0,0,0,0,0,1,0,0,1,0,0,0,"The Defending Pokémon is now Asleep. Flip a coin. If heads, this attack does 10 damage plus 20 more damage and the Defending Pokémon is now Paralyzed; if tails, this attack does 10 damage. "
base5-58,Koffing,base5,Pokémon,Basic,Grass,Common,40.0,1,1,0,0,"First discovered in a weapons factory, this Pokémon can now be found almost anywhere.",2,20,1,2,10.0,0,0,0,0,0,1,0,0,1,0,0,0," Flip a coin. If heads, the Defending Pokémon is now Poisoned. "
base5-59,Machop,base5,Pokémon,Basic,Fighting,Common,50.0,1,1,0,0,It's said that not even pro wrestlers can take down a Machop.,2,30,2,3,10.0,0,0,0,0,0,0,0,0,0,0,0,0,  
base5-60,Magnemite,base5,Pokémon,Basic,Lightning,Common,40.0,1,1,0,0,"It is said that enough Magnemites and Magnetons gather in one place, they can create a powerful magnetic barrier.",2,20,2,2,7.5,0,0,0,0,0,0,0,0,0,0,0,0," Does 10 damage plus 10 more damage for each Magnemite, Magneton, and Dark Magneton on your Bench. "
base5-61,Mankey,base5,Pokémon,Basic,Fighting,Common,40.0,0,1,0,0,"Normally friendly, it quickly becomes angry if it doesn't get what it wants.",2,20,1,2,5.0,0,0,0,0,0,0,0,0,1,0,0,0,"Shuffle your opponent's deck. Flip a coin. If heads, this attack does 20 damage plus 20 more damage; if tails, this attack does 20 damage. "
base5-62,Meowth,base5,Pokémon,Basic,Colorless,Common,40.0,1,1,0,0,"A popular Pokémon that earns money for its owner with its ""Pay Day"" ability.",1,0,2,2,0.0,0,0,0,0,0,0,0,0,1,0,0,0,"Choose 1 of your opponent's Pokémon and flip a coin. If heads, this attack does 20 damage to that Pokémon. Don't apply Weakness and Resistance for this attack. (Any other effects that would happen after applying Weakness and Resistance still happen.) "
base5-63,Oddish,base5,Pokémon,Basic,Grass,Common,50.0,1,1,0,0,It wanders around at night sowing its seeds to create more Oddishes.,2,0,1,1,0.0,0,0,0,0,0,1,0,0,0,0,0,0,The Defending Pokémon is now Asleep. The Defending Pokémon is now Poisoned. 
base5-64,Ponyta,base5,Pokémon,Basic,Fire,Common,50.0,1,1,0,0,"A gentle grass-eater, it will allow riders on its back. However, anyone attempting to do so must be careful not to get burned.",1,30,2,2,15.0,0,0,0,0,0,0,0,1,0,0,0,0,Discard 1 Fire Energy card attached to Ponyta in order to use this attack. 
base5-65,Psyduck,base5,Pokémon,Basic,Water,Common,50.0,1,1,0,0,"It is often seen holding its head in its paws, as if it were suffering from a headache.",2,20,1,2,5.0,0,0,1,0,0,0,0,0,0,0,0,0,Draw a card. Does 20 damage plus 10 more damage for each Water Energy attached to Psyduck but not used to pay for this attack. You can't add more than 20 damage in this way. 
base5-66,Rattata,base5,Pokémon,Basic,Colorless,Common,40.0,0,1,0,0,"Loves to eat walnuts, chestnuts, cheese, and milk.",1,10,1,1,10.0,1,1,0,0,0,1,0,0,1,0,1,0,"Flip a coin. If heads, this attack does 10 damage plus 10 more damage; if tails, this attack does 10 damage. Once during your turn (before your attack), you may switch 1 of your Prizes with the top card of your deck. This power can't be used if Rattata is Asleep, Confused, or Paralyzed. Trickery"
base5-67,Slowpoke,base5,Pokémon,Basic,Psychic,Common,50.0,1,1,0,0,"Although it knows how to fish, no other intelligent behavior has been detected in it.",2,10,1,1,5.0,0,0,0,1,0,0,0,0,0,0,0,0,Search your deck for a Psychic Energy card and attach it to Slowpoke. Shuffle your deck afterward.  
base5-68,Squirtle,base5,Pokémon,Basic,Water,Common,50.0,1,1,0,0,Cute Pokémon that charms people with its innocent eyes. Loves swimming all day long.,1,20,2,2,10.0,0,0,0,0,0,0,0,0,0,0,0,0, 
base5-69,Voltorb,base5,Pokémon,Basic,Lightning,Common,40.0,1,1,0,0,"Usually seen only in power plants, it is sometimes seen in towns, apparently using the power lines to travel.",1,20,1,1,20.0,0,0,0,0,0,0,0,0,0,0,0,0, 
base5-70,Zubat,base5,Pokémon,Basic,Grass,Common,40.0,0,1,0,0,"Lives in dark caves. Can occasionally be seen at night, when it flies in search of food.",2,20,1,2,10.0,0,0,0,0,0,0,0,0,0,0,0,0,  
base5-71,Here Comes Team Rocket!,base5,Trainer,,,Rare,,0,0,0,0,,0,0,0,0,0.0,0,0,0,0,0,0,0,0,0,0,0,0, 
base5-72,Rocket's Sneak Attack,base5,Trainer,,,Rare,,0,0,0,0,,0,0,0,0,0.0,0,0,0,0,0,0,0,0,0,0,0,0, 
base5-73,The Boss's Way,base5,Trainer,,,Uncommon,,0,0,0,0,,0,0,0,0,0.0,0,0,0,0,0,0,0,0,0,0,0,0, 
base5-74,Challenge!,base5,Trainer,,,Uncommon,,0,0,0,0,,0,0,0,0,0.0,0,0,0,0,0,0,0,0,0,0,0,0, 
base5-75,Digger,base5,Trainer,Rocket's Secret Machine,,Uncommon,,0,0,0,0,,0,0,0,0,0.0,0,0,0,0,0,0,0,0,0,0,0,0, 
base5-76,Imposter Oak's Revenge,base5,Trainer,,,Uncommon,,0,0,0,0,,0,0,0,0,0.0,0,0,0,0,0,0,0,0,0,0,0,0, 
base5-77,Nightly Garbage Run,base5,Trainer,Rocket's Secret Machine,,Uncommon,,0,0,0,0,,0,0,0,0,0.0,0,0,0,0,0,0,0,0,0,0,0,0, 
base5-78,Goop Gas Attack,base5,Trainer,,,Common,,0,0,0,0,,0,0,0,0,0.0,0,0,0,0,0,0,0,0,0,0,0,0, 
base5-79,Sleep!,base5,Trainer,Rocket's Secret Machine,,Common,,0,0,0,0,,0,0,0,0,0.0,0,0,0,0,0,0,0,0,0,0,0,0, 
base5-80,Rainbow Energy,base5,Energy,Special,,Rare,,0,0,0,0,,0,0,0,0,0.0,0,0,0,0,0,0,0,0,0,0,0,0, 
base5-81,Full Heal Energy,base5,Energy,Special,,Uncommon,,0,0,0,0,,0,0,0,0,0.0,0,0,0,0,0,0,0,0,0,0,0,0, 
base5-82,Potion Energy,base5,Energy,Special,,Uncommon,,0,0,0,0,,0,0,0,0,0.0,0,0,0,0,0,0,0,0,0,0,0,0, 
base5-83,Dark Raichu,base5,Pokémon,Stage 1,Lightning,Rare Secret,70.0,1,0,1,0,"Stores up electricity in its body, then suddenly releases it to surprise and shock everyone.",1,30,3,3,10.0,0,0,0,0,0,0,0,0,1,0,0,0,"Flip a coin. If heads, flip another coin. If the second coin is heads, this attack does 20 damage to each of your opponent's Benched Pokémon. If the second coin is tails, this attack does 10 damage to each of your opponent's Benched Pokémon. (Don't apply Weakness and Resistance for Benched Pokémon.) "
gym1-1,Blaine's Moltres,gym1,Pokémon,Basic,Fire,Rare Holo,90.0,3,1,0,0,,1,90,5,5,18.0,0,0,0,0,0,0,0,0,1,0,0,0,"Flip a coin. If tails, shuffle Blaine's Moltres and all cards attached to it into your deck (after doing damage). "
gym1-2,Brock's Rhydon,gym1,Pokémon,Stage 1,Fighting,Rare Holo,80.0,3,0,1,0,,1,70,4,4,17.5,1,1,0,0,0,0,0,0,1,0,0,0,"Flip a coin. If tails, this attack does nothing. As long as Brock's Rhydon is Benched, whenever 1 of your Benched Pokémon is damaged, you may do 10 of that damage to Brock's Rhydon instead. (If more than 1 of your Benched Pokémon is damaged at the same time, you may use this power once for each of them.) Bench Guard"
gym1-3,Erika's Clefable,gym1,Pokémon,Stage 1,Colorless,Rare Holo,70.0,2,0,1,0,,2,30,1,3,5.0,0,0,0,0,0,0,0,0,1,0,0,0,"Flip a coin. If heads, you may return any number of your Pokémon in play and all cards attached to them to your hand.  "
gym1-4,Erika's Dragonair,gym1,Pokémon,Stage 1,Colorless,Rare Holo,80.0,2,0,1,0,,2,30,3,4,5.0,0,0,0,0,0,0,0,0,1,0,0,0,"Flip a coin. If heads, this attack does 10 damage to each of your opponent's Benched Pokémon. If tails, this attack does 10 damage to each of your own Benched Pokémon. (Don't apply Weakness and Resistance for Benched Pokémon.) Shuffle Erika's Dragonair and all cards attached to it into your deck. Then, your opponent shuffles his or her Active Pokémon and all cards attached to it into his or her deck. "
gym1-5,Erika's Vileplume,gym1,Pokémon,Stage 2,Grass,Rare Holo,80.0,2,0,0,1,,1,30,3,3,10.0,1,1,0,0,0,1,0,0,1,1,0,0,"If Erika's Vileplume does damage to the Defending Pokémon (after applying Weakness and Resistance), remove a number of damage counters from Erika's Vileplume equal to half the damage done to the Defending Pokémon (rounded up to the nearest 10). If Erika's Vileplume has fewer damage counters than that, remove all of them. If an attack does damage to Erika's Vileplume while it's your Active Pokémon (even if it's Knocked Out), flip a coin. If heads, your opponent's Active Pokémon is now Confused. This power works even while Erika's Vileplume is Asleep, Confused, or Paralyzed. Pollen Defense"
gym1-6,Lt. Surge's Electabuzz,gym1,Pokémon,Basic,Lightning,Rare Holo,70.0,2,1,0,0,,2,30,1,1,15.0,0,0,0,0,0,0,0,1,0,0,0,0,Take up to 2 Lightning Energy cards from your discard pile and attach them to Lt. Surge's Electabuzz. Discard all Lightning Energy cards attached to Lt. Surge's Electabuzz in order to use this attack. Flip a number of coins equal to the number of Lightning Energy cards you discarded. This attack does 30 damage times the number of heads. 
gym1-7,Lt. Surge's Fearow,gym1,Pokémon,Stage 1,Colorless,Rare Holo,70.0,0,0,1,0,,2,30,2,3,7.5,0,0,0,0,0,0,0,0,0,0,0,0,Flip 5 coins. This attack does 10 damage times the number of heads. The Defending Pokémon can't retreat during your opponent's next turn. 
gym1-8,Lt. Surge's Magneton,gym1,Pokémon,Stage 1,Lightning,Rare Holo,70.0,2,0,1,0,,1,50,4,4,12.5,1,1,0,0,0,1,0,0,1,0,0,0,"Flip a coin. If tails, Lt. Surge's Magneton does 20 damage to itself. As often as you like during your turn (before your attack), if Lt. Surge's Magneton is your Active Pokémon, you may take 1 Lightning Energy card attached to 1 of your Pokémon and attach it to Lt. Surge's Magneton. This power can't be used if Lt. Surge's Magneton is Asleep, Confused, or Paralyzed. Energy Charge"
gym1-9,Misty's Seadra,gym1,Pokémon,Stage 1,Water,Rare Holo,70.0,1,0,1,0,,2,30,1,3,15.0,0,0,0,0,0,0,0,0,0,0,0,0," Flip 2 coins. If both of them are heads, this attack does 30 damage plus 60 more damage. If 1 or both of them are tails, this attack does 30 damage. "
gym1-10,Misty's Tentacruel,gym1,Pokémon,Stage 1,Water,Rare Holo,70.0,0,0,1,0,,1,30,4,4,7.5,1,1,0,0,0,1,0,0,1,0,1,1,"Flip a coin. If heads, the Defending Pokémon is now Poisoned. If tails, the Defending Pokémon is now Confused. If an attack does damage to Misty's Tentacruel while it's your Active Pokémon, you may switch it with 1 of your Benched Pokémon, which prevents all other effects of that attack on Misty's Tentacruel. This power can't be used if Misty's Tentacruel is already Asleep, Confused, or Paralyzed. Flee"
gym1-11,Rocket's Hitmonchan,gym1,Pokémon,Basic,Fighting,Rare Holo,60.0,1,1,0,0,,2,50,1,3,8.333333333333334,0,0,0,0,0,0,0,0,1,0,0,0,"If an attack does damage to Rocket's Hitmonchan during your opponent's next turn (even if Rocket's Hitmonchan is Knocked Out), flip a coin. If heads, Rocket's Hitmonchan attacks your opponent's Active Pokémon for double that amount of damage. (If Rocket's Hitmonchan takes 20 damage, it does 40 damage to that Pokémon.)  "
gym1-12,Rocket's Moltres,gym1,Pokémon,Basic,Fire,Rare Holo,60.0,2,1,0,0,,1,40,3,3,13.333333333333334,1,1,0,0,0,1,0,1,0,0,0,0,"If an attack does damage to Rocket's Moltres during your opponent's next turn (even if Rocket's Moltres is Knocked Out), Rocket's Moltres attacks your opponent's Active Pokémon for 10 damage. (Apply Weakness and Resistance.) When Rocket's Moltres is Knocked Out, you may return it to your hand after discarding it. This power can't be used if Rocket's Moltres is Asleep, Confused, or Paralyzed when it is Knocked Out. Rebirth"
gym1-13,Rocket's Scyther,gym1,Pokémon,Basic,Grass,Rare Holo,60.0,1,1,0,0,,2,40,1,3,6.666666666666667,0,0,0,0,0,0,0,0,0,0,0,0,"Whenever Rocket's Scyther is attacked, your opponent flips a coin. If tails, that attack does no damage to Rocket's Scyther. (Any other effects of the attack still happen.) This effect lasts until Rocket's Scyther takes damage (or is Benched or is evolved).  "
gym1-14,Sabrina's Gengar,gym1,Pokémon,Stage 2,Psychic,Rare Holo,80.0,1,0,0,1,,2,40,1,3,6.666666666666667,0,0,0,0,0,0,0,0,0,1,0,0,"Put a damage counter on each of your opponent's Pokémon has already has any damage counters on it. Unless this attack Knocks Out the Defending Pokémon, flip 2 coins. If both of them are heads, your opponent shuffles his or her Active Pokémon and all cards attached to it into his or her deck. "
gym1-15,Brock,gym1,Trainer,,,Rare Holo,,0,0,0,0,,0,0,0,0,0.0,0,0,0,0,0,0,0,0,0,0,0,0, 
gym1-16,Erika,gym1,Trainer,,,Rare Holo,,0,0,0,0,,0,0,0,0,0.0,0,0,0,0,0,0,0,0,0,0,0,0, 
gym1-17,Lt. Surge,gym1,Trainer,,,Rare Holo,,0,0,0,0,,0,0,0,0,0.0,0,0,0,0,0,0,0,0,0,0,0,0, 
gym1-18,Misty,gym1,Trainer,,,Rare Holo,,0,0,0,0,,0,0,0,0,0.0,0,0,0,0,0,0,0,0,0,0,0,0, 
gym1-19,The Rocket's Trap,gym1,Trainer,,,Rare Holo,,0,0,0,0,,0,0,0,0,0.0,0,0,0,0,0,0,0,0,0,0,0,0, 
gym1-20,Brock's Golem,gym1,Pokémon,Stage 2,Fighting,Rare,90.0,4,0,0,1,,2,50,3,4,9.583333333333334,0,0,0,0,0,0,0,0,0,0,0,0,"If your opponent has any Benched Pokémon, choose up to 3 of them. This attack does 10 damage to each of them. (Don't apply Weakness and Resistance for Benched Pokémon.)  "
gym1-21,Brock's Onix,gym1,Pokémon,Basic,Fighting,Rare,70.0,2,1,0,0,,2,20,2,3,5.0,0,0,0,0,0,1,0,0,1,0,0,0,"Flip a coin. If heads, the Defending Pokémon is now Paralyzed. If your opponent has any Benched Pokémon, choose up to 2 of them. This attack does 20 damage to each of them. (Don't apply Weakness and Resistance for Benched Pokémon.) Brock's Onix can't attack during your next turn. "
gym1-22,Brock's Rhyhorn,gym1,Pokémon,Basic,Fighting,Rare,60.0,2,1,0,0,,2,40,2,3,11.666666666666668,0,0,0,0,0,0,0,0,0,0,1,0,"If your opponent has any Benched Pokémon, he or she chooses 1 of them and switches it with the Defending Pokémon. (Do the damage before switching the Pokémon.) Brock's Rhyhorn does 10 damage to itself. "
gym1-23,Brock's Sandslash,gym1,Pokémon,Stage 1,Fighting,Rare,60.0,1,0,1,0,,2,20,2,2,7.5,0,0,0,0,0,1,0,0,1,0,0,0,"Flip a coin. If heads, the Defending Pokémon is now Paralyzed and Poisoned. If the Defending Pokémon tries to attack during your opponent's next turn, your opponent flips a coin. If tails, that attack does nothing. "
gym1-24,Brock's Zubat,gym1,Pokémon,Basic,Grass,Rare,30.0,0,1,0,0,,2,20,1,2,5.0,0,0,1,0,0,0,0,0,0,0,1,0,"Draw a card. Then, switch Brock's Zubat with 1 of your Benched Pokémon. You can't use this attack if your Bench is empty.  "
gym1-25,Erika's Clefairy,gym1,Pokémon,Basic,Colorless,Rare,50.0,1,1,0,0,,2,10,1,2,2.5,0,0,0,1,0,0,0,0,0,0,0,0,"Search your deck for a basic Energy card. Show that card to your opponent, then put it into your hand. Shuffle your deck afterward. Flip 3 coins. This attack does 10 damage times the number of heads. "
gym1-26,Erika's Victreebel,gym1,Pokémon,Stage 2,Grass,Rare,80.0,2,0,0,1,,1,50,3,3,16.666666666666668,1,1,0,0,0,1,0,0,1,0,1,0," Once during your turn (before your attack), you may flip a coin. If heads, and if your opponent has any Benched Pokémon, choose 1 of them and switch it with his or her Active Pokémon. This power can't be used if Erika's Victreebel is Asleep, Confused, or Paralyzed. Fragrance Trap"
gym1-27,Lt. Surge's Electabuzz,gym1,Pokémon,Basic,Lightning,Rare,60.0,2,1,0,0,,2,20,1,2,5.0,0,0,0,0,0,0,0,1,0,0,0,0,"Take up to 2 Lightning Energy cards from your discard pile and attach them to Lt. Surge's Electabuzz. Take 1 Lightning Energy card attached to Lt. Surge's Electabuzz and attach it to 1 of your Benched Pokémon. If you have no Benched Pokémon, discard that Energy card. "
gym1-28,Lt. Surge's Raichu,gym1,Pokémon,Stage 1,Lightning,Rare,70.0,2,0,1,0,,2,100,2,4,20.0,0,0,0,0,0,0,0,1,0,0,0,0, Discard all Energy cards attached to Lt. Surge's Raichu in order to use this attack. 
gym1-29,Misty's Cloyster,gym1,Pokémon,Stage 1,Water,Rare,70.0,2,0,1,0,,1,20,3,3,6.666666666666667,1,1,0,0,0,1,0,0,0,0,0,1,"Flip 3 coins. This attack does 20 damage times the number of heads. You may reduce all damage done by attacks to Misty's Cloyster by 10 (after applying Weakness and Resistance). (Any other effects of attacks still happen). This power can't be used if Misty's Cloyster is Asleep, Confused, or Paralyzed. Shell Armor"
gym1-30,Misty's Goldeen,gym1,Pokémon,Basic,Water,Rare,30.0,0,1,0,0,,1,30,1,1,30.0,0,0,0,0,0,0,0,0,1,0,0,0,"Flip a coin. If tails, this attack does nothing. "
gym1-31,Misty's Poliwrath,gym1,Pokémon,Stage 2,Water,Rare,90.0,3,0,0,1,,1,30,4,4,7.5,0,0,0,0,0,0,0,0,0,0,0,0,Does 10 damage to each Pokémon that isn't Water on each player's Bench. (Don't apply Weakness and Resistance for Benched Pokémon.) 
gym1-32,Misty's Tentacool,gym1,Pokémon,Basic,Water,Rare,40.0,0,1,0,0,,2,0,1,2,0.0,0,0,0,1,0,1,0,0,1,0,0,0,"Flip a coin. If heads, the Defending Pokémon is now Asleep. Search your deck for any number of Pokémon named Tentacool, Tentacruel, Misty's Tentacool, and/or Misty's Tentacruel. Show those cards to your opponent, then put them into your hand. Shuffle your deck afterward. "
gym1-33,Rocket's Snorlax,gym1,Pokémon,Basic,Colorless,Rare,90.0,4,1,0,0,,1,20,3,3,6.666666666666667,1,1,0,0,0,1,0,0,0,0,0,0,"Rocket's Snorlax is now Asleep (after doing damage). If your opponent's attack does damage to Rocket's Snorlax and Rocket's Snorlax is already Asleep (even if it's Knocked Out), this power does 20 damage to the attacking Pokémon. Restless Sleep"
gym1-34,Sabrina's Venomoth,gym1,Pokémon,Stage 1,Grass,Rare,60.0,0,0,1,0,,2,10,1,1,5.0,0,0,0,0,1,1,0,0,0,1,0,0,"Flip 3 coins. For each heads, remove 1 damage counter from each of your Pokémon. If a Pokémon has fewer damage counters than the number of heads, remove all of them. Flip 2 coins. If 1 or both of them are heads, the Defending Pokémon is now Confused. "
gym1-35,Blaine's Growlithe,gym1,Pokémon,Basic,Fire,Uncommon,50.0,1,1,0,0,,2,30,1,2,12.5,0,0,0,0,0,0,0,0,0,0,1,0,"If your opponent has any Benched Pokémon, he or she chooses 1 of them and switches it with the Defending Pokémon. (Do the damage before switching the Pokémon.) Blaine's Growlithe does 10 damage to itself. "
gym1-36,Blaine's Kangaskhan,gym1,Pokémon,Basic,Colorless,Uncommon,80.0,3,1,0,0,,2,30,1,3,10.0,0,0,0,0,0,0,0,0,1,0,0,0,"Flip a coin. If tails, this attack does nothing. Flip a coin. If heads, this attack does 30 damage plus 10 more damage; if tails, this attack does 30 damage. "
gym1-37,Blaine's Magmar,gym1,Pokémon,Basic,Fire,Uncommon,60.0,2,1,0,0,,2,20,1,3,8.333333333333334,0,0,0,0,0,0,0,1,1,0,0,0,"Flip a coin. If heads, this attack does 10 damage plus 10 more damage; if tails, this attack does 10 damage. Discard the top 5 cards of your deck. (If there are fewer than 5 cards in your deck, discard all of them.) This attack does 20 damage for each Fire Energy card you discarded in this way. "
gym1-38,Brock's Geodude,gym1,Pokémon,Basic,Fighting,Uncommon,50.0,1,1,0,0,,2,10,1,2,5.0,0,0,0,0,0,0,0,0,1,0,0,0," Choose 1 of your opponent's Benched Pokémon and flip a coin. If heads, this attack does 30 damage to that Pokémon. (Don't apply Weakness and Resistance for Benched Pokémon.) This attack can't be used if your opponent has no Benched Pokémon. "
gym1-39,Brock's Golbat,gym1,Pokémon,Stage 1,Grass,Uncommon,70.0,1,0,1,0,,2,20,1,3,10.0,0,0,0,0,0,0,0,0,0,0,0,0, Does 10 damage to each of your opponent's Pokémon. Don't apply Weakness and Resistance. 
gym1-40,Brock's Graveler,gym1,Pokémon,Stage 1,Fighting,Uncommon,70.0,2,0,1,0,,1,20,3,3,6.666666666666667,0,0,0,0,0,0,0,0,0,0,0,0,Flip 3 coins. This attack does 20 damage times the number of heads. 
gym1-41,Brock's Lickitung,gym1,Pokémon,Basic,Colorless,Uncommon,80.0,3,1,0,0,,2,30,2,3,10.0,0,0,0,0,0,0,0,0,0,0,0,0, Flip 2 coins. This attack does 30 damage times the number of heads. 
gym1-42,Erika's Dratini,gym1,Pokémon,Basic,Colorless,Uncommon,40.0,1,1,0,0,,1,10,2,2,5.0,1,1,0,0,0,1,0,0,1,0,0,1,"Flip a coin. If heads, this attack does 10 damage plus 20 more damage; if tails, this attack does 10 damage. Whenever an attack by a Basic Pokémon (including your own) does 20 or more damage to Erika's Dratini (after applying Weakness and Resistance), reduce that damage to 10. (Any other effects of attacks still happen.) This power stops working while Erika's Dratini is Asleep, Confused, or Paralyzed. Strange Barrier"
gym1-43,Erika's Exeggcute,gym1,Pokémon,Basic,Grass,Uncommon,50.0,1,1,0,0,,2,40,1,2,10.0,0,0,0,0,0,0,0,0,1,0,0,0,"During your opponent's next turn, whenever Erika's Exeggcute takes damage, divide that damage in half (rounded down to the nearest 10). (Any other effects still happen.) Flip a coin. If tails, this attack does nothing to the Defending Pokémon and Erika's Exeggcute does 20 damage to itself. "
gym1-44,Erika's Exeggutor,gym1,Pokémon,Stage 1,Grass,Uncommon,70.0,2,0,1,0,,2,30,1,3,5.0,0,0,1,0,0,0,0,0,1,0,0,0,"Shuffle your hand into your deck, then draw 5 cards. Flip a coin. If heads, this attack does 30 damage plus 10 more damage; if tails, this attack does 30 damage. "
gym1-45,Erika's Gloom,gym1,Pokémon,Stage 1,Grass,Uncommon,60.0,1,0,1,0,,2,30,1,3,5.0,0,0,0,0,1,1,0,0,1,1,0,0,"Flip a coin. If heads, remove 4 damage counters from Erika's Gloom. If Erika's Gloom has fewer damage counters than that, remove all of them. Flip a coin. If heads, the Defending Pokémon is now Asleep, Confused, Paralyzed, or Poisoned (your choice). "
gym1-46,Erika's Gloom,gym1,Pokémon,Stage 1,Grass,Uncommon,70.0,1,0,1,0,,2,30,2,3,7.5,0,0,0,0,0,1,0,0,0,0,0,0,Both the Defending Pokémon and Erika's Gloom are now Asleep (after doing damage). Both the Defending Pokémon and Erika's Gloom are now Confused (after doing damage). 
gym1-47,Erika's Oddish,gym1,Pokémon,Basic,Grass,Uncommon,40.0,1,1,0,0,,1,20,2,2,10.0,1,1,0,0,0,1,0,0,1,0,0,0,"Flip a coin. If heads, the Defending Pokémon is now Poisoned. All Energy cards attached to Erika's Oddish provide Grass Energy instead of their usual type. This power works even while Erika's Oddish is Asleep, Confused, or Paralyzed. Photosynthesis"
gym1-48,Erika's Weepinbell,gym1,Pokémon,Stage 1,Grass,Uncommon,60.0,1,0,1,0,,2,20,1,2,10.0,0,0,0,0,0,0,0,0,0,0,1,0," Before doing damage, choose 1 of your opponent's Benched Pokémon and switch it with his or her Active Pokémon. This attack can't be used if your opponent has no Benched Pokémon. "
gym1-49,Erika's Weepinbell,gym1,Pokémon,Stage 1,Grass,Uncommon,70.0,2,0,1,0,,2,40,2,3,6.666666666666667,0,0,0,0,0,1,0,0,0,0,0,0,The Defending Pokémon is now Asleep and Poisoned.  
gym1-50,Lt. Surge's Magnemite,gym1,Pokémon,Basic,Lightning,Uncommon,30.0,0,1,0,0,,2,20,1,2,10.0,0,0,0,0,0,1,0,1,1,0,0,0,"If the Defending Pokémon has any Energy cards attached to it, flip a coin. If heads, choose 1 of those Energy cards and discard it. Flip a coin. If heads, the Defending Pokémon is now Confused. "
gym1-51,Lt. Surge's Raticate,gym1,Pokémon,Stage 1,Colorless,Uncommon,70.0,1,0,1,0,,1,0,1,1,0.0,0,0,0,0,0,0,0,0,0,0,0,0,Does damage to the Defending Pokémon equal to half the Defending Pokémon's remaining HP (rounded up to the nearest 10). 
gym1-52,Lt. Surge's Spearow,gym1,Pokémon,Basic,Colorless,Uncommon,30.0,0,1,0,0,,1,20,1,1,20.0,0,0,0,0,0,0,0,0,0,0,0,0, 
gym1-53,Misty's Poliwhirl,gym1,Pokémon,Stage 1,Water,Uncommon,70.0,2,0,1,0,,2,30,2,3,10.0,0,0,0,0,0,0,0,1,1,0,0,0,"If the Defending Pokémon has any Energy cards attached to it, flip a coin. If heads, choose 1 of those Energy cards and discard it. Flip a number of coins equal to the number of Water Energy attached to Misty's Poliwhirl. This attack does 30 damage plus 10 damage for each heads. "
gym1-54,Misty's Psyduck,gym1,Pokémon,Basic,Water,Uncommon,50.0,1,1,0,0,,2,10,1,1,5.0,0,0,0,1,0,0,0,0,1,0,0,0," Flip a coin. If heads, you may search your deck for a Basic Pokémon with Misty in its name and put it onto your Bench. (You can't use this attack if your Bench is full.) Shuffle your deck afterward. "
gym1-55,Misty's Seaking,gym1,Pokémon,Stage 1,Water,Uncommon,70.0,1,0,1,0,,2,30,1,2,12.5,0,0,0,0,0,0,0,0,1,0,0,0," If your opponent has any Benched Pokémon, choose 1 of them and flip a coin. If heads, this attack does 10 damage to that Pokémon. (Don't apply Weakness and Resistance for Benched Pokémon.) "
gym1-56,Misty's Starmie,gym1,Pokémon,Stage 1,Water,Uncommon,80.0,2,0,1,0,,2,30,1,3,10.0,0,0,0,0,0,1,0,0,1,0,0,0,"Does 10 damage plus 10 more damage for each Water Energy attached to Misty's Starmie but not used to pay for this attack's Energy cost. You can't add more than 20 damage in this way. Flip a coin. If heads, the Defending Pokémon is now Paralyzed. "
gym1-57,Misty's Tentacool,gym1,Pokémon,Basic,Water,Uncommon,50.0,1,1,0,0,,1,20,2,2,10.0,0,0,0,0,0,0,1,0,1,0,0,0,"Flip a coin. If heads, your opponent can't attach Energy cards to the Defending Pokémon during his or her next turn. "
gym1-58,Sabrina's Haunter,gym1,Pokémon,Stage 1,Psychic,Uncommon,50.0,0,0,1,0,,1,30,2,2,15.0,0,0,0,0,0,0,0,0,0,0,0,0,"Flip a number of coins equal to the total number of Sabrina's Gastlys, Sabrina's Haunters, and Sabrina's Gengars you have in play. This attack does 30 damage times the number of heads. "
gym1-59,Sabrina's Jynx,gym1,Pokémon,Basic,Psychic,Uncommon,60.0,1,1,0,0,,2,20,1,2,10.0,0,0,0,0,0,1,0,0,0,0,0,0,"The Defending Pokémon is now Asleep. If the Defending Pokémon was Asleep, it is no longer Asleep. "
gym1-60,Sabrina's Slowbro,gym1,Pokémon,Stage 1,Psychic,Uncommon,70.0,2,0,1,0,,2,40,1,3,6.666666666666667,0,0,0,0,1,1,0,0,1,1,0,0,"Flip a coin. If heads, remove 3 damage counters from Sabrina's Slowbro and Sabrina's Slowbro is now Asleep. If Sabrina's Slowbro has fewer damage counters than that, remove all of them. You can't use this attack during your next turn. "
gym1-61,Blaine's Charmander,gym1,Pokémon,Basic,Fire,Common,50.0,1,1,0,0,,2,20,1,2,10.0,0,0,0,0,0,0,0,1,0,0,0,0,"Discard 1 Energy card attached to Blaine's Charmander in order to use this attack. If the Defending Pokémon has any Energy cards attached to it, choose 1 of them and discard it.  "
gym1-62,Blaine's Growlithe,gym1,Pokémon,Basic,Fire,Common,50.0,1,1,0,0,,1,20,2,2,10.0,0,0,0,0,0,0,0,0,0,0,0,0,Does 10 damage to each Grass Pokémon on your opponent's Bench. (Don't apply Weakness and Resistance for Benched Pokémon.) 
gym1-63,Blaine's Ponyta,gym1,Pokémon,Basic,Fire,Common,40.0,0,1,0,0,,1,20,2,2,10.0,0,0,0,0,0,0,0,0,1,0,0,1,"Flip a coin. If heads, during your opponent's next turn, prevent all effects of attacks, including damage, done to Blaine's Ponyta. "
gym1-64,Blaine's Tauros,gym1,Pokémon,Basic,Colorless,Common,70.0,2,1,0,0,,2,20,1,3,8.333333333333334,0,0,0,0,0,0,0,0,0,0,0,0,Flip 3 coins. This attack does 10 damage times the number of heads. Flip 4 coins. This attack does 20 damage times the number of heads to the Defending Pokémon and 20 damage times the number of tails to Blaine's Tauros. 
gym1-65,Blaine's Vulpix,gym1,Pokémon,Basic,Fire,Common,40.0,1,1,0,0,,1,20,3,3,6.666666666666667,1,1,0,0,1,1,0,0,1,1,0,0,"Flip a coin. If heads, the Defending Pokémon is now Confused. Once during your turn (before your attack), you may remove 1 damage counter from Blaine's Vulpix. This power can't be used if Blaine's Vulpix is Asleep, Confused, or Paralyzed. Natural Healing"
gym1-66,Brock's Geodude,gym1,Pokémon,Basic,Fighting,Common,40.0,1,1,0,0,,2,20,1,2,5.0,0,0,0,1,0,0,0,0,1,0,0,0,"Flip a coin. If heads, you may search your deck for a Basic Pokémon card with Brock in its name and put it onto your Bench. Shuffle your deck afterward. (You can't use this attack if your Bench is full.) Don't apply Resistance for this attack. (Any other effects that would happen after applying Resistance still happen.) "
gym1-67,Brock's Mankey,gym1,Pokémon,Basic,Fighting,Common,40.0,0,1,0,0,,2,10,1,1,5.0,0,0,0,0,0,0,0,0,0,0,1,0,"If your opponent has any Benched Pokémon, choose 1 of them and switch it with the Defending Pokémon.  "
gym1-68,Brock's Mankey,gym1,Pokémon,Basic,Fighting,Common,40.0,0,1,0,0,,2,40,1,2,10.0,0,0,0,0,0,0,0,0,0,1,0,0,Shuffle your deck. Does 40 damage minus 10 damage for each damage counter on Brock's Mankey. 
gym1-69,Brock's Onix,gym1,Pokémon,Basic,Fighting,Common,100.0,3,1,0,0,,2,30,1,3,5.0,0,0,0,0,0,1,0,0,1,0,0,0,"Flip a coin. If heads, the Defending Pokémon is now Paralyzed.  "
gym1-70,Brock's Rhyhorn,gym1,Pokémon,Basic,Fighting,Common,70.0,3,1,0,0,,1,70,2,2,35.0,0,0,0,0,0,0,0,0,0,0,0,0,"Flip 2 coins. If 1 or both of them are tails, this attack does nothing. "
gym1-71,Brock's Sandshrew,gym1,Pokémon,Basic,Fighting,Common,40.0,1,1,0,0,,2,20,1,2,5.0,0,0,0,0,0,0,0,0,1,0,0,1,"Flip a coin. If heads, prevent all damage done to Brock's Sandshrew during your opponent's next turn. (Any other effects of attacks still happen.)  "
gym1-72,Brock's Sandshrew,gym1,Pokémon,Basic,Fighting,Common,50.0,1,1,0,0,,1,20,2,2,10.0,0,0,0,0,0,0,0,0,0,0,0,0,The Defending Pokémon can't retreat during your opponent's next turn. 
gym1-73,Brock's Vulpix,gym1,Pokémon,Basic,Fire,Common,40.0,1,1,0,0,,2,20,1,2,12.5,0,0,0,0,0,0,0,0,1,0,0,0," Flip a coin. If heads, this attack does 10 damage plus 20 more damage; if tails, this attack does 10 damage. "
gym1-74,Brock's Zubat,gym1,Pokémon,Basic,Grass,Common,40.0,0,1,0,0,,2,20,1,2,10.0,0,0,0,0,0,1,0,0,1,0,0,0," Flip a coin. If heads, the Defending Pokémon is now Poisoned. "
gym1-75,Erika's Bellsprout,gym1,Pokémon,Basic,Grass,Common,40.0,1,1,0,0,,2,30,1,2,12.5,0,0,0,0,0,1,0,0,1,0,0,0,"Flip a coin. If heads, the Defending Pokémon is now Poisoned.  "
gym1-76,Erika's Bellsprout,gym1,Pokémon,Basic,Grass,Common,50.0,1,1,0,0,,1,20,1,1,20.0,0,0,0,0,0,0,0,0,0,0,0,0,Erika's Bellsprout does 10 damage to itself. 
gym1-77,Erika's Exeggcute,gym1,Pokémon,Basic,Grass,Common,40.0,1,1,0,0,,2,10,1,2,7.5,0,0,0,0,0,0,0,0,0,0,0,0,Flip a number of coins equal to the number of Energy attached to Erika's Exeggcute. This attack does 10 damage times the number of heads. Does 10 damage plus 10 more damage for each Energy card attached to the Defending Pokémon. 
gym1-78,Erika's Oddish,gym1,Pokémon,Basic,Grass,Common,50.0,1,1,0,0,,2,20,1,2,10.0,0,0,0,0,0,0,0,0,1,1,0,0,"If there are any damage counters on Erika's Oddish, remove 1 of them. If Erika's Oddish has any damage counters on it, flip a coin. If heads, remove 1 of those damage counters. "
gym1-79,Erika's Tangela,gym1,Pokémon,Basic,Grass,Common,60.0,2,1,0,0,,2,10,1,3,5.0,0,0,0,0,0,0,0,0,0,0,0,0," If your opponent has any Benched Pokémon, choose 1 of them and this attack does 20 damage to it. (Don't apply Weakness and Resistance for Benched Pokémon.) "
gym1-80,Lt. Surge's Magnemite,gym1,Pokémon,Basic,Lightning,Common,40.0,1,1,0,0,,2,20,1,2,10.0,0,0,0,0,0,1,0,0,1,0,0,0,"Flip a coin. If heads, the Defending Pokémon is now Paralyzed.  "
gym1-81,Lt. Surge's Pikachu,gym1,Pokémon,Basic,Lightning,Common,50.0,1,1,0,0,,2,20,1,2,5.0,0,0,0,0,0,1,0,1,1,0,0,0,"Take 1 Lightning Energy card from your discard pile and attach it to Lt. Surge's Pikachu. Flip a coin. If heads, the Defending Pokémon is now Paralyzed. "
gym1-82,Lt. Surge's Rattata,gym1,Pokémon,Basic,Colorless,Common,40.0,1,1,0,0,,2,20,1,2,5.0,0,0,0,0,0,0,0,0,0,0,0,0,"During your next turn, Lt. Surge's Rattata's Gnaw attack's base damage is doubled.  "
gym1-83,Lt. Surge's Spearow,gym1,Pokémon,Basic,Colorless,Common,50.0,0,1,0,0,,2,40,1,2,15.0,0,0,0,0,0,0,0,0,1,0,1,0,"If your opponent has any Benched Pokémon, he or she chooses 1 of them and switches it with the Defending Pokémon. (Do the damage before switching the Pokémon.) Flip a coin. If tails, this attack does nothing. "
gym1-84,Lt. Surge's Voltorb,gym1,Pokémon,Basic,Lightning,Common,40.0,1,1,0,0,,2,20,1,2,15.0,0,0,0,0,0,0,0,0,0,0,0,0,Flip 1 coin. This attack does 20 damage times the number of heads. Flip 2 coins. This attack does 20 damage times the number of heads. 
gym1-85,Misty's Goldeen,gym1,Pokémon,Basic,Water,Common,40.0,1,1,0,0,,2,10,1,1,5.0,0,0,0,0,0,1,0,0,1,0,0,0,"Flip 2 coins. This attack does 10 damage times the number of heads. Flip a coin. If heads, the Defending Pokémon is now Confused. "
gym1-86,Misty's Horsea,gym1,Pokémon,Basic,Water,Common,40.0,0,1,0,0,,2,20,1,2,10.0,0,0,0,0,0,0,0,0,0,0,0,0," If the Defending Pokémon tries to attack during your opponent's next turn, your opponent flips a coin. If tails, that attack does nothing. "
gym1-87,Misty's Poliwag,gym1,Pokémon,Basic,Water,Common,50.0,1,1,0,0,,2,20,1,2,5.0,0,0,0,0,0,1,0,0,1,0,0,0,"Flip a coin. If heads, the Defending Pokémon is now Paralyzed. If tails, the Defending Pokémon is now Asleep. Flip 2 coins. This attack does 20 damage times the number of heads. "
gym1-88,Misty's Seel,gym1,Pokémon,Basic,Water,Common,60.0,1,1,0,0,,1,20,2,2,10.0,0,0,0,0,0,0,0,0,0,0,0,0, 
gym1-89,Misty's Shellder,gym1,Pokémon,Basic,Water,Common,40.0,1,1,0,0,,2,20,1,2,10.0,0,0,0,0,0,1,0,0,1,0,0,0," Flip a coin. If heads, the Defending Pokémon is now Paralyzed. If tails, this attack does nothing (not even damage). "
gym1-90,Misty's Staryu,gym1,Pokémon,Basic,Water,Common,50.0,1,1,0,0,,1,20,2,2,10.0,0,0,0,0,0,0,0,0,0,0,0,0,"This attack's damage isn't affected by Weakness, Resistance, Pokémon Powers, or any other effects on the Defending Pokémon. "
gym1-91,Sabrina's Abra,gym1,Pokémon,Basic,Psychic,Common,40.0,0,1,0,0,,1,20,1,1,20.0,0,0,0,0,0,0,0,0,0,0,0,0,Return a Psychic Energy card attached to Sabrina's Abra to your hand in order to use this attack. 
gym1-92,Sabrina's Drowzee,gym1,Pokémon,Basic,Psychic,Common,50.0,1,1,0,0,,2,20,1,2,5.0,0,0,0,0,0,0,0,0,1,0,0,0,"Flip a coin. If heads, the Defending Pokémon can't attack during your opponent's next turn.  "
gym1-93,Sabrina's Gastly,gym1,Pokémon,Basic,Psychic,Common,50.0,1,1,0,0,,1,20,2,2,10.0,0,0,0,0,0,0,0,0,0,0,0,0,The Defending Pokémon can't retreat during your opponent's next turn. 
gym1-94,Sabrina's Mr. Mime,gym1,Pokémon,Basic,Psychic,Common,50.0,1,1,0,0,,2,20,1,2,5.0,0,0,0,1,0,0,0,0,0,0,0,0,"Choose up to 3 cards from your hand and put them on top of your deck. Then search your deck for that many basic Energy cards. Show those cards to your opponent, then put them into your hand. Shuffle your deck afterward.  "
gym1-95,Sabrina's Slowpoke,gym1,Pokémon,Basic,Psychic,Common,50.0,1,1,0,0,,1,30,2,2,15.0,0,0,0,0,0,1,0,0,0,0,0,0,Sabrina's Slowpoke is now Asleep (after doing damage). 
gym1-96,Sabrina's Venonat,gym1,Pokémon,Basic,Grass,Common,40.0,1,1,0,0,,2,20,1,2,5.0,0,0,0,0,0,1,0,1,1,0,0,0,"The Defending Pokémon is now Poisoned. If the Defending Pokémon has any Energy cards attached to it, flip a coin. If heads, choose 1 of those Energy cards and discard it. "
gym1-97,Blaine's Quiz #1,gym1,Trainer,,,Rare,,0,0,0,0,,0,0,0,0,0.0,0,0,0,0,0,0,0,0,0,0,0,0, 
gym1-98,Brock,gym1,Trainer,,,Rare,,0,0,0,0,,0,0,0,0,0.0,0,0,0,0,0,0,0,0,0,0,0,0, 
gym1-99,Charity,gym1,Trainer,,,Rare,,0,0,0,0,,0,0,0,0,0.0,0,0,0,0,0,0,0,0,0,0,0,0, 
gym1-100,Erika,gym1,Trainer,,,Rare,,0,0,0,0,,0,0,0,0,0.0,0,0,0,0,0,0,0,0,0,0,0,0, 
gym1-101,Lt. Surge,gym1,Trainer,,,Rare,,0,0,0,0,,0,0,0,0,0.0,0,0,0,0,0,0,0,0,0,0,0,0, 
gym1-102,Misty,gym1,Trainer,,,Rare,,0,0,0,0,,0,0,0,0,0.0,0,0,0,0,0,0,0,0,0,0,0,0, 
gym1-103,No Removal Gym,gym1,Trainer,Stadium,,Rare,,0,0,0,0,,0,0,0,0,0.0,0,0,0,0,0,0,0,0,0,0,0,0, 
gym1-104,The Rocket's Training Gym,gym1,Trainer,Stadium,,Rare,,0,0,0,0,,0,0,0,0,0.0,0,0,0,0,0,0,0,0,0,0,0,0, 
gym1-105,Blaine's Last Resort,gym1,Trainer,,,Uncommon,,0,0,0,0,,0,0,0,0,0.0,0,0,0,0,0,0,0,0,0,0,0,0, 
gym1-106,Brock's Training Method,gym1,Trainer,,,Uncommon,,0,0,0,0,,0,0,0,0,0.0,0,0,0,0,0,0,0,0,0,0,0,0, 
gym1-107,Celadon City Gym,gym1,Trainer,Stadium,,Uncommon,,0,0,0,0,,0,0,0,0,0.0,0,0,0,0,0,0,0,0,0,0,0,0, 
gym1-108,Cerulean City Gym,gym1,Trainer,Stadium,,Uncommon,,0,0,0,0,,0,0,0,0,0.0,0,0,0,0,0,0,0,0,0,0,0,0, 
gym1-109,Erika's Maids,gym1,Trainer,,,Uncommon,,0,0,0,0,,0,0,0,0,0.0,0,0,0,0,0,0,0,0,0,0,0,0, 
gym1-110,Erika's Perfume,gym1,Trainer,,,Uncommon,,0,0,0,0,,0,0,0,0,0.0,0,0,0,0,0,0,0,0,0,0,0,0, 
gym1-111,Good Manners,gym1,Trainer,,,Uncommon,,0,0,0,0,,0,0,0,0,0.0,0,0,0,0,0,0,0,0,0,0,0,0, 
gym1-112,Lt. Surge's Treaty,gym1,Trainer,,,Uncommon,,0,0,0,0,,0,0,0,0,0.0,0,0,0,0,0,0,0,0,0,0,0,0, 
gym1-113,Minion of Team Rocket,gym1,Trainer,,,Uncommon,,0,0,0,0,,0,0,0,0,0.0,0,0,0,0,0,0,0,0,0,0,0,0, 
gym1-114,Misty's Wrath,gym1,Trainer,,,Uncommon,,0,0,0,0,,0,0,0,0,0.0,0,0,0,0,0,0,0,0,0,0,0,0, 
gym1-115,Pewter City Gym,gym1,Trainer,Stadium,,Uncommon,,0,0,0,0,,0,0,0,0,0.0,0,0,0,0,0,0,0,0,0,0,0,0, 
gym1-116,Recall,gym1,Trainer,,,Uncommon,,0,0,0,0,,0,0,0,0,0.0,0,0,0,0,0,0,0,0,0,0,0,0, 
gym1-117,Sabrina's ESP,gym1,Trainer,,,Uncommon,,0,0,0,0,,0,0,0,0,0.0,0,0,0,0,0,0,0,0,0,0,0,0, 
gym1-118,Secret Mission,gym1,Trainer,,,Uncommon,,0,0,0,0,,0,0,0,0,0.0,0,0,0,0,0,0,0,0,0,0,0,0, 
gym1-119,Tickling Machine,gym1,Trainer,Rocket's Secret Machine,,Uncommon,,0,0,0,0,,0,0,0,0,0.0,0,0,0,0,0,0,0,0,0,0,0,0, 
gym1-120,Vermilion City Gym,gym1,Trainer,Stadium,,Uncommon,,0,0,0,0,,0,0,0,0,0.0,0,0,0,0,0,0,0,0,0,0,0,0, 
gym1-121,Blaine's Gamble,gym1,Trainer,,,Common,,0,0,0,0,,0,0,0,0,0.0,0,0,0,0,0,0,0,0,0,0,0,0, 
gym1-122,Energy Flow,gym1,Trainer,,,Common,,0,0,0,0,,0,0,0,0,0.0,0,0,0,0,0,0,0,0,0,0,0,0, 
gym1-123,Misty's Duel,gym1,Trainer,,,Common,,0,0,0,0,,0,0,0,0,0.0,0,0,0,0,0,0,0,0,0,0,0,0, 
gym1-124,Narrow Gym,gym1,Trainer,Stadium,,Common,,0,0,0,0,,0,0,0,0,0.0,0,0,0,0,0,0,0,0,0,0,0,0, 
gym1-125,Sabrina's Gaze,gym1,Trainer,,,Common,,0,0,0,0,,0,0,0,0,0.0,0,0,0,0,0,0,0,0,0,0,0,0, 
gym1-126,Trash Exchange,gym1,Trainer,,,Common,,0,0,0,0,,0,0,0,0,0.0,0,0,0,0,0,0,0,0,0,0,0,0, 
gym1-127,Fighting Energy,gym1,Energy,Basic,,,,0,1,0,0,,0,0,0,0,0.0,0,0,0,0,0,0,0,0,0,0,0,0, 
gym1-128,Fire Energy,gym1,Energy,Basic,,,,0,1,0,0,,0,0,0,0,0.0,0,0,0,0,0,0,0,0,0,0,0,0, 
gym1-129,Grass Energy,gym1,Energy,Basic,,,,0,1,0,0,,0,0,0,0,0.0,0,0,0,0,0,0,0,0,0,0,0,0, 
gym1-130,Lightning Energy,gym1,Energy,Basic,,,,0,1,0,0,,0,0,0,0,0.0,0,0,0,0,0,0,0,0,0,0,0,0, 
gym1-131,Psychic Energy,gym1,Energy,Basic,,,,0,1,0,0,,0,0,0,0,0.0,0,0,0,0,0,0,0,0,0,0,0,0, 
gym1-132,Water Energy,gym1,Energy,Basic,,,,0,1,0,0,,0,0,0,0,0.0,0,0,0,0,0,0,0,0,0,0,0,0, 
gym2-1,Blaine's Arcanine,gym2,Pokémon,Stage 1,Fire,Rare Holo,90.0,3,0,1,0,,2,120,3,4,21.666666666666668,0,0,0,0,0,0,0,1,0,0,0,0,Blaine's Arcanine does 10 damage to itself. Discard 3 Fire Energy cards attached to Blaine's Arcanine in order to use this attack. 
gym2-2,Blaine's Charizard,gym2,Pokémon,Stage 2,Fire,Rare Holo,100.0,3,0,0,1,,2,20,1,2,10.0,0,0,0,0,0,0,0,1,1,0,0,0,"Discard all Fire Energy cards attached to Blaine's Charizard. If all Energy cards attached to Blaine's Charizard provide 2 Fire Energy, discard all of them. This attack does 20 damage plus 20 more damage for each Fire Energy discarded in this way. Flip a coin. If heads, choose 1 of your opponent's Pokémon. This attack does 40 damage to that Pokémon. Don't apply Weakness and Resistance for this attack. (Any other effects that would happen after applying Weakness and Resistance still happen.) "
gym2-3,Brock's Ninetales,gym2,Pokémon,Stage 1,Fire,Rare Holo,70.0,1,0,1,0,,1,30,2,2,15.0,1,1,0,0,0,1,0,1,0,0,0,0," Once during your turn (before your attack), you may attach an Evolution card from your hand to Brock's Ninetales. (This doesn't count as evolving Brock's Ninetales.) Treat Brock's Ninetales as if it were that Pokémon instead. It can't evolve, devolve, or use the Pokémon Power of that Pokémon. During your turn, you may discard the Evolution card attached to Brock's Ninetales. This power can't be used if Brock's Ninetales is Asleep, Confused, or Paralyzed. If Brock's Ninetales becomes Asleep, Confused, or Paralyzed, discard all Evolution cards attached to it. Shapeshift"
gym2-4,Erika's Venusaur,gym2,Pokémon,Stage 2,Grass,Rare Holo,90.0,2,0,0,1,,2,20,1,4,2.5,0,0,0,0,0,0,0,0,1,0,0,0,"Flip a coin. If heads, you may attach up to 2 Grass Energy cards from your hand to Erika's Venusaur. If your opponent has any Benched Pokémon, choose 2 of them (or 1 if he or she only has 1). This attack does 20 damage to each of them. (Don't apply Weakness and Resistance for Benched Pokémon.) "
gym2-5,Giovanni's Gyarados,gym2,Pokémon,Stage 1,Water,Rare Holo,90.0,3,0,1,0,,2,40,1,4,5.0,0,0,0,0,0,0,0,0,0,0,1,0,"Flip 2 coins. If both of them are heads, this attack does 20 damage to each other Pokémon (even your own). Don't apply Weakness and Resistance for this attack. Unless this attack Knocks Out the Defending Pokémon, choose 1 of your opponent's Benched Pokémon and switch it with the Defending Pokémon. "
gym2-6,Giovanni's Machamp,gym2,Pokémon,Stage 2,Fighting,Rare Holo,100.0,3,0,0,1,,1,30,4,4,7.5,1,1,0,0,0,1,0,0,1,0,0,0,"Flip 4 coins. This attack does 30 damage times the number of heads. If Giovanni's Machamp would be Knocked Out by an opponent's attack, flip a coin. If heads, Giovanni's Machamp is not Knocked Out and its remaining HP become 10 instead. This power can't be used if Giovanni's Machamp is already Asleep, Confused, or Paralyzed. Fortitude"
gym2-7,Giovanni's Nidoking,gym2,Pokémon,Stage 2,Grass,Rare Holo,120.0,3,0,0,1,,2,40,1,4,5.0,0,0,0,0,0,0,0,0,1,0,0,0,"If the Defending Pokémon's maximum HP is 50 or less, it can't attack Giovanni's Nidoking during your opponent's next turn. (Benching or evolving either Pokémon ends this effect.) Flip a coin. If heads, this attack does 40 damage plus 30 more damage; if tails, this attack does 40 damage. "
gym2-8,Giovanni's Persian,gym2,Pokémon,Stage 1,Colorless,Rare Holo,60.0,0,0,1,0,,1,20,3,3,6.666666666666667,1,1,0,1,0,0,0,0,1,0,0,0,"Flip a coin. If heads, this attack does 20 damage plus 20 more damage; if tails, this attack does 20 damage. When you play Giovanni's Persian from your hand, you may search your deck for the Trainer card named Giovanni, show it to your opponent, and put it into your hand. Shuffle your deck afterward. Call the Boss"
gym2-9,Koga's Beedrill,gym2,Pokémon,Stage 2,Grass,Rare Holo,80.0,0,0,0,1,,2,70,2,3,16.666666666666664,0,0,0,0,0,1,0,0,1,0,0,0,"Flip a coin. If heads, the Defending Pokémon is now Paralyzed and Poisoned. Flip a coin. If tails, this attack does nothing. Either way, you can't use this attack again as long as Koga's Beedrill stays in play (even putting Koga's Beedrill on the Bench won't let you use it again). "
gym2-10,Koga's Ditto,gym2,Pokémon,Basic,Colorless,Rare Holo,40.0,1,1,0,0,,2,10,1,1,5.0,0,0,0,0,0,0,0,0,1,0,0,0,"Flip a coin. If heads, Koga's Ditto's maximum HP is now 80 and Koga's Ditto's Pound attack's base damage is 30 instead of 10. (Benching Koga's Ditto ends this effect.)  "
gym2-11,Lt. Surge's Raichu,gym2,Pokémon,Stage 1,Lightning,Rare Holo,80.0,2,0,1,0,,2,40,2,4,10.0,0,0,0,0,0,1,0,1,1,0,0,0,"Flip a coin. If heads, this attack does 20 damage plus 30 more damage to the Defending Pokémon and discard all Lightning Energy cards attached to Lt. Surge's Raichu. If tails, this attack does 20 damage. Flip a coin. If heads, the Defending Pokémon is now Paralyzed. If tails, Lt. Surge's Raichu does 20 damage to itself. "
gym2-12,Misty's Golduck,gym2,Pokémon,Stage 1,Water,Rare Holo,70.0,1,0,1,0,,2,40,2,2,10.0,0,0,0,0,0,0,0,1,1,0,0,0,"Flip a coin. If tails, discard all Energy cards attached to Misty's Golduck. Flip a coin. If heads, choose 1 Energy card attached to each of your opponent's Pokémon that has any Energy cards and discard those Energy cards. "
gym2-13,Misty's Gyarados,gym2,Pokémon,Stage 1,Water,Rare Holo,100.0,3,0,1,0,,1,70,4,4,17.5,1,1,0,0,0,1,0,0,0,0,0,0," Whenever Misty's Gyarados attacks, flip 2 coins. If both of them are tails, that attack does nothing. Instead, shuffle Misty's Gyarados and all cards attached to it into your deck. (This power works even if Misty's Gyarados is Confused.) Rebellion"
gym2-14,Rocket's Mewtwo,gym2,Pokémon,Basic,Psychic,Rare Holo,70.0,2,1,0,0,,3,60,1,4,8.333333333333334,0,0,0,0,0,1,0,0,1,1,1,0,"Flip a coin. If heads, switch the number of damage counters on Rocket's Mewtwo with the number of damage counters on the Defending Pokémon (even if it would Knock Out either Pokémon). (It's okay if 1 of the Pokémon has no damage counters on it.) Flip a coin. If heads, the Defending Pokémon is now Asleep.  "
gym2-15,Rocket's Zapdos,gym2,Pokémon,Basic,Lightning,Rare Holo,70.0,2,1,0,0,,2,70,1,4,18.75,0,0,0,0,0,0,0,1,0,0,0,0,"If there are any Lightning Energy cards in your discard pile, attach 1 of them to Rocket's Zapdos. Rocket's Zapdos does damage to itself equal to 10 times the number of Lightning Energy cards attached to it. "
gym2-16,Sabrina's Alakazam,gym2,Pokémon,Stage 2,Psychic,Rare Holo,80.0,3,0,0,1,,1,60,4,4,15.0,1,1,0,0,0,1,0,1,0,0,0,0,"You can't use this attack during your next turn. Sabrina's Alakazam always has a copy of every attack your Psychic Pokémon in play have (including their Energy costs and anything else required in order to use those attacks, such as discarding Energy cards). This power can't be used if Sabrina's Alakazam is Asleep, Confused, or Paralyzed. Psylink"
gym2-17,Blaine,gym2,Trainer,,,Rare Holo,,0,0,0,0,,0,0,0,0,0.0,0,0,0,0,0,0,0,0,0,0,0,0, 
gym2-18,Giovanni,gym2,Trainer,,,Rare Holo,,0,0,0,0,,0,0,0,0,0.0,0,0,0,0,0,0,0,0,0,0,0,0, 
gym2-19,Koga,gym2,Trainer,,,Rare Holo,,0,0,0,0,,0,0,0,0,0.0,0,0,0,0,0,0,0,0,0,0,0,0, 
gym2-20,Sabrina,gym2,Trainer,,,Rare Holo,,0,0,0,0,,0,0,0,0,0.0,0,0,0,0,0,0,0,0,0,0,0,0, 
gym2-21,Blaine's Ninetales,gym2,Pokémon,Stage 1,Fire,Rare,60.0,2,0,1,0,,1,50,2,2,25.0,1,1,0,0,1,1,1,1,1,1,0,0,"Flip a coin. If tails, discard all Fire Energy cards attached to Blaine's Ninetales. Whenever you attach a Fire Energy card from your hand to Blaine's Ninetales, remove 1 damage counter from it, if it has any. This power stops working when Blaine's Ninetales is Asleep, Confused, or Paralyzed. Healing Fire"
gym2-22,Brock's Dugtrio,gym2,Pokémon,Stage 1,Fighting,Rare,60.0,1,0,1,0,,2,60,1,3,10.0,0,0,0,0,0,0,0,0,0,0,0,1,All damage done to Brock's Dugtrio during your opponent's next turn is reduced by 20 (after applying Weakness and Resistance). This attack can't be used unless Brock's Dugtrio used its Lie Low attack last turn. 
gym2-23,Giovanni's Nidoqueen,gym2,Pokémon,Stage 2,Grass,Rare,100.0,3,0,0,1,,2,50,3,4,12.916666666666668,0,0,0,0,0,0,0,0,1,0,0,0," Flip a coin. If heads, this attack does 50 damage plus 50 more damage if you have at least 1 Giovanni's Nidoking on your Bench. If tails, this attack does nothing. "
gym2-24,Giovanni's Pinsir,gym2,Pokémon,Basic,Grass,Rare,70.0,2,1,0,0,,2,40,2,3,9.166666666666668,0,0,0,0,0,0,0,0,1,0,0,0,"Flip a coin. If heads, this attack does 10 damage plus 10 more damage; if tails, this attack does 10 damage. If you have any Benched Pokémon, flip a coin. If tails, choose 1 of your Benched Pokémon. This attack does 20 damage to that Pokémon. (Don't apply Weakness and Resistance for Benched Pokémon.) "
gym2-25,Koga's Arbok,gym2,Pokémon,Stage 1,Grass,Rare,90.0,2,0,1,0,,2,20,1,2,5.0,0,0,0,0,0,1,0,0,0,0,0,0,"Koga's Arbok is now Poisoned. If Koga's Arbok is Poisoned, this attack's base damage is 40 instead of 20 and the Defending Pokémon is now Poisoned. "
gym2-26,Koga's Muk,gym2,Pokémon,Stage 1,Grass,Rare,80.0,3,0,1,0,,1,40,3,3,13.333333333333334,1,1,0,0,0,1,0,1,1,0,0,0," If an opponent's attack does damage to Koga's Muk (even if Koga's Muk is Knocked Out), flip a coin. If heads and if it has any, choose 1 Energy card attached to the attacking Pokémon and discard it. This power can't be used if Koga's Muk is already Asleep, Confused, or Paralyzed when your opponent attacks. Energy Drain"
gym2-27,Koga's Pidgeotto,gym2,Pokémon,Stage 1,Colorless,Rare,60.0,0,0,1,0,,2,30,3,4,6.25,0,0,0,0,0,0,0,0,1,0,0,1,"Flip 2 coins. This attack does 30 damage times the number of heads. Flip a coin. If heads, this attack does 10 damage plus 30 more damage, and, during your opponent's next turn, prevent all effects of attacks, including damage, done to Koga's Pidgeotto. If tails, this attack does 10 damage. "
gym2-28,Lt. Surge's Jolteon,gym2,Pokémon,Stage 1,Lightning,Rare,70.0,1,0,1,0,,2,30,2,3,10.0,0,0,0,0,0,0,0,0,1,1,0,0,"Flip a coin. If heads, your opponent can't play Trainer cards during his or her next turn. Does 30 damage plus 10 damage times the number of damage counters on Lt. Surge's Jolteon, then flip a coin. If tails, Lt. Surge's Jolteon does 30 damage to itself. "
gym2-29,Sabrina's Gengar,gym2,Pokémon,Stage 2,Psychic,Rare,90.0,2,0,0,1,,2,40,2,3,11.666666666666668,0,0,0,0,0,0,0,0,0,0,0,0,All Pokémon Powers stop working until the end of your opponent's next turn. The Defending Pokémon can't retreat during your opponent's next turn. 
gym2-30,Sabrina's Golduck,gym2,Pokémon,Stage 1,Water,Rare,70.0,2,0,1,0,,2,20,2,3,3.3333333333333335,0,0,0,0,0,0,0,0,1,1,0,0,"Move 1 damage counter from each of your Pokémon that has any on it to the Defending Pokémon. (Don't apply Weakness and Resistance.) Flip a coin. If heads, this attack does 20 damage plus 20 more damage; if tails, this attack does 20 damage. "
gym2-31,Blaine's Charmeleon,gym2,Pokémon,Stage 1,Fire,Uncommon,70.0,2,0,1,0,,2,30,2,3,7.5,0,0,0,0,0,0,0,1,0,0,0,0," Flip 3 coins. For each heads, discard 1 Fire Energy card attached to Blaine's Charmeleon. If you can't discard Energy cards, this attack does nothing. This attack does 10 damage times the number of heads to each of your opponent's Pokémon. Don't apply Weakness and Resistance for this attack. (Any other effects that would happen after applying Weakness and Resistance still happen.) "
gym2-32,Blaine's Dodrio,gym2,Pokémon,Stage 1,Colorless,Uncommon,70.0,1,0,1,0,,1,50,2,2,25.0,0,0,0,0,0,0,0,0,1,0,0,0,"Flip a coin. If tails, this attack does nothing. "
gym2-33,Blaine's Rapidash,gym2,Pokémon,Stage 1,Fire,Uncommon,70.0,0,0,1,0,,2,30,1,3,15.0,0,0,0,0,0,0,0,0,1,0,0,0," Flip a coin. If heads, this attack does 30 damage plus 10 more damage (to the Defending Pokémon) and 10 damage to each of your opponent's Benched Pokémon. (Don't apply Weakness and Resistance for Benched Pokémon.) If tails, this attack does 30 damage (to the Defending Pokémon). "
gym2-34,Brock's Graveler,gym2,Pokémon,Stage 1,Fighting,Uncommon,70.0,2,0,1,0,,2,50,2,3,13.333333333333334,0,0,0,0,0,0,0,1,0,0,0,0," Does 10 damage to each Pokémon on each player's bench. (Don't apply Weakness and Resistance for Benched Pokémon.) Brock's Graveler does 50 damage to itself. If there is a Stadium card in play, discard it. "
gym2-35,Brock's Primeape,gym2,Pokémon,Stage 1,Fighting,Uncommon,70.0,1,0,1,0,,1,60,3,3,20.0,1,1,0,0,0,1,0,1,0,0,0,0,"Brock's Primeape does 20 damage to itself. If there is a Stadium card in play, discard it. If Brock's Primeape ever has exactly 10 HP left, shuffle it and all cards attached to it into your deck. This power stops working while Brock's Primeape is Asleep, Confused, or Paralyzed. Scram"
gym2-36,Brock's Sandslash,gym2,Pokémon,Stage 1,Fighting,Uncommon,70.0,1,0,1,0,,2,30,2,2,12.5,0,0,0,0,0,1,0,0,1,0,0,0,"This attack's damage isn't affected by Weakness, Resistance, Pokémon Powers, or any other effects on the Defending Pokémon. Flip a coin. If heads, the Defending Pokémon is now Poisoned. "
gym2-37,Brock's Vulpix,gym2,Pokémon,Basic,Fire,Uncommon,50.0,1,1,0,0,,2,20,1,2,5.0,0,0,0,0,0,1,0,0,0,0,0,0,"The Defending Pokémon is now Asleep. If your opponent has any Benched Pokémon, choose 1 of them and this attack does 10 damage to it. (Don't apply Weakness and Resistance for Benched Pokémon.) "
gym2-38,Erika's Bellsprout,gym2,Pokémon,Basic,Grass,Uncommon,40.0,1,1,0,0,,1,0,1,1,0.0,1,1,0,0,0,1,0,0,0,0,0,0,"Choose 1 of your opponent's Benched Pokémon, and this attack does 10 damage to it. (Don't apply Weakness and Resistance for Benched Pokémon.) Once during your turn (before your attack), you may take up to 2 Grass Energy cards attached to your other Pokémon and attach them to Erika's Bellsprout. This power can't be used if Erika's Bellsprout is Asleep, Confused, or Paralyzed. Soak Up"
gym2-39,Erika's Bulbasaur,gym2,Pokémon,Basic,Grass,Uncommon,50.0,1,1,0,0,,2,10,1,2,5.0,0,0,0,1,0,1,0,0,1,0,0,0,"The Defending Pokémon is now Asleep. Flip a coin. If heads, you may search your deck for a Trainer card. Show it to your opponent and put it into your hand. Shuffle your deck afterward. "
gym2-40,Erika's Clefairy,gym2,Pokémon,Basic,Colorless,Uncommon,50.0,1,1,0,0,,2,20,1,2,5.0,0,0,0,1,0,0,0,0,1,0,0,0,"Flip a coin. If heads, search your deck for a card that evolves from 1 of your Benched Pokémon and put that card on that Pokémon. (This counts as evolving that Pokémon.) Shuffle your deck afterward.  "
gym2-41,Erika's Ivysaur,gym2,Pokémon,Stage 1,Grass,Uncommon,60.0,2,0,1,0,,1,40,3,3,13.333333333333334,1,1,0,0,0,1,0,0,0,0,0,0,"Flip 2 coins. This attack does 40 damage times the number of heads. As long as Erika's Ivysaur is your Active Pokémon, whenever an attack (even your own) does damage to any Pokémon (after applying Weakness and Resistance), that attack only does half the damage to that Pokémon (rounded up to the nearest 10). (Any other effects of attacks still happen.) This power stops working while Erika's Ivysaur is Asleep, Confused, or Paralyzed. Relaxing Scent"
gym2-42,Giovanni's Machoke,gym2,Pokémon,Stage 1,Fighting,Uncommon,80.0,2,0,1,0,,2,60,1,3,33.333333333333336,0,0,0,0,0,1,0,0,1,0,0,0,"Flip a coin. If tails, this attack does no damage to the Defending Pokémon and Giovanni's Machoke does 100 damage to itself. Flip a coin. If heads, this attack does 20 damage plus 20 more damage and the Defending Pokémon is now Paralyzed. If tails, this attack does 20 damage. "
gym2-43,Giovanni's Meowth,gym2,Pokémon,Basic,Colorless,Uncommon,40.0,1,1,0,0,,2,20,1,2,5.0,0,0,0,1,0,0,0,1,1,0,0,0,"Flip a coin. If heads, look at the top card of your opponent's deck. If it's a Trainer card, put it in your opponent's discard pile; otherwise, put it into his or her hand. Flip 2 coins. This attack does 20 damage times the number of heads. "
gym2-44,Giovanni's Nidorina,gym2,Pokémon,Stage 1,Grass,Uncommon,80.0,2,0,1,0,,2,30,2,3,10.833333333333334,0,0,0,0,0,1,0,0,1,0,0,0,"Giovanni's Nidorina does 20 damage to itself. Flip a coin. If heads, the Defending Pokémon is now Poisoned. Flip a coin. If heads, the Defending Pokémon is now Paralyzed. "
gym2-45,Giovanni's Nidorino,gym2,Pokémon,Stage 1,Grass,Uncommon,70.0,2,0,1,0,,1,20,3,3,6.666666666666667,0,0,0,0,0,0,0,0,0,1,0,0,"If the Defending Pokémon already has any damage counters on it, this attack does 20 damage plus 20 more damage. If not, this attack does 20 damage. "
gym2-46,Koga's Golbat,gym2,Pokémon,Stage 1,Grass,Uncommon,60.0,0,0,1,0,,2,30,2,3,10.0,0,0,0,0,0,1,0,0,1,0,0,0," Flip a coin. If heads, the Defending Pokémon is now Confused. "
gym2-47,Koga's Kakuna,gym2,Pokémon,Stage 1,Grass,Uncommon,60.0,2,0,1,0,,1,0,1,1,0.0,1,1,0,1,0,1,0,0,1,0,0,0,"Flip a coin. If heads, the Defending Pokémon is now Poisoned. It now takes 20 Poison damage instead of 10 after each player's turn (even if it was already Poisoned). Once during your turn (before your attack), you may flip a coin. If heads, search your deck for an Evolution card named Koga's Beedrill and put it on Koga's Kakuna. (This counts as evolving Koga's Kakuna.) Shuffle your deck afterward. This power can't be used if Koga's Kakuna is Asleep, Confused, or Paralyzed. Emerge"
gym2-48,Koga's Koffing,gym2,Pokémon,Basic,Grass,Uncommon,50.0,1,1,0,0,,2,30,1,2,12.5,0,0,0,0,0,0,0,0,1,0,0,0,"If the Defending Pokémon tries to attack during your opponent's next turn, your opponent flips a coin. If tails, that attack does nothing. Flip a coin. If heads, shuffle Koga's Koffing and all cards attached to it into your deck (after doing damage). "
gym2-49,Koga's Pidgey,gym2,Pokémon,Basic,Colorless,Uncommon,40.0,1,1,0,0,,2,20,1,2,5.0,0,0,0,1,0,0,0,0,0,0,0,0,"Put Koga's Pidgey and all cards attached to it on top of your deck. Then search your deck for any Basic Pokémon or Evolution card not named Koga's Pidgey. Show that card to your opponent, then put it into your hand. Shuffle your deck afterward.  "
gym2-50,Koga's Weezing,gym2,Pokémon,Stage 1,Grass,Uncommon,70.0,2,0,1,0,,2,20,2,3,5.833333333333334,0,0,0,0,0,1,0,0,1,0,0,0,"Flip a coin. If heads, this attack does 10 damage plus 30 more damage and Koga's Weezing does 30 damage to itself; if tails, this attack does 10 damage. Flip a coin. If heads, the Defending Pokémon is now Poisoned. It now takes 20 Poison damage instead of 10 after each player's turn (even if it was already Poisoned). "
gym2-51,Lt. Surge's Eevee,gym2,Pokémon,Basic,Colorless,Uncommon,40.0,1,1,0,0,,2,20,1,2,5.0,0,0,0,0,0,0,0,0,0,0,0,0,Look at a random card from your opponent's hand. Your opponent shuffles that card into his or her deck.  
gym2-52,Lt. Surge's Electrode,gym2,Pokémon,Stage 1,Lightning,Uncommon,70.0,2,0,1,0,,1,30,3,3,10.0,1,1,0,0,0,1,0,0,1,0,0,0,"Flip 3 coins. This attack does 30 damage plus 10 more damage for each heads. If Lt. Surge's Electrode is your Active Pokémon and gets damaged (even if it's Knocked Out), flip a coin. If tails, this power does 20 damage to each Active Pokémon. This power works even if Lt. Surge's Electrode is already Asleep, Confused, or Paralyzed when it takes damage. Shock Blast"
gym2-53,Lt. Surge's Raticate,gym2,Pokémon,Stage 1,Colorless,Uncommon,60.0,1,0,1,0,,2,40,1,2,10.0,0,0,0,0,0,0,0,0,0,0,0,0,"During your next turn, Lt. Surge's Raticate's Double-edge attack's damage (base damage and damage to itself) is doubled. Lt. Surge's Raticate does 20 damage to itself. "
gym2-54,Misty's Dewgong,gym2,Pokémon,Stage 1,Water,Uncommon,80.0,2,0,1,0,,2,60,2,4,12.5,0,0,0,0,0,0,0,0,0,0,0,0,"If the Defending Pokémon is Fighting, this attack's base damage is doubled. Misty's Dewgong does 20 damage to itself. "
gym2-55,Sabrina's Haunter,gym2,Pokémon,Stage 1,Psychic,Uncommon,70.0,0,0,1,0,,2,20,2,3,5.0,0,0,0,0,0,1,0,0,1,0,0,0,"The Defending Pokémon is now Asleep. Flip a coin. If heads, and if your opponent has any Benched Pokémon, choose 1 of them and this attack does 30 damage to it. (Don't apply Weakness and Resistance for Benched Pokémon.) "
gym2-56,Sabrina's Hypno,gym2,Pokémon,Stage 1,Psychic,Uncommon,70.0,2,0,1,0,,2,20,1,2,5.0,0,0,0,0,0,0,0,1,0,1,0,0,Choose 1 Basic Pokémon in any player's discard pile. Put it onto that player's Bench. Put a number of damage counters on that Pokémon equal to half its HP (rounded down to the nearest 10). (You can't put a Pokémon on a Bench that's full.) Flip a number of coins equal to the number of damage counters on the Defending Pokémon. This attack does 20 damage times the number of heads. 
gym2-57,Sabrina's Jynx,gym2,Pokémon,Basic,Psychic,Uncommon,60.0,1,1,0,0,,2,20,1,2,5.0,0,0,1,0,0,0,0,0,1,1,0,0,"Choose 1 of your opponent's Pokémon. Remove any number of damage counters from that Pokémon, then draw that many cards. Flip a coin. If heads, the Defending Pokémon can't retreat during your opponent's next turn. "
gym2-58,Sabrina's Kadabra,gym2,Pokémon,Stage 1,Psychic,Uncommon,70.0,1,0,1,0,,2,30,1,3,5.0,0,0,0,0,0,0,0,0,1,1,0,0,"Flip a coin. If heads, put a number of damage counters on the Defending Pokémon so that its remaining HP are 10.  "
gym2-59,Sabrina's Mr. Mime,gym2,Pokémon,Basic,Psychic,Uncommon,60.0,1,1,0,0,,1,0,2,2,0.0,0,0,0,0,0,0,0,0,0,0,0,0,Choose 1 of your opponent's Pokémon and flip 3 coins. This attack does 10 damage times the number of heads to that Pokémon. Don't apply Weakness and Resistance for this attack. 
gym2-60,Blaine's Charmander,gym2,Pokémon,Basic,Fire,Common,50.0,1,1,0,0,,1,20,1,1,20.0,0,0,0,0,0,0,0,1,1,0,0,0,"Use this attack only if there are any Fire Energy cards attached to Blaine's Charmander. Flip a coin. If tails, discard 1 of those cards. "
gym2-61,Blaine's Doduo,gym2,Pokémon,Basic,Colorless,Common,50.0,0,1,0,0,,2,20,1,2,12.5,0,0,0,0,0,0,0,0,1,1,0,0,"Flip a coin. If tails, this attack does nothing. Does 10 damage times the number of damage counters on Blaine's Doduo. "
gym2-62,Blaine's Growlithe,gym2,Pokémon,Basic,Fire,Common,60.0,1,1,0,0,,2,20,1,3,3.3333333333333335,0,0,0,1,0,1,0,0,1,0,0,0,"Search your deck for a Fire Energy card and attach it to Blaine's Growlithe. Shuffle your deck afterward. Flip a coin. If heads, the Defending Pokémon is now Paralyzed. "
gym2-63,Blaine's Mankey,gym2,Pokémon,Basic,Fighting,Common,40.0,0,1,0,0,,2,10,1,1,5.0,0,0,0,0,0,0,0,1,1,0,0,0,"Flip a coin. If heads, choose a card from your opponent's discard pile and put it on top of his or her deck. Flip 3 coins. This attack does 10 damage times the number of heads. "
gym2-64,Blaine's Ponyta,gym2,Pokémon,Basic,Fire,Common,50.0,1,1,0,0,,1,20,2,2,10.0,0,0,0,0,0,0,0,0,1,0,1,0,"If you have any Benched Pokémon, flip a coin. If heads, switch Blaine's Ponyta with 1 of your Benched Pokémon. "
gym2-65,Blaine's Rhyhorn,gym2,Pokémon,Basic,Fighting,Common,60.0,2,1,0,0,,2,30,1,3,18.333333333333332,0,0,0,0,0,0,0,0,1,0,0,0,"Flip a coin. If tails, this attack does nothing. Flip a coin. If heads and if your opponent has any Benched Pokémon, choose 1 of them and this attack does 20 damage to it. (Don't apply Weakness and Resistance for Benched Pokémon.) "
gym2-66,Blaine's Vulpix,gym2,Pokémon,Basic,Fire,Common,50.0,1,1,0,0,,2,10,1,1,5.0,0,0,0,0,0,0,0,1,0,0,0,0," Flip 3 coins. For each heads, if you have a Fire Energy card in your discard pile, put it into your hand. "
gym2-67,Brock's Diglett,gym2,Pokémon,Basic,Fighting,Common,40.0,1,1,0,0,,2,40,1,2,20.0,0,0,0,0,0,0,0,0,1,0,0,0,"Flip a coin. If tails, this attack does nothing. Does 10 damage to each of your own Benched Pokémon. (Don't apply Weakness and Resistance for Benched Pokémon.) "
gym2-68,Brock's Geodude,gym2,Pokémon,Basic,Fighting,Common,50.0,1,1,0,0,,1,10,1,1,10.0,0,0,0,0,0,0,0,0,0,0,0,0,Flip 3 coins. This attack does 10 damage times the number of heads. 
gym2-69,Erika's Jigglypuff,gym2,Pokémon,Basic,Colorless,Common,50.0,1,1,0,0,,2,40,1,2,10.0,0,0,0,0,1,0,0,0,0,1,0,0,"You and your opponent remove 1 damage counter from each of your Pokémon with damage counters on them. If the Defending Pokémon has no damage counters on it, this attack does 40 damage. If it has any damage counters on it, this attack does 10 damage. "
gym2-70,Erika's Oddish,gym2,Pokémon,Basic,Grass,Common,40.0,1,1,0,0,,1,10,1,1,10.0,0,0,0,0,0,1,0,0,1,0,0,0,"Flip a coin. If heads, the Defending Pokémon is now Confused; if tails, the Defending Pokémon is now Asleep. "
gym2-71,Erika's Paras,gym2,Pokémon,Basic,Grass,Common,50.0,1,1,0,0,,2,10,1,2,5.0,0,0,0,0,0,1,0,0,1,0,0,0," Flip a coin. If heads, the Defending Pokémon is now Poisoned and this attack does 10 damage to each of your opponent's Benched Pokémon. (Don't apply Weakness and Resistance for Benched Pokémon.) "
gym2-72,Giovanni's Machop,gym2,Pokémon,Basic,Fighting,Common,50.0,1,1,0,0,,2,20,1,2,10.0,0,0,0,0,0,0,0,0,1,1,0,0," Flip a coin. If heads, this attack does 20 damage times the number of damage counters on Giovanni's Machop. "
gym2-73,Giovanni's Magikarp,gym2,Pokémon,Basic,Water,Common,30.0,1,1,0,0,,2,40,1,2,22.5,0,0,0,0,0,0,0,0,1,0,0,0,"Flip a coin. If tails, this attack does nothing. Either way, you can't use this attack again as long as Giovanni's Magikarp stays in play (even putting Giovanni's Magikarp on the Bench won't let you use it again). Flip 3 coins. This attack does 10 damage times the number of heads. "
gym2-74,Giovanni's Meowth,gym2,Pokémon,Basic,Colorless,Common,50.0,2,1,0,0,,2,30,1,3,5.0,0,0,0,0,0,1,0,0,1,0,0,0,"Flip a coin. If heads, the Defending Pokémon is now Confused.  "
gym2-75,Giovanni's Nidoran ♀,gym2,Pokémon,Basic,Grass,Common,50.0,1,1,0,0,,2,30,1,2,17.5,0,0,0,0,0,0,0,0,1,0,0,0,"Flip a coin. If tails, this attack does nothing. Giovanni's Nidoran ♀ does 20 damage to itself. "
gym2-76,Giovanni's Nidoran ♂,gym2,Pokémon,Basic,Grass,Common,40.0,1,1,0,0,,2,30,1,1,20.0,0,0,0,0,0,0,0,0,0,1,0,0,Flip 2 coins. This attack does 10 damage times the number of heads. You can't use this attack unless Giovanni's Nidoran ♂ has 2 or more damage counters on it. 
gym2-77,Koga's Ekans,gym2,Pokémon,Basic,Grass,Common,50.0,1,1,0,0,,1,10,1,1,10.0,0,0,0,0,0,1,0,0,0,0,0,0,"Flip 2 coins. If both are heads, the Defending Pokémon is now Confused and Poisoned. "
gym2-78,Koga's Grimer,gym2,Pokémon,Basic,Grass,Common,50.0,1,1,0,0,,2,20,1,2,5.0,0,0,0,0,0,1,0,0,1,0,1,0,"If your opponent has any Benched Pokémon, flip a coin. If heads, choose 1 of your opponent's Benched Pokémon and switch it with the Defending Pokémon. The new Defending Pokémon is now Poisoned.  "
gym2-79,Koga's Koffing,gym2,Pokémon,Basic,Grass,Common,40.0,1,1,0,0,,1,10,1,1,10.0,0,0,0,0,0,0,0,0,1,0,0,0,"Flip a coin. If heads, this attack does 10 damage to each Benched Pokémon (including your own). (Don't apply Weakness and Resistance for Benched Pokémon.) "
gym2-80,Koga's Pidgey,gym2,Pokémon,Basic,Colorless,Common,50.0,1,1,0,0,,2,20,1,3,8.333333333333334,0,0,0,0,0,0,0,0,0,0,0,0," If the Defending Pokémon tries to attack during your opponent's next turn, your opponent flips a coin. If tails, that attack does nothing. "
gym2-81,Koga's Tangela,gym2,Pokémon,Basic,Grass,Common,50.0,2,1,0,0,,2,10,1,2,5.0,0,0,1,0,0,1,0,0,1,0,0,0,"The Defending Pokémon is now Asleep. Flip a coin. If heads, draw 2 cards. "
gym2-82,Koga's Weedle,gym2,Pokémon,Basic,Grass,Common,40.0,1,1,0,0,,2,10,1,2,7.5,0,0,0,0,0,1,0,0,1,0,0,0," Flip a coin. If heads, the Defending Pokémon is now Poisoned; if tails, the Defending Pokémon is now Paralyzed. "
gym2-83,Koga's Zubat,gym2,Pokémon,Basic,Grass,Common,40.0,0,1,0,0,,1,10,2,2,5.0,0,0,0,1,0,0,0,0,0,0,0,0,"Does 10 damage times the number of Koga's Zubats you have in play. Before doing damage, you may search your deck for any number of Basic Pokémon named Koga's Zubat and put them onto your Bench. (You can't get more cards with this attack than you have room on your Bench.) If you do, shuffle your deck afterward. "
gym2-84,Lt. Surge's Pikachu,gym2,Pokémon,Basic,Lightning,Common,40.0,0,1,0,0,,1,10,2,2,5.0,0,0,0,0,0,0,0,0,1,0,0,0,"Flip a coin. If heads, this attack does 10 damage plus 20 more damage; if tails, this attack does 10 damage. "
gym2-85,Lt. Surge's Rattata,gym2,Pokémon,Basic,Colorless,Common,30.0,0,1,0,0,,2,10,1,2,2.5,0,0,0,0,0,0,0,0,1,0,0,0,"During your next turn, Lt. Surge's Rattata's Quick Attack's base damage is doubled. Flip a coin. If heads, this attack does 10 damage plus 20 more damage; if tails, this attack does 10 damage. "
gym2-86,Lt. Surge's Voltorb,gym2,Pokémon,Basic,Lightning,Common,50.0,1,1,0,0,,1,30,2,2,15.0,0,0,0,0,0,0,0,0,1,0,0,0,"Flip a coin. If tails, Lt. Surge's Voltorb does 10 damage to itself. "
gym2-87,Misty's Horsea,gym2,Pokémon,Basic,Water,Common,50.0,0,1,0,0,,1,20,2,2,10.0,0,0,0,0,0,0,0,0,1,0,0,0,"Flip a coin. If heads, whenever the Defending Pokémon tries to attack, your opponent flips a coin. If tails, that attack does nothing. (This effect lasts until the Defending Pokémon evolves or is Benched.) "
gym2-88,Misty's Magikarp,gym2,Pokémon,Basic,Water,Common,30.0,1,1,0,0,,2,10,1,1,5.0,0,0,0,0,0,0,0,0,1,0,0,1,"Flip a coin. If heads, during your opponent's next turn, prevent all effects of attacks, including damage, done to Misty's Magikarp.  "
gym2-89,Misty's Poliwag,gym2,Pokémon,Basic,Water,Common,50.0,1,1,0,0,,2,20,1,2,10.0,0,0,0,0,0,0,0,0,1,0,0,0,"Flip a coin. If tails, you can't use this attack during your next turn. Choose 1 of the Defending Pokémon's attacks. That Pokémon can't use that attack during your opponent's next turn. "
gym2-90,Misty's Psyduck,gym2,Pokémon,Basic,Water,Common,60.0,1,1,0,0,,1,0,1,1,0.0,0,0,1,0,0,0,0,0,0,0,0,0,"Flip 3 coins. If exactly 1 is heads, draw a card. If exactly 2 are heads, this attack does 20 damage. If all 3 are heads, choose 1 of the Defending Pokémon's attacks. Misty's Psyduck copies that attack except for its Energy costs. (No matter what type the Defending Pokémon is, Misty's Psyduck's type is still Water.) "
gym2-91,Misty's Seel,gym2,Pokémon,Basic,Water,Common,50.0,1,1,0,0,,2,10,1,2,7.5,0,0,0,0,0,0,0,0,0,0,0,0,"The Defending Pokémon can't retreat during your opponent's next turn. If the Defending Pokémon tries to attack during your opponent's next turn, your opponent flips a coin. If tails, that attack does nothing. "
gym2-92,Misty's Staryu,gym2,Pokémon,Basic,Water,Common,40.0,1,1,0,0,,1,20,1,1,20.0,0,0,0,0,0,0,0,0,1,0,0,0,"Flip a coin. If heads, return Misty's Staryu and all cards attached to it to your hand. (Either way, this attack does its damage.) "
gym2-93,Sabrina's Abra,gym2,Pokémon,Basic,Psychic,Common,40.0,0,1,0,0,,2,40,1,2,15.0,0,0,0,0,0,0,0,0,0,0,0,0, This attack can't be used unless Sabrina's Abra and the Defending Pokémon have the same number of Energy cards attached to them. 
gym2-94,Sabrina's Abra,gym2,Pokémon,Basic,Psychic,Common,50.0,1,1,0,0,,2,10,1,1,5.0,0,0,0,0,0,0,0,0,1,0,0,0,"Look at your opponent's hand. Flip a coin. If heads, this attack does 10 damage plus 20 more damage; if tails, this attack does 10 damage. "
gym2-95,Sabrina's Drowzee,gym2,Pokémon,Basic,Psychic,Common,50.0,1,1,0,0,,2,20,1,2,5.0,0,0,0,1,0,0,0,0,0,0,0,0,"Search your deck for a Psychic Energy card. Show that card to your opponent, then put it into your hand. Shuffle your deck afterward. Don't apply Weakness and Resistance for this attack. (Any other effects that would happen after applying Weakness and Resistance still happen.) "
gym2-96,Sabrina's Gastly,gym2,Pokémon,Basic,Psychic,Common,30.0,0,1,0,0,,2,30,1,2,12.5,0,0,0,0,0,1,0,1,1,0,0,0,"Flip a coin. If heads, the Defending Pokémon is now Paralyzed. Return Sabrina's Gastly and all Energy cards attached to it to your hand. (Discard all other cards attached to Sabrina's Gastly.) "
gym2-97,Sabrina's Gastly,gym2,Pokémon,Basic,Psychic,Common,40.0,1,1,0,0,,1,30,2,2,15.0,1,1,0,0,0,1,0,0,0,0,0,0," Sabrina's Gastly gets +10 HP for each Psychic Energy card attached to it. This power works even if Sabrina's Gastly is Asleep, Confused, or Paralyzed. Gaseous Form"
gym2-98,Sabrina's Porygon,gym2,Pokémon,Basic,Colorless,Common,40.0,1,1,0,0,,2,20,1,2,10.0,0,0,0,0,0,0,0,0,0,0,0,1, All damage done by attacks to Sabrina's Porygon during your opponent's next turn is reduced by 10 (after applying Weakness and Resistance). 
gym2-99,Sabrina's Psyduck,gym2,Pokémon,Basic,Water,Common,50.0,1,1,0,0,,2,20,1,1,15.0,0,0,0,0,0,1,0,0,1,0,0,0," Flip a coin. If heads, the Defending Pokémon is now Confused. If tails, this attack does no damage and Sabrina's Psyduck is now Confused. "
gym2-100,Blaine,gym2,Trainer,,,Rare,,0,0,0,0,,0,0,0,0,0.0,0,0,0,0,0,0,0,0,0,0,0,0, 
gym2-101,Brock's Protection,gym2,Trainer,,,Rare,,0,0,0,0,,0,0,0,0,0.0,0,0,0,0,0,0,0,0,0,0,0,0, 
gym2-102,Chaos Gym,gym2,Trainer,Stadium,,Rare,,0,0,0,0,,0,0,0,0,0.0,0,0,0,0,0,0,0,0,0,0,0,0, 
gym2-103,Erika's Kindness,gym2,Trainer,,,Rare,,0,0,0,0,,0,0,0,0,0.0,0,0,0,0,0,0,0,0,0,0,0,0, 
gym2-104,Giovanni,gym2,Trainer,,,Rare,,0,0,0,0,,0,0,0,0,0.0,0,0,0,0,0,0,0,0,0,0,0,0, 
gym2-105,Giovanni's Last Resort,gym2,Trainer,,,Rare,,0,0,0,0,,0,0,0,0,0.0,0,0,0,0,0,0,0,0,0,0,0,0, 
gym2-106,Koga,gym2,Trainer,,,Rare,,0,0,0,0,,0,0,0,0,0.0,0,0,0,0,0,0,0,0,0,0,0,0, 
gym2-107,Lt. Surge's Secret Plan,gym2,Trainer,,,Rare,,0,0,0,0,,0,0,0,0,0.0,0,0,0,0,0,0,0,0,0,0,0,0, 
gym2-108,Misty's Wish,gym2,Trainer,,,Rare,,0,0,0,0,,0,0,0,0,0.0,0,0,0,0,0,0,0,0,0,0,0,0, 
gym2-109,Resistance Gym,gym2,Trainer,Stadium,,Rare,,0,0,0,0,,0,0,0,0,0.0,0,0,0,0,0,0,0,0,0,0,0,0, 
gym2-110,Sabrina,gym2,Trainer,,,Rare,,0,0,0,0,,0,0,0,0,0.0,0,0,0,0,0,0,0,0,0,0,0,0, 
gym2-111,Blaine's Quiz #2,gym2,Trainer,,,Uncommon,,0,0,0,0,,0,0,0,0,0.0,0,0,0,0,0,0,0,0,0,0,0,0, 
gym2-112,Blaine's Quiz #3,gym2,Trainer,,,Uncommon,,0,0,0,0,,0,0,0,0,0.0,0,0,0,0,0,0,0,0,0,0,0,0, 
gym2-113,Cinnabar City Gym,gym2,Trainer,Stadium,,Uncommon,,0,0,0,0,,0,0,0,0,0.0,0,0,0,0,0,0,0,0,0,0,0,0, 
gym2-114,Fuchsia City Gym,gym2,Trainer,Stadium,,Uncommon,,0,0,0,0,,0,0,0,0,0.0,0,0,0,0,0,0,0,0,0,0,0,0, 
gym2-115,Koga's Ninja Trick,gym2,Trainer,,,Uncommon,,0,0,0,0,,0,0,0,0,0.0,0,0,0,0,0,0,0,0,0,0,0,0, 
gym2-116,Master Ball,gym2,Trainer,,,Uncommon,,0,0,0,0,,0,0,0,0,0.0,0,0,0,0,0,0,0,0,0,0,0,0, 
gym2-117,Max Revive,gym2,Trainer,,,Uncommon,,0,0,0,0,,0,0,0,0,0.0,0,0,0,0,0,0,0,0,0,0,0,0, 
gym2-118,Misty's Tears,gym2,Trainer,,,Uncommon,,0,0,0,0,,0,0,0,0,0.0,0,0,0,0,0,0,0,0,0,0,0,0, 
gym2-119,Rocket's Minefield Gym,gym2,Trainer,Stadium,,Uncommon,,0,0,0,0,,0,0,0,0,0.0,0,0,0,0,0,0,0,0,0,0,0,0, 
gym2-120,Rocket's Secret Experiment,gym2,Trainer,,,Uncommon,,0,0,0,0,,0,0,0,0,0.0,0,0,0,0,0,0,0,0,0,0,0,0, 
gym2-121,Sabrina's Psychic Control,gym2,Trainer,,,Uncommon,,0,0,0,0,,0,0,0,0,0.0,0,0,0,0,0,0,0,0,0,0,0,0, 
gym2-122,Saffron City Gym,gym2,Trainer,Stadium,,Uncommon,,0,0,0,0,,0,0,0,0,0.0,0,0,0,0,0,0,0,0,0,0,0,0, 
gym2-123,Viridian City Gym,gym2,Trainer,Stadium,,Uncommon,,0,0,0,0,,0,0,0,0,0.0,0,0,0,0,0,0,0,0,0,0,0,0, 
gym2-124,Fervor,gym2,Trainer,,,Common,,0,0,0,0,,0,0,0,0,0.0,0,0,0,0,0,0,0,0,0,0,0,0, 
gym2-125,Transparent Walls,gym2,Trainer,,,Common,,0,0,0,0,,0,0,0,0,0.0,0,0,0,0,0,0,0,0,0,0,0,0, 
gym2-126,Warp Point,gym2,Trainer,,,Common,,0,0,0,0,,0,0,0,0,0.0,0,0,0,0,0,0,0,0,0,0,0,0, 
gym2-127,Fighting Energy,gym2,Energy,Basic,,,,0,1,0,0,,0,0,0,0,0.0,0,0,0,0,0,0,0,0,0,0,0,0, 
gym2-128,Fire Energy,gym2,Energy,Basic,,,,0,1,0,0,,0,0,0,0,0.0,0,0,0,0,0,0,0,0,0,0,0,0, 
gym2-129,Grass Energy,gym2,Energy,Basic,,,,0,1,0,0,,0,0,0,0,0.0,0,0,0,0,0,0,0,0,0,0,0,0, 
gym2-130,Lightning Energy,gym2,Energy,Basic,,,,0,1,0,0,,0,0,0,0,0.0,0,0,0,0,0,0,0,0,0,0,0,0, 
gym2-131,Psychic Energy,gym2,Energy,Basic,,,,0,1,0,0,,0,0,0,0,0.0,0,0,0,0,0,0,0,0,0,0,0,0, 
gym2-132,Water Energy,gym2,Energy,Basic,,,,0,1,0,0,,0,0,0,0,0.0,0,0,0,0,0,0,0,0,0,0,0,0, 
neo1-1,Ampharos,neo1,Pokémon,Stage 2,Lightning,Rare Holo,80.0,2,0,0,1,The tail's tip shines brightly and can be seen from far away. It acts as a beacon for lost people.,1,40,3,3,13.333333333333334,0,0,0,0,0,1,0,0,1,0,0,0,"Flip a coin. If heads, the Defending Pokémon is now Paralyzed and this attack does 10 damage to each of your opponent's Benched Pokémon. (Don't apply Weakness and Resistance for Benched Pokémon.) "
neo1-2,Azumarill,neo1,Pokémon,Stage 1,Water,Rare Holo,70.0,1,0,1,0,"By keeping still and listening intently, it can tell what is in even wild, fast-moving rivers.",2,30,2,3,10.0,0,0,0,0,0,1,0,0,1,0,0,0," Flip a coin. If heads, the Defending Pokémon is now Paralyzed and this attack does 10 damage to each of your opponent's Benched Pokémon. (Don't apply Weakness and Resistance for Benched Pokémon.) "
neo1-3,Bellossom,neo1,Pokémon,Stage 2,Grass,Rare Holo,70.0,2,0,0,1,"Plentiful in the tropics. When it dances, its petals rub together and make a pleasant ringing sound.",2,30,1,3,5.0,0,0,0,0,1,0,0,0,1,1,0,0,"Flip a coin. If heads, remove all damage counters from 1 of your Pokémon. Does 30 damage times the number of cards with Bellossom in their names that you have in play (including this one). "
neo1-4,Feraligatr,neo1,Pokémon,Stage 2,Water,Rare Holo,100.0,3,0,0,1,"When it bites with its massive and powerful jaws, it shakes its head and savagely tears its victim up.",1,50,4,4,12.5,1,1,0,0,0,0,0,1,1,1,0,0,"Flip a number of coins equal to the number of damage counters on Feraligatr. This attack does 50 damage plus 10 more damage for each heads. When you play Feraligatr from your hand, flip a coin. If heads, discard the top 5 cards from your opponent's deck. If tails, discard the top 5 cards from your deck. Berserk"
neo1-5,Feraligatr,neo1,Pokémon,Stage 2,Water,Rare Holo,120.0,3,0,0,1,"It is hard for it to support its own weight out of water, so it gets down on all fours. But it moves fast.",1,10,3,3,3.3333333333333335,1,1,0,0,0,1,0,1,0,0,0,0,"Does 10 damage plus 10 damage times the number of Water Energy cards in your discard pile. Then, shuffle all Water Energy cards from your discard pile into your deck. As often as you like during your turn (before your attack), you may discard a Water Energy card from your hand. This power can't be used if Feraligatr is Asleep, Confused, or Paralyzed. Downpour"
neo1-6,Heracross,neo1,Pokémon,Basic,Grass,Rare Holo,60.0,2,1,0,0,"This powerful Pokémon thrusts its prized horn under its enemies' bellies, then lifts and throws them.",1,60,3,3,20.0,1,1,0,0,0,1,0,0,1,0,0,0,"Flip a coin. If tails, this attack does nothing. If Heracross's remaining HP are 20 or less, you may make its Megahorn attack's base damage 120 instead of 60. This power can't be used if Heracross is Asleep, Confused, or Paralyzed. Final Blow"
neo1-7,Jumpluff,neo1,Pokémon,Stage 2,Grass,Rare Holo,70.0,0,0,0,1,"Once it catches the wind, it deftly controls its cotton-puff spores to float, even around the world.",2,20,1,1,20.0,0,0,0,0,1,1,0,0,0,1,0,0,"The Defending Pokémon is now Asleep. If this attack damages the Defending Pokémon (after applying Weakness and Resistance), remove 1 damage counter from Jumpluff, if it has any. "
neo1-8,Kingdra,neo1,Pokémon,Stage 2,Water,Rare Holo,90.0,2,0,0,1,It is said that it usually hides in underwater caves. It can create whirlpools by yawning.,2,50,3,4,11.25,0,0,0,0,0,0,0,0,1,0,1,1,"Flip a coin. If heads, during your opponent's next turn, prevent all effects of attacks, including damage, done to Kingdra. If this attack doesn't Knock Out the Defending Pokémon, and if there are any Pokémon on your opponent's Bench, choose 1 of them and switch it with the Defending Pokémon. "
neo1-9,Lugia,neo1,Pokémon,Basic,Colorless,Rare Holo,90.0,2,1,0,0,"It is said that it quietly spends its time deep at the bottom of the sea, because its powers are too strong.",1,90,3,3,30.0,0,0,0,0,0,0,0,1,0,0,0,0,"Discard a Fire Energy card, a Water Energy card, and a Lightning Energy card attached to Lugia in order to use this attack. "
neo1-10,Meganium,neo1,Pokémon,Stage 2,Grass,Rare Holo,100.0,3,0,0,1,Meganium's breath has the power to revive dead grass and plants. It can make them healthy again.,1,40,4,4,10.0,1,1,0,0,1,1,0,0,1,1,0,0,"Flip a coin. If heads, the Defending Pokémon is now Paralyzed. When you play Meganium from your hand, you may flip a coin. If heads, remove all damage counters from all Grass Pokémon in play. Herbal Scent"
neo1-11,Meganium,neo1,Pokémon,Stage 2,Grass,Rare Holo,100.0,3,0,0,1,The aroma that rises from its petals contains a substance that calms aggressive feelings.,1,40,4,4,10.0,1,1,0,0,0,1,0,0,0,0,0,0,"The Defending Pokémon is now Asleep. As long as Meganium is in play each Grass Energy card attached to your Grass Pokémon instead provides GrassGrass. This power stops working while Meganium is Asleep, Confused, or Paralyzed. Wild Growth"
neo1-12,Pichu,neo1,Pokémon,Baby,Lightning,Rare Holo,30.0,0,0,0,0,"Despite its small size, it can zap even adult humans. However, if it does so, it also surprises itself.",1,0,1,1,0.0,0,0,0,0,0,0,0,0,0,0,0,0,Does 20 damage to each Pokémon in play that has a Pokémon Power. Don't apply Weakness and Resistance. 
neo1-13,Skarmory,neo1,Pokémon,Basic,Metal,Rare Holo,60.0,2,1,0,0,"Its sturdy wings look heavy, but they are actually hollow and light, allowing it to fly freely in the sky.",2,30,1,3,15.0,0,0,0,0,0,0,0,0,1,0,0,1,"Flip a coin. If tails, this attack does nothing. Flip a coin. If heads, all damage done by attacks to Skarmory during your opponent's next turn is reduced by 20 (after applying Weakness and Resistance). "
neo1-14,Slowking,neo1,Pokémon,Stage 1,Psychic,Rare Holo,80.0,3,0,1,0,"When its head was bitten, toxins entered Slowpoke's head and unlocked an extraordinary power.",1,20,3,3,6.666666666666667,1,1,0,0,0,1,0,0,1,0,0,0,"Flip a coin. If heads, this attack does 20 damage plus 10 more damage and the Defending Pokémon is now Confused. If tails, this attack does 20 damage. Whenever your opponent plays a Trainer card, you may flip a coin. If heads, that card does nothing. Put it on top of your opponent's deck. This power can't be used if Slowking is Asleep, Confused, or Paralyzed. Mind Games"
neo1-15,Steelix,neo1,Pokémon,Stage 1,Metal,Rare Holo,110.0,4,0,1,0,"Its body has been compressed deep under the ground. As a result, it is even harder than a diamond.",2,30,2,3,10.0,0,0,0,0,0,0,0,0,1,0,0,0," Flip a coin. If heads, this attack does 30 damage plus 20 more damage; if tails, this attack does 30 damage. "
neo1-16,Togetic,neo1,Pokémon,Stage 1,Colorless,Rare Holo,60.0,0,0,1,0,"They say that it will appear before kindhearted, caring people and shower them with happiness.",2,30,1,3,5.0,0,0,0,0,0,0,0,0,1,0,0,1,"Flip a coin. If heads, choose an attack on 1 of your opponent's Pokémon. Super Metronome copies that attack except for its Energy cost. (You must still do anything else in order to use that attack.) (No matter what type the Defending Pokémon is, Togetic's type is still Colorless.) Togetic performs that attack. (Togetic can make that attack even if it does not have the appropriate number or type of Energy attached to it necessary to make the attack.) Flip a coin. If heads, during your opponent's next turn, prevent all effects of attacks, including damage, done to Togetic; if tails, this attack does nothing (not even damage). "
neo1-17,Typhlosion,neo1,Pokémon,Stage 2,Fire,Rare Holo,100.0,2,0,0,1,"If its rage peaks, it becomes so hot that anything that touches it will instantly go up in flames.",1,60,4,4,15.0,1,1,0,0,0,1,1,1,1,0,0,0,"Flip a coin. If heads, this attack does 60 damage plus 20 more damage and does 20 damage to Typhlosion. If tails, this attack does 60 damage. Once during your turn (before your attack), you may flip a coin. If heads, attach a Fire Energy card from your discard pile to 1 of your Fire Pokémon. This power can't be used if Typhlosion is Asleep, Confused, or Paralyzed. Fire Recharge"
neo1-18,Typhlosion,neo1,Pokémon,Stage 2,Fire,Rare Holo,100.0,2,0,0,1,"It has a secret, devastating move. It rubs its blazing fur together to cause huge explosions.",1,80,4,4,20.0,1,1,0,1,0,0,0,1,1,0,0,0,"Discard 3 Fire Energy cards attached to Typhlosion in order to use this attack. Do 20 damage to each Benched Pokémon (yours and your opponent's). (Don't apply Weakness and Resistance for Benched Pokémon.) When you play Typhlosion from your hand, you may flip a coin. If heads, search your deck for up to 4 Fire Energy cards and attach them to Typhlosion. Shuffle your deck afterward. Fire Boost"
neo1-19,Metal Energy,neo1,Energy,Special,,Rare Holo,,0,0,0,0,,0,0,0,0,0.0,0,0,0,0,0,0,0,0,0,0,0,0, 
neo1-20,Cleffa,neo1,Pokémon,Baby,Colorless,Rare,30.0,0,0,0,0,"Because of its unusual, star-like silhouette, people believe that it came here on a meteor.",1,0,1,1,0.0,0,0,1,0,0,0,0,0,0,0,0,0,"Shuffle your hand into your deck, then draw 7 cards. "
neo1-21,Donphan,neo1,Pokémon,Stage 1,Fighting,Rare,70.0,3,0,1,0,"It has sharp, hard tusks and a rugged hide. Its tackle is strong enough to knock down a house.",2,50,1,3,13.333333333333334,0,0,0,0,0,0,0,0,0,1,1,0,"Does 10 damage times the number of damage counters on Donphan. If your opponent has any Benched Pokémon, he or she chooses 1 of them and switches it with his or her Active Pokémon, then, if you have any Benched Pokémon, you switch 1 of them with your Active Pokémon. (Do the damage before switching the Pokémon.) "
neo1-22,Elekid,neo1,Pokémon,Baby,Lightning,Rare,30.0,0,0,0,0,"It rotates its arms to generate electricity, but it tires easily, so it charges up only a little bit.",0,0,0,0,0.0,1,1,0,0,0,1,0,0,1,0,0,0," Once during your turn (before your attack), you may flip a coin. If heads, do 20 damage to your opponent's Active Pokémon. (Apply Weakness and Resistance.) Either way, this ends your turn. This power can't be used if Elekid is Asleep, Confused, or Paralyzed. Playful Punch"
neo1-23,Magby,neo1,Pokémon,Baby,Fire,Rare,30.0,0,0,0,0,"Each and every time it inhales and exhales, hot embers dribble out of its mouth and nostrils.",1,10,1,1,10.0,0,0,0,0,0,0,0,0,0,0,0,0,All Pokémon Powers stop working until the end of your next turn. 
neo1-24,Murkrow,neo1,Pokémon,Basic,Darkness,Rare,50.0,0,1,0,0,"It is said that when chased, it lures its attacker onto dark mountain trails where the foe will get lost.",2,0,1,2,0.0,0,0,0,0,0,0,0,0,0,0,0,0,"The Defending Pokémon can't retreat as long as Murkrow remains your Active Pokémon. (Benching or evolving either Pokémon ends this effect.) Choose 1 of your opponent's Pokémon. This attack does 20 damage to that Pokémon. This attack's damage isn't affected by Weakness, Resistance, Pokémon Powers, or any other effects on the Defending Pokémon. "
neo1-25,Sneasel,neo1,Pokémon,Basic,Darkness,Rare,60.0,0,1,0,0,"Its paws conceal sharp claws. If attacked, it suddenly extends the claws and startles its enemy.",2,20,1,2,10.0,0,0,0,0,0,0,0,0,1,0,0,0,Flip 3 coins. This attack does 10 damage times the number of heads. Flip a coin for each of your Pokémon in play (including this one). This attack does 20 damage times the number of heads. 
neo1-26,Aipom,neo1,Pokémon,Basic,Colorless,Uncommon,40.0,0,1,0,0,Its tail is so powerful that it can use it to grab a tree branch and hold itself up in the air.,2,10,1,1,5.0,0,0,0,0,0,0,0,1,1,0,0,0,"Shuffle Aipom and all cards attached to it into your deck. Flip a coin. If heads, shuffle a card from your discard pile into your deck. Flip 2 coins. This attack does 10 damage times the number of heads. "
neo1-27,Ariados,neo1,Pokémon,Stage 1,Grass,Uncommon,60.0,1,0,1,0,It spins string not only from its rear but also from its mouth. It's hard to tell which end is which.,2,20,1,3,3.3333333333333335,0,0,0,0,0,1,0,0,1,1,0,0,"Flip a coin. If heads, the Defending Pokémon can't retreat. (Benching or evolving that Pokémon ends this effect.) If this attack damages the Defending Pokémon, the Defending Pokémon is now Poisoned and you remove a number of damage counters from Ariados equal to half that damage (rounded up to the nearest 10). If Ariados has fewer damage counters than that, remove all of them. "
neo1-28,Bayleef,neo1,Pokémon,Stage 1,Grass,Uncommon,70.0,2,0,1,0,A spicy aroma emanates from around its neck. The aroma acts as a stimulant to restore health.,2,30,2,3,10.0,0,0,0,0,0,1,0,0,1,0,0,0,"Flip a coin. If heads, the Defending Pokémon is now Poisoned. During your opponent's next turn, Bayleef can't become Asleep, Confused, Paralyzed, or Poisoned. (All other effects of attacks, Pokémon Powers and Trainer cards still happen.) "
neo1-29,Bayleef,neo1,Pokémon,Stage 1,Grass,Uncommon,80.0,2,0,1,0,"The scent of spices comes from around its neck. Somehow, sniffing it makes you want to fight.",2,40,1,3,6.666666666666667,0,0,0,0,1,0,0,0,1,1,0,0,"Flip a coin. If heads and if any of your Pokémon have any damage counters on them, then remove 2 damage counters from 1 of them (or 1 if it only has 1). If tails and if any of your opponent's Pokémon have any damage counters on them, choose 1 of them and remove 2 damage counters from it (or 1 if it only has 1). Flip 2 coins. This attack does 40 damage times the number of heads. "
neo1-30,Clefairy,neo1,Pokémon,Basic,Colorless,Uncommon,50.0,1,1,0,0,The moonlight that it stores in the wings on its back apparently gives it the ability to float in midair.,2,10,2,3,2.5,0,0,0,1,0,0,0,0,0,0,0,0,"Flip 2 coins. This attack does 10 damage times the number of heads. Flip a number of coins equal to the total number of Pokémon in play. For each heads, you may search your deck for a basic Energy card, show it to your opponent, and put it into your hand. Shuffle your deck afterward. "
neo1-31,Croconaw,neo1,Pokémon,Stage 1,Water,Uncommon,70.0,2,0,1,0,"If it loses a fang, a new one grows back in its place. There are always 48 fangs lining its mouth.",2,30,1,3,5.0,0,0,0,0,0,0,0,0,0,0,0,0,"Until the end of your next turn, if an attack damages the Defending Pokémon (after applying Weakness and Resistance), that attack does 20 more damage to the Defending Pokémon Until the end of your opponent's next turn, as long as Croconaw is your Active Pokémon, the Defending Pokémon can't retreat, and if the effect of an attack, Pokémon Power, or Trainer card would change that player's Active Pokémon, that part of the effect does nothing. "
neo1-32,Croconaw,neo1,Pokémon,Stage 1,Water,Uncommon,80.0,2,0,1,0,"It opens its huge jaws wide when attacking. If it loses any fangs while biting, they grow back in.",2,50,2,3,13.333333333333334,0,0,0,0,0,0,0,1,0,0,0,0, Discard the top 3 cards from your deck. 
neo1-33,Electabuzz,neo1,Pokémon,Basic,Lightning,Uncommon,70.0,1,1,0,0,"Electricity runs across the surface of its body. In darkness, its entire body glows a whitish-blue.",2,30,2,3,10.0,0,0,0,0,0,0,0,0,0,0,0,0," This attack's damage isn't affected by Weakness, Resistance, Pokémon Powers, or any other effects on the Defending Pokémon. "
neo1-34,Flaaffy,neo1,Pokémon,Stage 1,Lightning,Uncommon,60.0,1,0,1,0,"As a result of storing too much electricity, it developed patches where even downy wool won't grow.",2,30,1,2,20.0,0,0,0,0,0,0,0,1,0,0,0,0,"Discard all Lightning Energy cards attached to Flaaffy in order to use this attack. Flip a number of coins equal to the number of Lightning Energy cards you discarded. This attack does 30 damage times then number of heads. Take 1 Lightning Energy cards attached to Flaaffy and attach it to 1 of your Benched Pokémon. If you have no Benched Pokémon, discard that Energy card. "
neo1-35,Furret,neo1,Pokémon,Stage 1,Colorless,Uncommon,60.0,1,0,1,0,It makes a nest to suit its long and skinny body. The nest is impossible for other Pokémon to enter.,2,30,2,3,10.0,0,0,0,0,0,0,0,0,1,0,0,0,"Flip a coin. If heads, this attack does 20 damage plus 10 more damage; if tails, this attack does 20 damage. Flip 2 coins. This attack does 30 damage times the number of heads. "
neo1-36,Gloom,neo1,Pokémon,Stage 1,Grass,Uncommon,60.0,1,0,1,0,What appears to be drool is actually sweet honey. It is very sticky and clings stubbornly if touched.,2,20,2,3,8.333333333333334,0,0,0,0,0,1,0,0,1,0,0,0,"Flip a coin. If heads, the Defending Pokémon is now Confused. If tails, the Defending Pokémon is now Asleep. Flip a coin. If heads, this attack does 20 damage plus 10 more damage and, until the end of your next turn, as long as Gloom is your Active Pokémon, the Defending Pokémon can't retreat, and if the effect of an attack, Pokémon Power, or Trainer card would change that player's Active Pokémon, that part of the effect does nothing. If tails, this attack does 20 damage. "
neo1-37,Granbull,neo1,Pokémon,Stage 1,Colorless,Uncommon,70.0,2,0,1,0,"It is actually timid and easily spooked. If attacked, it flails about to fend off its attacker.",2,20,2,3,6.666666666666667,0,0,0,0,0,0,0,0,0,1,0,0," This attack does 10 damage plus 10 more damage for each damage counter on Granbull. Then, Granbull does 20 damage to itself. "
neo1-38,Lanturn,neo1,Pokémon,Stage 1,Lightning,Uncommon,70.0,2,0,1,0,The light it emits is so bright that it can illuminate the sea's surface from a depth of over three miles.,1,20,2,2,10.0,1,1,0,0,0,1,0,0,1,0,0,0,"Flip a coin. If heads, the Defending Pokémon is now Paralyzed. You may make Floodlight do 10 more damage for each Water Energy attached to Lanturn, but not used to pay for Floodlight's Energy cost. This power can't be used if Lanturn is Asleep, Confused, or Paralyzed. Hydroelectric Power"
neo1-39,Ledian,neo1,Pokémon,Stage 1,Grass,Uncommon,60.0,0,0,1,0,"When the stars flicker in the night sky, Ledian flutters about, scattering a glowing powder.",1,30,2,2,15.0,0,0,0,0,0,0,0,0,0,0,1,0,"If you have any Grass Pokémon on your Bench, remove all Grass Energy cards from Ledian and attach them to 1 of those Pokémon, then switch Ledian with that Pokémon. "
neo1-40,Magmar,neo1,Pokémon,Basic,Fire,Uncommon,70.0,2,1,0,0,"It dislikes cold places, so it blows scorching flames to make the environment suitable for itself.",2,40,2,3,11.666666666666668,0,0,0,0,0,0,0,0,0,0,0,0,  
neo1-41,Miltank,neo1,Pokémon,Basic,Colorless,Uncommon,70.0,2,1,0,0,"Its milk is packed with nutrition, making it the ultimate beverage for the sick or weary.",2,20,1,3,3.3333333333333335,0,0,0,0,1,1,0,0,1,1,0,0,"Flip 2 coins. Remove 2 damage counters times the number of heads from Miltank. If it has fewer damage counters than that, remove all of them. Flip a coin. If heads, the Defending Pokémon is now Paralyzed. "
neo1-42,Noctowl,neo1,Pokémon,Stage 1,Colorless,Uncommon,60.0,0,0,1,0,Its eyes are specially adapted. They concentrate even faint light and enable it to see in the dark.,1,30,3,3,10.0,1,1,0,0,0,1,0,0,1,0,0,0," Once during your turn (before your attack), you may flip a coin. If heads, look at your opponent's hand. If your opponent has any Trainer cards there, choose 1 of them. Your opponent shuffles that card into his or her deck. This power can't be used if Noctowl is Asleep, Confused, or Paralyzed. Glaring Gaze"
neo1-43,Phanpy,neo1,Pokémon,Basic,Fighting,Uncommon,40.0,1,1,0,0,"It swings its long snout around playfully, but, because it is so strong, that can be dangerous.",2,10,1,1,5.0,0,0,0,0,0,0,0,0,1,0,0,0," Flip a coin. If heads, then if, during your opponent's next turn, Phanpy would be Knocked Out by an attack, Phanpy isn't Knocked Out and its remaining HP become 10 instead. "
neo1-44,Piloswine,neo1,Pokémon,Stage 1,Water,Uncommon,80.0,3,0,1,0,"Because the long hair all over its body obscures its sight, it just keeps charging repeatedly.",2,30,2,3,7.5,0,0,0,0,0,0,0,0,1,0,0,0,"Flip a coin. If heads, the Defending Pokémon can't attack. (Benching or evolving the Defending Pokémon ends this effect.) Flip a coin. If heads, this attack does 10 damage to each of your opponent's Benched Pokémon; if tails, this attack does 10 damage to each of your own Benched Pokémon. (Don't apply Weakness and Resistance for Benched Pokémon.) "
neo1-45,Quagsire,neo1,Pokémon,Stage 1,Water,Uncommon,70.0,2,0,1,0,"Due to its relaxed and carefree attitude, it often bumps its head on boulders and boat hulls as it swims.",2,60,2,4,15.0,0,0,0,0,0,0,0,0,0,0,0,0, Does 10 damage to each of your own Benched Pokémon. (Don't apply Weakness and Resistance for Benched Pokémon.) 
neo1-46,Quilava,neo1,Pokémon,Stage 1,Fire,Uncommon,60.0,1,0,1,0,This Pokémon is fully covered by nonflammable fur. It can withstand any kind of fire attack.,2,30,2,2,12.5,0,0,0,0,0,0,0,1,0,0,0,0,"Discard 1 Fire Energy card attached to Quilava in order to use this attack. If your opponent has any Benched Pokémon, choose 1 of them. Flip 2 coins. For each heads, this attack does 10 damage to that Pokémon. (Don't apply Weakness and Resistance.) "
neo1-47,Quilava,neo1,Pokémon,Stage 1,Fire,Uncommon,70.0,1,0,1,0,Be careful if it turns its back during battle. It means that it will attack with the fire on its back.,2,30,2,3,10.0,0,0,0,0,0,0,0,0,1,1,0,0,"If the Defending Pokémon tries to attack during your opponent's next turn, your opponent flips a coin. If tails, that attack does nothing. If the Defending Pokémon doesn't have a Char counter on it, flip a coin. If heads, put a Char counter on it. A Char counter requires your opponent to flip a coin after every turn. If tails, put 2 damage counters on the Pokémon with that Char counter. (Char counters stay on the Pokémon as long as it's in play.) "
neo1-48,Seadra,neo1,Pokémon,Stage 1,Water,Uncommon,70.0,1,0,1,0,An examination of its cells revealed the presence of a gene not found in Horsea. It became a hot topic.,2,30,1,2,12.5,0,0,0,0,0,1,0,0,1,0,0,0,"Flip a coin. If heads, the Defending Pokémon is now Paralyzed. If your opponent has any Benched Pokémon, choose 1 of them and flip a coin. If heads, this attack does 10 damage to that Pokémon. (Don't apply Weakness and Resistance for Benched Pokémon.) "
neo1-49,Skiploom,neo1,Pokémon,Stage 1,Grass,Uncommon,60.0,0,0,1,0,The bloom on top of its head opens and closes as the temperature fluctuates up and down.,2,10,1,1,10.0,0,0,0,0,0,1,0,0,1,0,0,0,"The Defending Pokémon is now Poisoned. Flip a coin. If heads, the Defending Pokémon is now Paralyzed. "
neo1-50,Sunflora,neo1,Pokémon,Stage 1,Grass,Uncommon,70.0,1,0,1,0,"It converts sunlight into energy. In the darkness after sunset, it closes its petals and becomes still.",1,30,3,3,10.0,0,0,0,0,0,1,0,0,0,0,0,0,Flip 3 coins. This attack does 30 damage times the number of heads. Sunflora is now Confused (after doing damage). 
neo1-51,Togepi,neo1,Pokémon,Basic,Colorless,Uncommon,40.0,1,1,0,0,A proverb claims that happiness will come to anyone who can make a sleeping Togepi stand up.,1,10,2,2,5.0,0,0,0,0,0,1,0,0,0,0,0,0,The Defending Pokémon is now Poisoned. 
neo1-52,Xatu,neo1,Pokémon,Stage 1,Psychic,Uncommon,80.0,1,0,1,0,They say that it stays still and quiet because it is seeing both the past and future at the same time.,2,30,1,3,5.0,0,0,0,1,0,1,0,0,1,0,0,0,"Look at the top 3 cards of either player's deck and rearrange them as you like. Flip a coin. If heads, the Defending Pokémon is now Confused. "
neo1-53,Chikorita,neo1,Pokémon,Basic,Grass,Common,40.0,1,1,0,0,A sweet aroma gently wafts from the leaf on its head. It is docile and loves to soak up the sun's rays.,2,10,1,1,5.0,0,0,0,0,0,0,0,0,0,0,0,0," During your opponent's next turn, whenever Chikorita takes damage, divide that damage in half (rounded down to the nearest 10). (Any other effects still happen.) "
neo1-54,Chikorita,neo1,Pokémon,Basic,Grass,Common,50.0,1,1,0,0,Its pleasantly aromatic leaf has the ability to check the humidity and temperature.,2,20,1,2,5.0,0,0,0,0,0,0,0,0,0,0,0,1,"If the Defending Pokémon attacks Chikorita during your opponent's next turn, any damage done to Chikorita is reduced by 10 (before applying Weakness and Resistance). (Benching or evolving either Pokémon ends this effect.)  "
neo1-55,Chinchou,neo1,Pokémon,Basic,Lightning,Common,50.0,1,1,0,0,It shoots positive and negative electricity between the tips of its two antennae and zaps its enemies.,2,10,1,1,5.0,0,0,0,0,0,1,0,0,1,1,0,0,"Flip a coin. If heads, the Defending Pokémon is now Confused. Does 10 damage times the number of damage counters on Chinchou. "
neo1-56,Cyndaquil,neo1,Pokémon,Basic,Fire,Common,40.0,1,1,0,0,"It usually stays hunched over. If it is angry or surprised, it shoots flames out of its back.",2,20,1,2,5.0,0,0,0,0,0,0,0,0,1,0,0,0,"Flip a coin. If heads, the Defending Pokémon can't attack Cyndaquil during your opponent's next turn. (Benching or evolving either Pokémon ends this effect.) This attack's damage isn't affected by Weakness, Resistance, Pokémon Powers, or any other effects on the Defending Pokémon. "
neo1-57,Cyndaquil,neo1,Pokémon,Basic,Fire,Common,50.0,1,1,0,0,"It is timid and always curls itself up in a ball. If attacked, it flares up its back for protection.",2,20,1,2,12.5,0,0,0,0,0,0,0,1,1,0,0,0,"Flip a coin. If tails, discard 1 Energy card attached to Cyndaquil. Flip a coin. If heads, this attack does 10 damage plus 20 more damage; if tails, this attack does 10 damage. "
neo1-58,Girafarig,neo1,Pokémon,Basic,Psychic,Common,60.0,1,1,0,0,"Its tail has a small brain of its own. Beware! If you get close, it may react to your scent and bite.",2,20,2,2,7.5,0,0,0,0,0,1,0,0,1,0,0,1,"Flip a coin. If heads, during your opponent's next turn, prevent all effects of attacks, including damage, done to Girafarig. Flip a coin. If heads, the Defending Pokémon is now Confused. "
neo1-59,Gligar,neo1,Pokémon,Basic,Fighting,Common,60.0,0,1,0,0,"It flies straight at its target's face, then clamps down on the startled victim to inject poison.",2,20,1,2,10.0,0,0,0,0,0,1,0,0,1,0,0,0,"Flip a coin. If heads, the Defending Pokémon is now Poisoned.  "
neo1-60,Hoothoot,neo1,Pokémon,Basic,Colorless,Common,50.0,1,1,0,0,It always stands on one foot. It changes feet so fast that the movement can rarely be seen.,2,20,1,2,5.0,0,0,0,0,0,1,0,0,0,0,0,0,The Defending Pokémon is now Asleep.  
neo1-61,Hoppip,neo1,Pokémon,Basic,Grass,Common,50.0,0,1,0,0,"To keep from being blown away by the wind, they gather in clusters. They do enjoy gentle breezes, though.",2,10,1,1,5.0,0,0,0,1,0,0,0,0,0,0,0,0, Search your deck for a Basic Pokémon named Hoppip and put it onto your Bench. Shuffle your deck afterward. (You can't use this attack if your Bench is full.) 
neo1-62,Horsea,neo1,Pokémon,Basic,Water,Common,50.0,0,1,0,0,"If attacked by a larger enemy, it quickly swims to safety by adeptly controlling its dorsal fin.",1,20,2,2,10.0,0,0,0,0,0,0,0,0,0,0,0,0,"If an attack damaged Horsea during your opponent's last turn, this attack does 20 damage plus 10 more damage. If not, this attack does 20 damage. "
neo1-63,Ledyba,neo1,Pokémon,Basic,Grass,Common,40.0,0,1,0,0,"It is very timid. It's afraid to move if alone, but it's active if in a group.",2,0,1,2,0.0,0,0,0,0,0,1,0,0,1,0,0,0,"Flip a coin. If heads, the Defending Pokémon is now Confused. Flip 4 coins. This attack does 10 damage times the number of heads. "
neo1-64,Mantine,neo1,Pokémon,Basic,Water,Common,60.0,1,1,0,0,"Swimming freely in open seas, it may fly out of the water and over the waves if it builds up enough speed.",1,20,2,2,10.0,0,0,0,0,0,0,0,0,1,0,0,1,"Flip a coin. If heads, during your opponent's next turn, prevent all effects of attacks, including damage, done to Mantine. "
neo1-65,Mareep,neo1,Pokémon,Basic,Lightning,Common,40.0,1,1,0,0,"If static electricity builds in its body, its fleece doubles in volume. Touching it will shock you.",2,20,1,2,5.0,0,0,0,1,0,1,0,0,1,0,0,0,"For each Mareep in play, you may search your deck for a Lightning Energy card and attach it to Mareep. Shuffle your deck afterward. Flip a coin. If heads, the Defending Pokémon is now Paralyzed. "
neo1-66,Marill,neo1,Pokémon,Basic,Water,Common,40.0,1,1,0,0,"The end of its tail serves as a buoy that keeps it from drowning, even in a vicious current.",2,30,1,2,7.5,0,0,0,0,0,1,0,0,1,0,0,1,"Flip a coin. If heads, prevent all damage done to Marill during your opponent's next turn. (Any other effects of attacks still happen.) Flip a coin. If heads, the Defending Pokémon is now Paralyzed. If tails, Marill does 10 damage to itself. "
neo1-67,Natu,neo1,Pokémon,Basic,Psychic,Common,30.0,0,1,0,0,"Because its wings aren't yet fully grown, it has to hop to get around. It is always staring at something.",2,10,1,2,5.0,0,0,0,0,0,0,0,0,0,0,0,0, Choose 1 of your opponent's Pokémon. This attack does 20 damage to that Pokémon. Don't apply Weakness and Resistance for this attack. (Any other effects that would happen after applying Weakness and Resistance still happen.) 
neo1-68,Oddish,neo1,Pokémon,Basic,Grass,Common,40.0,1,1,0,0,"Awakened by moonlight, it roams actively at night. In the day it stays quietly underground.",2,20,1,2,5.0,0,0,0,0,0,0,0,0,1,1,0,1,"Flip a coin. If heads, during your opponent's next turn, prevent all effects of attacks, including damage, done to Oddish. Remove a number of damage counters from Oddish equal to half the damage done to the Defending Pokémon (after applying Weakness and Resistance) (rounded up to the nearest 10). If Oddish has fewer damage counters than that, remove all of them. "
neo1-69,Onix,neo1,Pokémon,Basic,Fighting,Common,60.0,2,1,0,0,It twists and squirms through the ground. The thunderous roar of its tunneling echoes a long way.,2,10,1,2,2.5,0,0,0,0,0,0,0,0,0,1,0,0,"Until the end of your next turn, if an attack damages the Defending Pokémon (after applying Weakness and Resistance), that attack does 20 more damage to the Defending Pokémon. Does 10 damage plus 10 more damage for each damage counter on Onix. "
neo1-70,Pikachu,neo1,Pokémon,Basic,Lightning,Common,50.0,1,1,0,0,It raises its tail to check its surroundings. The tail is sometimes struck by lightning in this pose.,2,20,1,3,8.333333333333334,0,0,0,0,0,0,0,0,1,0,0,1,"Flip a coin. If heads, this attack does 10 damage plus 20 more damage; if tails, this attack does 10 damage. Flip a coin. If heads, during your opponent's next turn, prevent all effects of attacks, including damage, done to Pikachu. "
neo1-71,Sentret,neo1,Pokémon,Basic,Colorless,Common,40.0,1,1,0,0,"A very cautious Pokémon, it raises itself up using its tail to get a better view of its surroundings.",1,10,1,1,10.0,0,0,0,0,0,0,0,0,0,0,0,0,Flip 3 coins. This attack does 10 damage times the number of heads. 
neo1-72,Shuckle,neo1,Pokémon,Basic,Grass,Common,50.0,1,1,0,0,The Berries it stores in its vaselike shell decompose and become a gooey liquid.,2,20,1,2,5.0,0,0,0,0,0,1,0,0,1,0,0,1,"Flip a coin. If heads, prevent all damage done to Shuckle during your opponent's next turn. (Any other effects of attacks still happen.) Flip a coin. If heads, the Defending Pokémon is now Paralyzed. "
neo1-73,Slowpoke,neo1,Pokémon,Basic,Psychic,Common,50.0,1,1,0,0,"It lazes vacantly near water. If something bites its tail, it won't even notice for a whole day.",2,10,1,1,10.0,0,0,0,0,0,1,0,0,1,0,0,0,"Flip a coin. If heads, the Defending Pokémon is now Paralyzed. Does 10 damage plus 10 more damage for each Water Energy attached to Slowpoke but not used to pay for this attack's Energy cost. You can't add more than 20 damage in this way. "
neo1-74,Snubbull,neo1,Pokémon,Basic,Colorless,Common,50.0,1,1,0,0,"Although it looks frightening, it is actually kind and affectionate. It is very popular.",2,10,1,2,2.5,0,0,0,0,0,1,0,0,1,0,1,0,"Flip a coin. If heads and if your opponent has any Benched Pokémon, he of she chooses 1 of them and switches it with the Defending Pokémon. (Do the damage before switching the Pokémon.) Flip a coin. If heads, the Defending Pokémon is now Paralyzed. "
neo1-75,Spinarak,neo1,Pokémon,Basic,Grass,Common,40.0,1,1,0,0,"It lies still in the same pose for days in its web, waiting for its unsuspecting prey to wander close.",2,10,1,1,5.0,0,0,0,0,0,1,0,0,1,0,0,0,"Flip a coin. If heads, until the end of your opponent's next turn, the Defending Pokémon can't attack or retreat. Flip a coin. If heads, the Defending Pokémon is now Paralyzed. "
neo1-76,Stantler,neo1,Pokémon,Basic,Colorless,Common,60.0,2,1,0,0,The curved antlers subtly change the flow of air to create a strange space where reality is distorted.,2,20,2,3,8.333333333333334,0,0,0,0,0,1,0,0,1,0,0,0,"Flip a coin. If heads, this attack does 20 damage plus 10 more damage; if tails, this attack does 20 damage. Flip a coin. If heads, the Defending Pokémon is now Confused. "
neo1-77,Sudowoodo,neo1,Pokémon,Basic,Fighting,Common,60.0,3,1,0,0,"Although it always pretends to be a tree, its composition appears to be closer to a rock than a plant.",2,30,1,2,12.5,0,0,0,0,0,0,0,0,0,1,0,0,Does 10 damage times the number of damage counters on Sudowoodo.  
neo1-78,Sunkern,neo1,Pokémon,Basic,Grass,Common,40.0,2,1,0,0,"It may drop out of the sky suddenly. If attacked by a Spearow, it violently shakes its leaves.",2,30,1,3,5.0,0,0,0,0,0,0,0,0,1,1,0,0,"Flip a coin. If heads, you may attach up to 2 Grass Energy cards from your hand to Sunkern. Remove a number of damage counters from Sunkern equal to half the damage done to the Defending Pokémon (after applying Weakness and Resistance) (rounded up to the nearest 10). If Sunkern has fewer damage counters than that, remove all of them. "
neo1-79,Swinub,neo1,Pokémon,Basic,Water,Common,40.0,1,1,0,0,It rubs its snout on the ground to find and dig up food. It sometimes discovers hot springs.,1,10,1,1,10.0,0,0,0,0,0,1,0,0,0,0,0,0,The Defending Pokémon is now Asleep. 
neo1-80,Totodile,neo1,Pokémon,Basic,Water,Common,40.0,1,1,0,0,It is small but rough and tough. It won't hesitate to take a bite out of anything that moves.,2,10,1,2,7.5,0,0,0,0,0,0,0,0,0,1,0,0, Does 10 damage plus 10 more damage for each damage counter on Totodile. 
neo1-81,Totodile,neo1,Pokémon,Basic,Water,Common,50.0,1,1,0,0,Its well-developed jaws are powerful and capable of crushing anything. Even its trainer must be careful.,2,10,1,1,5.0,0,0,0,0,0,0,0,0,1,0,0,0,"Flip a coin. If heads, the Defending Pokémon can't attack Totodile during your opponent's next turn. (Benching or evolving either Pokémon ends this effect.) Flip 3 coins. This attack does 10 damage times the number of heads. "
neo1-82,Wooper,neo1,Pokémon,Basic,Water,Common,50.0,1,1,0,0,This Pokémon lives in cold water. It leaves the water to search for food when it gets cold outside.,2,20,1,2,5.0,0,0,0,0,0,0,0,0,0,0,0,0,Choose 1 of the Defending Pokémon's attacks. That Pokémon can't use that attack during your opponent's next turn. Flip 2 coins. This attack does 20 damage times the number of heads. 
neo1-83,Arcade Game,neo1,Trainer,Goldenrod Game Corner,,Rare,,0,0,0,0,,0,0,0,0,0.0,0,0,0,0,0,0,0,0,0,0,0,0, 
neo1-84,Ecogym,neo1,Trainer,Stadium,,Rare,,0,0,0,0,,0,0,0,0,0.0,0,0,0,0,0,0,0,0,0,0,0,0, 
neo1-85,Energy Charge,neo1,Trainer,,,Rare,,0,0,0,0,,0,0,0,0,0.0,0,0,0,0,0,0,0,0,0,0,0,0, 
neo1-86,Focus Band,neo1,Trainer,Pokémon Tool,,Rare,,0,0,0,0,,0,0,0,0,0.0,0,0,0,0,0,0,0,0,0,0,0,0, 
neo1-87,Mary,neo1,Trainer,,,Rare,,0,0,0,0,,0,0,0,0,0.0,0,0,0,0,0,0,0,0,0,0,0,0, 
neo1-88,PokéGear,neo1,Trainer,,,Rare,,0,0,0,0,,0,0,0,0,0.0,0,0,0,0,0,0,0,0,0,0,0,0, 
neo1-89,Super Energy Retrieval,neo1,Trainer,,,Rare,,0,0,0,0,,0,0,0,0,0.0,0,0,0,0,0,0,0,0,0,0,0,0, 
neo1-90,Time Capsule,neo1,Trainer,,,Rare,,0,0,0,0,,0,0,0,0,0.0,0,0,0,0,0,0,0,0,0,0,0,0, 
neo1-91,Bill's Teleporter,neo1,Trainer,,,Uncommon,,0,0,0,0,,0,0,0,0,0.0,0,0,0,0,0,0,0,0,0,0,0,0, 
neo1-92,Card-Flip Game,neo1,Trainer,Goldenrod Game Corner,,Uncommon,,0,0,0,0,,0,0,0,0,0.0,0,0,0,0,0,0,0,0,0,0,0,0, 
neo1-93,Gold Berry,neo1,Trainer,Pokémon Tool,,Uncommon,,0,0,0,0,,0,0,0,0,0.0,0,0,0,0,0,0,0,0,0,0,0,0, 
neo1-94,Miracle Berry,neo1,Trainer,Pokémon Tool,,Uncommon,,0,0,0,0,,0,0,0,0,0.0,0,0,0,0,0,0,0,0,0,0,0,0, 
neo1-95,New Pokédex,neo1,Trainer,,,Uncommon,,0,0,0,0,,0,0,0,0,0.0,0,0,0,0,0,0,0,0,0,0,0,0, 
neo1-96,Professor Elm,neo1,Trainer,,,Uncommon,,0,0,0,0,,0,0,0,0,0.0,0,0,0,0,0,0,0,0,0,0,0,0, 
neo1-97,Sprout Tower,neo1,Trainer,Stadium,,Uncommon,,0,0,0,0,,0,0,0,0,0.0,0,0,0,0,0,0,0,0,0,0,0,0, 
neo1-98,Super Scoop Up,neo1,Trainer,,,Uncommon,,0,0,0,0,,0,0,0,0,0.0,0,0,0,0,0,0,0,0,0,0,0,0, 
neo1-99,Berry,neo1,Trainer,Pokémon Tool,,Common,,0,0,0,0,,0,0,0,0,0.0,0,0,0,0,0,0,0,0,0,0,0,0, 
neo1-100,Double Gust,neo1,Trainer,,,Common,,0,0,0,0,,0,0,0,0,0.0,0,0,0,0,0,0,0,0,0,0,0,0, 
neo1-101,Moo-Moo Milk,neo1,Trainer,,,Common,,0,0,0,0,,0,0,0,0,0.0,0,0,0,0,0,0,0,0,0,0,0,0, 
neo1-102,Pokémon March,neo1,Trainer,,,Common,,0,0,0,0,,0,0,0,0,0.0,0,0,0,0,0,0,0,0,0,0,0,0, 
neo1-103,Super Rod,neo1,Trainer,,,Common,,0,0,0,0,,0,0,0,0,0.0,0,0,0,0,0,0,0,0,0,0,0,0, 
neo1-104,Darkness Energy,neo1,Energy,Special,,Rare,,0,0,0,0,,0,0,0,0,0.0,0,0,0,0,0,0,0,0,0,0,0,0, 
neo1-105,Recycle Energy,neo1,Energy,Special,,Rare,,0,0,0,0,,0,0,0,0,0.0,0,0,0,0,0,0,0,0,0,0,0,0, 
neo1-106,Fighting Energy,neo1,Energy,Basic,,,,0,1,0,0,,0,0,0,0,0.0,0,0,0,0,0,0,0,0,0,0,0,0, 
neo1-107,Fire Energy,neo1,Energy,Basic,,,,0,1,0,0,,0,0,0,0,0.0,0,0,0,0,0,0,0,0,0,0,0,0, 
neo1-108,Grass Energy,neo1,Energy,Basic,,,,0,1,0,0,,0,0,0,0,0.0,0,0,0,0,0,0,0,0,0,0,0,0, 
neo1-109,Lightning Energy,neo1,Energy,Basic,,,,0,1,0,0,,0,0,0,0,0.0,0,0,0,0,0,0,0,0,0,0,0,0, 
neo1-110,Psychic Energy,neo1,Energy,Basic,,,,0,1,0,0,,0,0,0,0,0.0,0,0,0,0,0,0,0,0,0,0,0,0, 
neo1-111,Water Energy,neo1,Energy,Basic,,,,0,1,0,0,,0,0,0,0,0.0,0,0,0,0,0,0,0,0,0,0,0,0, 
